PO Number,PO Item,Latest Valid GR,Latest Valid GR Posting Date,GR Amt,Invoice Amt,Down Payment Amt,Down Payment Clearing
4500000001,10,,,17215.04,17039.82,0.0,0.0
4500000002,10,,,84630.62,84630.61,0.0,0.0
4500000003,10,,,142746.9,142746.9,0.0,0.0
4500000004,10,,,78885.4,78885.4,0.0,0.0
4500000004,20,,,70725.66,70725.66,0.0,0.0
4500000004,30,,,70725.66,70725.66,0.0,0.0
4500000004,40,,,67858.41,67858.41,0.0,0.0
4500000005,10,,,71362.83,71362.83,0.0,0.0
4500000005,20,,,47150.44,47150.44,0.0,0.0
4500000005,30,,,45752.21,45752.21,0.0,0.0
4500000006,10,,,42336.28,42336.28,0.0,0.0
4500000007,10,,,37734.51,37734.52,0.0,0.0
4500000008,10,,,37734.51,37274.33,0.0,0.0
4500000009,10,,,134776.99,134776.99,0.0,0.0
4500000009,20,,,30800.0,30800.0,0.0,0.0
4500000010,10,,,26400.0,26400.0,0.0,0.0
4500000010,20,,,192184.07,192184.07,0.0,0.0
4500000011,10,,,119801.77,119801.77,0.0,0.0
4500000011,20,,,26400.0,26400.0,0.0,0.0
4500000011,30,,,164729.2,164729.2,0.0,0.0
4500000011,40,,,395352.21,395352.21,0.0,0.0
4500000012,10,,,411823.01,411823.01,0.0,0.0
4500000013,10,,,155309.73,155309.73,0.0,0.0
4500000013,20,,,87212.39,87212.39,0.0,0.0
4500000014,10,,,27530.97,27530.96,0.0,0.0
4500000015,10,,,20796.46,20796.46,0.0,0.0
4500000015,20,,,12477.88,12477.88,0.0,0.0
4500000016,10,,,30810.19,32350.44,0.0,0.0
4500000016,20,,,7774.91,8163.72,0.0,0.0
4500000016,30,,,54747.35,58738.94,0.0,0.0
4500000016,40,,,16434.87,17256.64,0.0,0.0
4500000016,50,,,7681.42,8065.49,0.0,0.0
4500000016,60,,,109987.17,115486.73,0.0,0.0
4500000016,70,,,96923.63,101769.91,0.0,0.0
4500000016,80,,,57943.58,60840.71,0.0,0.0
4500000016,90,,,3469.03,3469.03,0.0,0.0
4500000016,100,,,637.17,637.17,0.0,0.0
4500000016,110,,,2973.45,2973.45,0.0,0.0
4500000016,120,,,25274.34,25274.34,0.0,0.0
4500000017,10,,,24564.88,25792.92,0.0,0.0
4500000017,20,,,23324.73,24487.19,0.0,0.0
4500000017,30,,,58397.17,62654.87,0.0,0.0
4500000017,40,,,69026.55,69026.55,0.0,0.0
4500000017,50,,,38761.06,38761.06,0.0,0.0
4500000017,60,,,16434.87,17260.6,0.0,0.0
4500000017,70,,,10973.45,11522.12,0.0,0.0
4500000017,80,,,80657.26,84690.27,0.0,0.0
4500000017,90,,,58996.99,61946.9,0.0,0.0
4500000017,100,,,50990.35,53539.82,0.0,0.0
4500000017,110,,,2902.65,2902.65,0.0,0.0
4500000017,120,,,6371.68,6371.68,0.0,0.0
4500000017,130,,,707.96,707.96,0.0,0.0
4500000017,140,,,23469.04,23469.04,0.0,0.0
4500000018,10,,,477.88,477.88,0.0,0.0
4500000019,10,,,1380.53,1380.52,0.0,0.0
4500000019,20,,,1380.53,1380.53,0.0,0.0
4500000020,10,,,1247.79,1247.79,0.0,0.0
4500000020,20,,,1247.79,1247.79,0.0,0.0
4500000020,30,,,1380.53,1380.53,0.0,0.0
4500000020,40,,,1380.53,1380.53,0.0,0.0
4500000020,50,,,1380.53,1247.79,0.0,0.0
4500000020,60,,,1380.53,1380.53,0.0,0.0
4500000021,10,,,20796.46,20796.46,0.0,0.0
4500000021,20,,,25486.73,25486.73,0.0,0.0
4500000022,10,,,955.75,955.75,0.0,0.0
4500000023,10,,,105000.0,105000.0,0.0,0.0
4500000024,10,,,35221.24,35221.25,0.0,0.0
4500000024,20,,,12831.86,12831.86,0.0,0.0
4500000025,10,,,3050.44,3050.44,0.0,0.0
4500000025,20,,,45756.64,45756.64,0.0,0.0
4500000026,10,,,29203.54,29203.56,0.0,0.0
4500000027,10,,,42345.13,42345.13,0.0,0.0
4500000028,10,,,1380.53,1380.54,0.0,0.0
4500000028,20,,,1247.79,1247.79,0.0,0.0
4500000028,30,,,1247.79,1247.79,0.0,0.0
4500000028,40,,,1380.53,1380.53,0.0,0.0
4500000028,50,,,1380.53,1380.53,0.0,0.0
4500000028,60,,,1380.53,1380.53,0.0,0.0
4500000028,70,,,1380.53,1380.53,0.0,0.0
4500000028,80,,,1380.53,1380.53,0.0,0.0
4500000028,90,,,1380.53,1380.53,0.0,0.0
4500000029,10,,,0.0,0.0,0.0,0.0
4500000030,10,,,191150.44,191150.42,0.0,0.0
4500000030,20,,,145809.03,145809.03,0.0,0.0
4500000031,10,,,3096.64,3097.35,0.0,0.0
4500000031,20,,,2254.87,2254.87,0.0,0.0
4500000031,30,,,2814.16,2814.16,0.0,0.0
4500000033,10,,,11784.96,11784.96,0.0,0.0
4500000034,10,,,3096.64,3096.64,0.0,0.0
4500000034,20,,,2254.88,2254.86,0.0,0.0
4500000034,30,,,2814.16,2788.61,0.0,0.0
4500000035,10,,,31040.71,31040.71,0.0,0.0
4500000036,10,,,2548.67,2548.67,0.0,0.0
4500000037,10,,,156294.27,156294.26,0.0,0.0
4500000038,10,,,2265.49,2265.49,0.0,0.0
4500000039,10,,,24690.27,24690.27,0.0,0.0
4500000040,10,,,42323.89,42323.89,0.0,0.0
4500000040,20,,,146411.47,146411.47,0.0,0.0
4500000041,10,,,1876.11,1876.11,0.0,0.0
4500000041,20,,,1560.18,1560.18,0.0,0.0
4500000041,30,,,4675.22,4675.22,0.0,0.0
4500000041,40,,,3141.59,3141.59,0.0,0.0
4500000041,50,,,37530.97,37530.97,0.0,0.0
4500000042,10,,,7765.49,7566.37,0.0,0.0
4500000043,10,,,126106.19,126106.19,0.0,0.0
4500000044,10,,,6637.17,6637.17,0.0,0.0
4500000044,20,,,6637.17,6637.17,0.0,0.0
4500000045,10,,,3362.83,3362.83,0.0,0.0
4500000046,10,,,1460.18,1460.18,0.0,0.0
4500000046,20,,,12955.75,12955.74,0.0,0.0
4500000047,10,,,1271.36,1271.36,0.0,0.0
4500000048,10,,,1858.41,1858.89,0.0,0.0
4500000048,20,,,2787.61,2788.61,0.0,0.0
4500000049,10,,,14601.77,14601.77,0.0,0.0
4500000050,10,,,10619.47,10619.47,0.0,0.0
4500000051,10,,,35398.23,35398.23,0.0,0.0
4500000052,10,,,353.98,353.98,0.0,0.0
4500000053,10,,,73016.28,73016.28,0.0,0.0
4500000054,10,,,1453.54,1453.54,0.0,0.0
4500000054,20,,,159.29,159.29,0.0,0.0
4500000055,10,,,248864.5,248864.5,0.0,0.0
4500000056,10,,,3823.02,3823.02,0.0,0.0
4500000056,20,,,21069.03,21069.02,0.0,0.0
4500000056,30,,,1115.04,1115.04,0.0,0.0
4500000056,40,,,42138.05,42138.06,0.0,0.0
4500000057,10,,,49380.53,49380.53,0.0,0.0
4500000058,10,,,27876.11,27876.11,0.0,0.0
4500000059,10,,,151964.6,151964.59,0.0,0.0
4500000059,20,,,13372.57,13372.57,0.0,0.0
4500000060,10,,,280353.98,280353.99,0.0,0.0
4500000061,10,,,40524.78,40524.78,0.0,0.0
4500000061,20,,,72569.07,72569.07,0.0,0.0
4500000062,10,,,112920.36,112920.35,0.0,0.0
4500000062,20,,,13274.34,13274.34,0.0,0.0
4500000062,30,,,14601.77,14601.77,0.0,0.0
4500000062,40,,,82831.86,82831.86,0.0,0.0
4500000062,50,,,39823.01,39823.01,0.0,0.0
4500000062,60,,,24424.78,24424.78,0.0,0.0
4500000062,70,,,9477.87,9477.88,0.0,0.0
4500000062,80,,,227509.73,227509.73,0.0,0.0
4500000062,90,,,138789.38,138789.38,0.0,0.0
4500000062,100,,,161427.43,161427.44,0.0,0.0
4500000063,10,,,22867.26,22867.26,0.0,0.0
4500000064,10,,,5215.75,5215.75,0.0,0.0
4500000064,20,,,6230.09,6230.09,0.0,0.0
4500000065,10,,,54.87,44552.21,0.0,0.0
4500000065,20,,,54.87,51191.15,0.0,0.0
4500000065,30,,,27.43,14100.89,0.0,0.0
4500000065,40,,,27.43,22660.17,0.0,0.0
4500000066,10,,,29469.03,29469.03,0.0,0.0
4500000066,20,,,28672.57,28672.57,0.0,0.0
4500000066,30,,,42212.39,42212.39,0.0,0.0
4500000067,10,,,1592.92,0.0,0.0,0.0
4500000068,10,,,9557.52,9557.52,0.0,0.0
4500000068,20,,,14070.8,14070.8,0.0,0.0
4500000068,30,,,12743.36,12743.36,0.0,0.0
4500000069,10,,,114601.77,114601.77,0.0,0.0
4500000069,20,,,79646.0,79646.0,0.0,0.0
4500000069,30,,,164159.28,164159.28,0.0,0.0
4500000069,40,,,18584.07,18584.07,0.0,0.0
4500000069,50,,,33982.3,33982.3,0.0,0.0
4500000069,60,,,16460.18,16460.18,0.0,0.0
4500000070,10,,,1150.44,1150.44,0.0,0.0
4500000071,10,,,43008.85,43008.85,0.0,0.0
4500000072,10,,,6371.68,6371.68,0.0,0.0
4500000073,10,,,10619.47,10619.47,0.0,0.0
4500000073,20,,,2654.87,2654.87,0.0,0.0
4500000074,10,,,16672.57,16672.57,0.0,0.0
4500000075,10,,,1840.71,1840.71,0.0,0.0
4500000075,20,,,1734.51,1734.51,0.0,0.0
4500000076,10,,,4778.76,4778.75,0.0,0.0
4500000077,10,,,1380.53,1380.53,0.0,0.0
4500000077,20,,,1247.79,1247.79,0.0,0.0
4500000077,30,,,1247.79,1247.79,0.0,0.0
4500000077,40,,,1247.79,1247.79,0.0,0.0
4500000077,50,,,1380.53,1380.53,0.0,0.0
4500000077,60,,,1380.53,1380.53,0.0,0.0
4500000077,70,,,1380.53,1380.53,0.0,0.0
4500000078,10,,,1380.53,1380.53,0.0,0.0
4500000078,20,,,1380.53,1380.53,0.0,0.0
4500000078,30,,,1247.79,1247.79,0.0,0.0
4500000078,40,,,1380.53,1380.53,0.0,0.0
4500000078,50,,,1380.53,1380.53,0.0,0.0
4500000078,60,,,1380.53,1380.53,0.0,0.0
4500000078,70,,,1380.53,1380.53,0.0,0.0
4500000079,10,,,58380.53,58380.53,0.0,0.0
4500000080,10,,,63893.81,63893.81,0.0,0.0
4500000081,10,,,174520.35,174520.35,0.0,0.0
4500000081,20,,,51091.33,54692.92,0.0,0.0
4500000081,30,,,122446.73,133203.54,0.0,0.0
4500000081,40,,,20230.09,20230.09,0.0,0.0
4500000082,10,,,11330.97,11330.97,0.0,0.0
4500000082,20,,,6438.41,6438.41,0.0,0.0
4500000082,30,,,2527.08,2527.08,0.0,0.0
4500000083,10,,,6194.69,6194.69,0.0,0.0
4500000084,10,,,3451.33,3451.33,0.0,0.0
4500000084,20,,,1327.43,1327.43,0.0,0.0
4500000085,10,,,19761.06,19761.06,0.0,0.0
4500000086,10,,,5309.73,6000.0,0.0,0.0
4500000086,20,,,424.78,480.0,0.0,0.0
4500000087,10,,,20353.98,20353.98,0.0,0.0
4500000087,20,,,17699.12,17699.12,0.0,0.0
4500000088,10,,,192477.88,192477.87,0.0,0.0
4500000089,10,,,1933.63,1933.63,0.0,0.0
4500000089,20,,,1424.78,1424.78,0.0,0.0
4500000089,30,,,3867.26,3867.26,0.0,0.0
4500000089,40,,,10380.53,10380.53,0.0,0.0
4500000090,10,,,26548.67,26548.67,0.0,0.0
4500000090,20,,,5775.0,5775.0,0.0,0.0
4500000091,10,,,3917.26,3917.25,0.0,0.0
4500000091,20,,,14426.55,14426.55,0.0,0.0
4500000091,30,,,20818.41,20818.41,0.0,0.0
4500000092,10,,,18849.56,18849.56,0.0,0.0
4500000093,10,,,86371.68,86371.67,0.0,0.0
4500000093,20,,,7637.17,7637.17,0.0,0.0
4500000093,30,,,12424.78,12424.78,0.0,0.0
4500000093,40,,,49380.53,49380.53,0.0,0.0
4500000093,50,,,37530.97,37530.97,0.0,0.0
4500000094,10,,,15575.22,15575.22,0.0,0.0
4500000094,20,,,26265.49,26265.49,0.0,0.0
4500000094,30,,,9911.5,9911.5,0.0,0.0
4500000094,40,,,11415.93,11415.93,0.0,0.0
4500000094,50,,,4646.02,4646.02,0.0,0.0
4500000095,10,,,9557.52,9557.53,0.0,0.0
4500000095,20,,,1592.92,1592.92,0.0,0.0
4500000096,10,,,3318.58,3318.58,0.0,0.0
4500000097,10,,,14088.5,14088.5,0.0,0.0
4500000098,10,,,25840.71,25840.71,0.0,0.0
4500000099,10,,,2265.49,2265.49,0.0,0.0
4500000100,10,,,6809.73,6809.73,0.0,0.0
4500000101,10,,,141.59,141.58,0.0,0.0
4500000102,10,,,353.98,353.98,0.0,0.0
4500000102,20,,,2647.79,2647.79,0.0,0.0
4500000102,30,,,3681.42,3681.42,0.0,0.0
4500000102,40,,,7079.65,7079.65,0.0,0.0
4500000102,50,,,3682.3,3682.3,0.0,0.0
4500000102,60,,,3362.83,3362.83,0.0,0.0
4500000102,70,,,2566.37,2566.37,0.0,0.0
4500000102,80,,,2654.87,2654.87,0.0,0.0
4500000102,90,,,1061.95,1061.95,0.0,0.0
4500000102,100,,,5221.24,5221.24,0.0,0.0
4500000102,110,,,3008.85,3008.85,0.0,0.0
4500000102,120,,,3092.92,3092.92,0.0,0.0
4500000102,130,,,4672.57,4672.57,0.0,0.0
4500000102,140,,,265.49,265.49,0.0,0.0
4500000102,150,,,4867.26,4867.26,0.0,0.0
4500000102,160,,,22964.6,22964.6,0.0,0.0
4500000102,170,,,371.68,371.68,0.0,0.0
4500000102,180,,,460.18,460.18,0.0,0.0
4500000103,10,,,6180.53,6180.53,0.0,0.0
4500000103,20,,,4539.82,4539.82,0.0,0.0
4500000104,10,,,34430.09,34430.09,0.0,0.0
4500000105,10,,,3292.04,0.0,0.0,0.0
4500000106,10,,,712.39,712.39,0.0,0.0
4500000107,10,,,825.0,825.0,0.0,0.0
4500000108,10,,,679.65,679.65,0.0,0.0
4500000108,20,,,5515.04,5515.04,0.0,0.0
4500000108,30,,,319.47,319.47,0.0,0.0
4500000108,40,,,5309.73,5309.73,0.0,0.0
4500000109,10,,,154867.26,151579.65,0.0,0.0
4500000109,20,,,7938.05,7938.05,0.0,0.0
4500000109,30,,,8628.32,8628.32,0.0,0.0
4500000109,40,,,11946.9,11946.9,0.0,0.0
4500000110,10,,,1946.9,1946.9,0.0,0.0
4500000111,10,,,33185.84,33185.84,0.0,0.0
4500000111,20,,,15929.2,15929.22,0.0,0.0
4500000111,30,,,3539.82,3539.82,0.0,0.0
4500000111,40,,,672.57,672.57,0.0,0.0
4500000112,10,,,464.6,464.6,0.0,0.0
4500000112,20,,,3539.82,3539.82,0.0,0.0
4500000113,10,,,1327.43,1327.43,0.0,0.0
4500000114,10,,,12035.4,12035.41,0.0,0.0
4500000115,10,,,349557.52,349557.52,0.0,0.0
4500000116,10,,,76991.15,76991.15,0.0,0.0
4500000117,10,,,1876.99,1876.99,0.0,0.0
4500000118,10,,,7610.62,7610.62,0.0,0.0
4500000118,20,,,13318.58,13318.58,0.0,0.0
4500000118,30,,,24530.97,24530.97,0.0,0.0
4500000118,40,,,2920.35,2920.35,0.0,0.0
4500000118,50,,,2530.97,2530.97,0.0,0.0
4500000118,60,,,2300.88,2300.88,0.0,0.0
4500000118,70,,,29203.54,29203.54,0.0,0.0
4500000118,80,,,8840.71,8840.71,0.0,0.0
4500000118,90,,,11504.42,11504.42,0.0,0.0
4500000119,10,,,1158.41,1158.41,0.0,0.0
4500000123,10,,,27889.38,27889.38,0.0,0.0
4500000124,10,,,5575.22,5575.22,0.0,0.0
4500000124,20,,,29269.91,29269.91,0.0,0.0
4500000124,30,,,9163.72,9163.72,0.0,0.0
4500000125,10,,,70000.0,70000.0,0.0,0.0
4500000126,10,,,0.0,0.0,0.0,0.0
4500000127,10,,,16862.34,16862.35,0.0,0.0
4500000127,20,,,4146.62,4146.62,0.0,0.0
4500000127,30,,,48483.1,46245.42,0.0,0.0
4500000127,40,,,9039.18,8217.44,0.0,0.0
4500000127,50,,,5486.73,5486.73,0.0,0.0
4500000127,60,,,60126.32,60126.32,0.0,0.0
4500000127,70,,,67425.13,67425.13,0.0,0.0
4500000127,80,,,32448.41,31984.86,0.0,0.0
4500000127,90,,,1911.5,1911.5,0.0,0.0
4500000127,100,,,2336.28,2336.28,0.0,0.0
4500000127,110,,,19407.08,18955.75,0.0,0.0
4500000127,120,,,54070.8,54070.8,0.0,0.0
4500000127,130,,,30362.83,30362.83,0.0,0.0
4500000128,10,,,1792.04,1792.04,0.0,0.0
4500000129,10,,,1831.86,1831.86,0.0,0.0
4500000130,10,,,61008.85,61008.85,0.0,0.0
4500000130,20,,,203362.83,203362.83,0.0,0.0
4500000131,10,,,16752.21,0.0,0.0,0.0
4500000131,20,,,9880.53,0.0,0.0,0.0
4500000132,10,,,15646.02,15646.02,0.0,0.0
4500000132,20,,,28292.04,28292.04,0.0,0.0
4500000133,10,,,13995.8,13995.8,0.0,0.0
4500000133,20,,,8237.39,8237.39,0.0,0.0
4500000133,30,,,13327.43,13327.43,0.0,0.0
4500000135,10,,,75440.71,75440.71,0.0,0.0
4500000136,10,,,5132.74,5132.74,0.0,0.0
4500000136,20,,,25663.72,25663.72,0.0,0.0
4500000137,10,,,13274.34,13274.34,0.0,0.0
4500000139,10,,,4088.5,4088.5,0.0,0.0
4500000139,20,,,7787.61,7787.61,0.0,0.0
4500000139,30,,,20665.58,20665.58,0.0,0.0
4500000139,40,,,2654.87,2654.87,0.0,0.0
4500000140,10,,,8.85,8.85,0.0,0.0
4500000141,10,,,16991.15,16991.15,0.0,0.0
4500000142,10,,,132212.39,132212.38,0.0,0.0
4500000142,20,,,38938.05,38938.05,0.0,0.0
4500000143,10,,,115030.09,115030.08,0.0,0.0
4500000143,20,,,154690.27,154690.27,0.0,0.0
4500000143,30,,,32187.61,32187.61,0.0,0.0
4500000143,40,,,57716.81,57716.81,0.0,0.0
4500000143,50,,,12840.71,12840.71,0.0,0.0
4500000143,60,,,253000.01,253000.01,0.0,0.0
4500000143,70,,,28628.32,28628.32,0.0,0.0
4500000143,80,,,14159.29,14159.29,0.0,0.0
4500000143,90,,,46849.56,46849.56,0.0,0.0
4500000144,10,,,49646.02,49646.02,0.0,0.0
4500000145,10,,,101.77,101.77,0.0,0.0
4500000146,10,,,9656.64,9656.63,0.0,0.0
4500000146,20,,,389203.54,389203.54,0.0,0.0
4500000147,10,,,362.83,362.83,0.0,0.0
4500000148,10,,,5906.19,5906.19,0.0,0.0
4500000149,10,,,2980.0,0.0,0.0,0.0
4500000150,10,,,8849.56,8849.56,0.0,0.0
4500000151,10,,,19911.5,19911.5,0.0,0.0
4500000152,10,,,2654.87,2654.87,0.0,0.0
4500000152,20,,,1327.43,1327.43,0.0,0.0
4500000153,10,,,5309.73,5309.73,0.0,0.0
4500000153,20,,,1292.92,1194.69,0.0,0.0
4500000154,10,,,108318.58,108318.58,0.0,0.0
4500000155,10,,,70056.64,70056.64,0.0,0.0
4500000155,20,,,8778.76,8778.76,0.0,0.0
4500000159,10,5000009158,20230501,11808.9,11808.9,0.0,0.0
4500000165,10,5000016011,20230705,116.0,116.0,0.0,0.0
4500000166,10,5000000544,20230118,530.4,530.4,0.0,0.0
4500000167,10,5000000614,20230125,7800.0,7800.0,0.0,0.0
4500000172,10,5000000549,20230119,1105.0,1105.0,0.0,0.0
4500000172,20,5000000857,20230202,582.5,582.5,0.0,0.0
4500000173,10,5000009158,20230501,17319.72,17319.72,0.0,0.0
4500000174,10,5000001562,20230208,116480.0,116480.0,0.0,0.0
4500000175,10,,,0.0,0.0,0.0,0.0
4500000175,20,5000016012,20230705,174.0,174.0,0.0,0.0
4500000176,10,,,0.0,0.0,0.0,0.0
4500000176,20,,,0.0,0.0,0.0,0.0
4500000178,10,5000001711,20230210,2156.82,2156.82,0.0,0.0
4500000181,10,5000001710,20230210,6432.39,5851.25,0.0,0.0
4500000184,10,5000001705,20230210,98800.0,65000.0,0.0,0.0
4500000185,10,5000005649,20230328,2577.76,2577.76,0.0,0.0
4500000185,20,5000005647,20230328,486.0,486.0,0.0,0.0
4500000185,30,5000005650,20230328,348.0,348.0,0.0,0.0
4500000185,40,5000016013,20230705,174.0,174.0,0.0,0.0
4500000186,10,5000000593,20230124,24315.0,24315.0,0.0,0.0
4500000186,20,5000000593,20230124,3242.0,3242.0,0.0,0.0
4500000186,30,5000000593,20230124,1423.8,1423.8,0.0,0.0
4500000186,40,5000000593,20230124,1248.0,1248.0,0.0,0.0
4500000186,50,5000000593,20230124,7899.39,7899.39,0.0,0.0
4500000186,60,5000000593,20230124,1526.4,1526.4,0.0,0.0
4500000186,70,5000000593,20230124,3552.0,3552.0,0.0,0.0
4500000186,80,5000000592,20230124,12587.4,12587.4,0.0,0.0
4500000188,10,5000021828,20230811,867.0,867.27,0.0,0.0
4500000188,20,5000021828,20230811,1500.0,1500.0,0.0,0.0
4500000189,10,5000009153,20230501,2419.7,2419.7,0.0,0.0
4500000190,10,5000000545,20230118,13062.5,13062.5,0.0,0.0
4500000191,10,5000004437,20230315,90.0,90.0,0.0,0.0
4500000191,20,5000004437,20230315,288.3,288.3,0.0,0.0
4500000191,30,5000009158,20230501,7872.6,7872.6,0.0,0.0
4500000191,40,5000004437,20230315,660.0,660.0,0.0,0.0
4500000192,10,5000008685,20230427,130000.0,130000.0,0.0,0.0
4500000194,10,5000000555,20230120,185.0,186.0,0.0,0.0
4500000194,20,5000000555,20230120,1340.0,1340.0,0.0,0.0
4500000195,10,,,6974.4,8563.1,0.0,0.0
4500000195,20,5000098924,20250505,6360.12,3067.05,0.0,0.0
4500000196,10,5000000618,20230125,4950.0,4950.0,0.0,0.0
4500000196,20,5000000618,20230125,2040.0,2040.0,0.0,0.0
4500000196,30,5000000618,20230125,600.0,600.0,0.0,0.0
4500000197,20,5000012097,20230602,3840.0,3840.0,0.0,0.0
4500000198,10,5000001709,20230210,3929.55,3929.55,0.0,0.0
4500000199,10,5000000579,20230120,3929.55,3929.55,0.0,0.0
4500000200,10,5000000580,20230120,3929.55,3929.55,0.0,0.0
4500000201,10,5000000581,20230120,2156.82,2156.82,0.0,0.0
4500000202,10,5000000583,20230120,3929.55,3929.55,0.0,0.0
4500000203,10,5000000584,20230120,2156.82,2156.82,0.0,0.0
4500000204,10,5000000585,20230120,2156.82,2156.82,0.0,0.0
4500000205,10,5000001664,20230210,3929.55,3929.55,0.0,0.0
4500000206,10,5000001663,20230210,3929.55,3929.55,0.0,0.0
4500000208,10,5000000538,20230117,818.0,818.0,0.0,0.0
4500000209,10,,,0.0,0.0,0.0,0.0
4500000210,10,5000006923,20230406,1732.5,1732.5,0.0,0.0
4500000210,20,5000006923,20230406,1155.0,1155.0,0.0,0.0
4500000210,30,5000006923,20230406,2887.5,2887.5,0.0,0.0
4500000210,40,5000006923,20230406,1400.0,1517.25,0.0,0.0
4500000210,50,5000006923,20230406,11718.0,11718.0,0.0,0.0
4500000211,10,5000000642,20230125,575.0,575.0,0.0,0.0
4500000211,20,5000000642,20230125,305.36,230.0,0.0,0.0
4500000211,30,5000000642,20230125,7540.0,7540.0,0.0,0.0
4500000211,40,5000001304,20230206,5230.0,5230.0,0.0,0.0
4500000211,50,5000001304,20230206,5580.0,5580.0,0.0,0.0
4500000211,60,5000000642,20230125,3787.0,3787.0,0.0,0.0
4500000211,70,5000000642,20230125,923.6,945.36,0.0,0.0
4500000211,80,5000000642,20230125,1460.0,1460.0,0.0,0.0
4500000211,90,5000000642,20230125,1854.48,1854.48,0.0,0.0
4500000211,100,5000000642,20230125,19840.5,3968.1,0.0,0.0
4500000211,110,5000000642,20230125,450.8,450.8,0.0,0.0
4500000211,120,5000000642,20230125,39.98,39.98,0.0,0.0
4500000211,130,5000000642,20230125,230.9,236.34,0.0,0.0
4500000211,140,5000000642,20230125,130.8,159.92,0.0,0.0
4500000212,10,5000001661,20230210,14107.5,14107.5,0.0,0.0
4500000213,10,5000012095,20230602,150.8,150.8,0.0,0.0
4500000213,20,5000012095,20230602,488.5,488.5,0.0,0.0
4500000213,30,5000012095,20230602,869.6,869.6,0.0,0.0
4500000213,50,5000012095,20230602,747.0,747.0,0.0,0.0
4500000214,10,5000009176,20230501,145600.0,135200.0,0.0,0.0
4500000216,10,5000000682,20230130,552.0,552.0,0.0,0.0
4500000217,40,5000002039,20230216,13940.1,13940.1,0.0,0.0
4500000217,50,5000002046,20230216,1872.0,1872.0,0.0,0.0
4500000217,60,5000002046,20230216,1423.8,1423.8,0.0,0.0
4500000217,70,5000002046,20230216,1227.6,1227.6,0.0,0.0
4500000217,80,5000002046,20230216,38904.0,38904.0,0.0,0.0
4500000217,90,5000002039,20230216,6484.0,6484.0,0.0,0.0
4500000218,10,5000003822,20230309,52.0,52.0,0.0,0.0
4500000218,20,5000003822,20230309,598.0,676.0,0.0,0.0
4500000218,30,5000003822,20230309,132.0,132.0,0.0,0.0
4500000218,40,5000003822,20230309,1237.5,1237.5,0.0,0.0
4500000218,50,5000003822,20230309,11250.0,11250.0,0.0,0.0
4500000218,60,5000003822,20230309,1250.0,1250.0,0.0,0.0
4500000219,10,5000000620,20230125,962.0,962.0,0.0,0.0
4500000220,10,5000000629,20230125,780.0,780.0,0.0,0.0
4500000220,20,5000000629,20230125,9450.0,9450.0,0.0,0.0
4500000221,10,5000000546,20230118,7580.0,7580.0,0.0,0.0
4500000221,20,5000000681,20230130,1275.0,1159.09,0.0,0.0
4500000222,10,5000000626,20230125,3375.0,3375.0,0.0,0.0
4500000222,20,5000000626,20230125,102.6,99.5,0.0,0.0
4500000222,30,5000000626,20230125,665.0,665.0,0.0,0.0
4500000222,40,5000000626,20230125,285.0,355.35,0.0,0.0
4500000224,10,5000002041,20230216,38880.0,38880.0,0.0,0.0
4500000225,10,5000000559,20230120,80.0,100.0,0.0,0.0
4500000225,20,5000000559,20230120,1470.0,1560.0,0.0,0.0
4500000225,30,5000000559,20230120,180.0,200.0,0.0,0.0
4500000225,40,5000000559,20230120,2520.0,2670.0,0.0,0.0
4500000226,10,5000000697,20230130,225.0,225.0,0.0,0.0
4500000226,20,5000000697,20230130,5100.0,5100.0,0.0,0.0
4500000226,30,5000000697,20230130,4290.0,4290.0,0.0,0.0
4500000227,10,5000000625,20230125,207.2,207.2,0.0,0.0
4500000227,20,5000000625,20230125,207.2,207.2,0.0,0.0
4500000228,10,5000004857,20230317,4245.0,4245.0,0.0,0.0
4500000229,10,5000000627,20230125,192.0,190.92,0.0,0.0
4500000229,20,5000000627,20230125,1500.0,1500.0,0.0,0.0
4500000229,30,5000000627,20230125,32.0,31.81,0.0,0.0
4500000229,40,5000000627,20230125,135.5,135.45,0.0,0.0
4500000229,50,5000000627,20230125,867.0,867.27,0.0,0.0
4500000229,60,5000000627,20230125,25500.0,22500.0,0.0,0.0
4500000230,10,5000000632,20230125,430.0,430.0,0.0,0.0
4500000231,10,5000010353,20230518,1801.1,2536.82,0.0,0.0
4500000232,10,5000001667,20230210,3929.55,3929.55,0.0,0.0
4500000233,10,5000001666,20230210,3929.55,3929.55,0.0,0.0
4500000234,10,5000001665,20230210,3929.55,3929.55,0.0,0.0
4500000235,10,5000001708,20230210,3929.55,3929.55,0.0,0.0
4500000236,10,5000001707,20230210,3929.55,3929.55,0.0,0.0
4500000238,10,5000000907,20230202,5900.0,5900.0,0.0,0.0
4500000241,10,5000003069,20230201,40460.0,33280.0,0.0,0.0
4500000241,20,5000004529,20230316,1527.96,1528.0,0.0,0.0
4500000241,30,,,6244.0,6244.0,0.0,0.0
4500000241,70,5000003069,20230201,31680.0,31680.0,0.0,0.0
4500000242,10,5000000840,20230202,24447.36,24448.0,0.0,0.0
4500000242,20,5000000606,20230124,1500.0,0.0,0.0,0.0
4500000242,60,5000066763,20240805,62000.0,35960.0,0.0,0.0
4500000242,160,5000000605,20230124,4870.0,4870.0,0.0,0.0
4500000242,170,5000000607,20230124,20838.0,20838.0,0.0,0.0
4500000242,180,5000000608,20230124,25194.0,25194.0,0.0,0.0
4500000242,190,5000000605,20230124,21840.0,21840.0,0.0,0.0
4500000242,200,5000000608,20230124,9950.0,9950.0,0.0,0.0
4500000242,210,5000003876,20230309,7680.0,7680.0,0.0,0.0
4500000242,220,,,0.0,0.0,0.0,0.0
4500000243,10,,,9911.5,9911.5,0.0,0.0
4500000244,10,,,1247.79,1247.79,0.0,0.0
4500000244,20,,,1247.79,1247.78,0.0,0.0
4500000244,30,,,1247.79,1247.79,0.0,0.0
4500000244,40,,,1247.79,1247.79,0.0,0.0
4500000244,50,,,1247.79,1247.79,0.0,0.0
4500000244,60,,,1380.53,1380.53,0.0,0.0
4500000244,70,,,1380.53,1380.53,0.0,0.0
4500000244,80,,,1380.53,1380.53,0.0,0.0
4500000244,90,,,1380.53,1380.53,0.0,0.0
4500000245,10,,,43716.81,43716.81,0.0,0.0
4500000245,20,,,389.38,389.38,0.0,0.0
4500000245,30,,,39513.27,39513.27,0.0,0.0
4500000245,40,,,24548.67,24548.67,0.0,0.0
4500000246,10,,,16283.19,16283.19,0.0,0.0
4500000247,10,,,2346.9,2346.9,0.0,0.0
4500000248,10,,,739.12,739.12,0.0,0.0
4500000249,10,,,774.34,774.32,0.0,0.0
4500000249,20,,,619.47,619.47,0.0,0.0
4500000249,30,,,1061.95,1061.95,0.0,0.0
4500000250,10,,,442.48,442.48,0.0,0.0
4500000250,20,,,619.47,619.47,0.0,0.0
4500000250,30,,,1238.94,1238.94,0.0,0.0
4500000250,40,,,1061.95,1061.95,0.0,0.0
4500000251,10,,,2747787.63,2747787.59,0.0,0.0
4500000251,20,,,298672.57,298672.56,0.0,0.0
4500000251,30,,,153761.06,153761.06,0.0,0.0
4500000252,10,,,19441.75,19441.75,0.0,0.0
4500000253,10,,,4955.75,4955.75,0.0,0.0
4500000254,10,,,4849.56,4849.56,0.0,0.0
4500000254,20,,,477.88,477.88,0.0,0.0
4500000254,30,,,1646.02,1646.02,0.0,0.0
4500000254,40,,,1104.42,1104.42,0.0,0.0
4500000254,50,,,3221.24,3221.24,0.0,0.0
4500000255,10,,,8628.32,8628.32,0.0,0.0
4500000256,10,,,4513.27,4513.27,0.0,0.0
4500000256,20,,,4778.76,4778.76,0.0,0.0
4500000257,10,,,0.0,0.0,0.0,0.0
4500000258,10,,,101787.6,50893.8,0.0,0.0
4500000258,20,,,69841.59,6188.49,0.0,0.0
4500000258,30,,,60470.44,60470.44,0.0,0.0
4500000258,40,,,96698.23,96698.23,0.0,0.0
4500000259,10,,,20796.46,20796.46,0.0,0.0
4500000260,10,,,5176.99,5044.25,0.0,0.0
4500000261,10,,,5500.0,5500.0,0.0,0.0
4500000262,10,,,38495.58,38495.58,0.0,0.0
4500000263,10,,,0.0,0.0,0.0,0.0
4500000263,20,,,0.0,0.0,0.0,0.0
4500000264,10,,,28619.47,28619.47,0.0,0.0
4500000264,20,,,283.19,283.19,0.0,0.0
4500000264,30,,,18407.08,18407.08,0.0,0.0
4500000265,10,,,32743.36,32743.36,0.0,0.0
4500000265,20,,,48672.57,48672.57,0.0,0.0
4500000265,30,,,67256.64,67256.64,0.0,0.0
4500000265,40,,,663.72,663.72,0.0,0.0
4500000266,10,,,557.52,557.52,0.0,0.0
4500000266,20,,,7557.52,7557.52,0.0,0.0
4500000266,40,,,0.0,0.0,0.0,0.0
4500000266,50,,,265.49,265.49,0.0,0.0
4500000266,60,,,212.39,212.39,0.0,0.0
4500000266,70,,,88.5,88.5,0.0,0.0
4500000266,80,,,141.59,141.59,0.0,0.0
4500000266,90,,,384.96,384.96,0.0,0.0
4500000266,100,,,358.41,358.41,0.0,0.0
4500000266,110,,,530.97,530.97,0.0,0.0
4500000266,120,,,530.97,530.97,0.0,0.0
4500000266,130,,,1415.93,1415.93,0.0,0.0
4500000266,140,,,5309.73,5309.73,0.0,0.0
4500000266,150,,,774.34,774.34,0.0,0.0
4500000266,160,,,2876.11,2876.11,0.0,0.0
4500000266,170,,,305.31,305.31,0.0,0.0
4500000266,180,,,2336.28,2336.28,0.0,0.0
4500000266,190,,,690.27,690.27,0.0,0.0
4500000266,200,,,690.27,690.27,0.0,0.0
4500000266,210,,,1026.55,1026.55,0.0,0.0
4500000266,220,,,973.45,973.45,0.0,0.0
4500000266,230,,,269.91,269.91,0.0,0.0
4500000266,240,,,4336.28,4336.28,0.0,0.0
4500000266,250,,,522.12,522.12,0.0,0.0
4500000266,260,,,460.18,460.18,0.0,0.0
4500000266,270,,,1725.66,1725.66,0.0,0.0
4500000266,280,,,623.89,623.89,0.0,0.0
4500000266,290,,,2017.7,2017.7,0.0,0.0
4500000266,300,,,5110.62,5110.62,0.0,0.0
4500000266,310,,,1592.92,1592.92,0.0,0.0
4500000266,320,,,2323.01,2323.01,0.0,0.0
4500000266,330,,,2283.19,2283.19,0.0,0.0
4500000266,340,,,2258.41,2258.41,0.0,0.0
4500000266,350,,,37.17,37.17,0.0,0.0
4500000267,10,,,2601.77,2601.77,0.0,0.0
4500000267,20,,,1699.12,1699.12,0.0,0.0
4500000268,10,,,7900.88,7900.88,0.0,0.0
4500000269,10,,,130500.0,0.0,0.0,0.0
4500000270,10,,,187252.04,187252.1,0.0,0.0
4500000270,20,,,330444.69,330444.69,0.0,0.0
4500000271,10,,,6070.8,6070.8,0.0,0.0
4500000271,20,,,88672.57,88672.57,0.0,0.0
4500000272,10,,,5812.39,5812.39,0.0,0.0
4500000272,20,,,3159.29,3159.29,0.0,0.0
4500000273,10,,,12831.86,12831.86,0.0,0.0
4500000274,10,,,64784.07,64784.07,0.0,0.0
4500000275,10,,,49778.76,49778.76,0.0,0.0
4500000275,20,,,7582.3,7582.3,0.0,0.0
4500000275,30,,,21152.21,21272.57,0.0,0.0
4500000275,40,,,19115.04,19115.04,0.0,0.0
4500000276,10,,,1380.53,1380.54,0.0,0.0
4500000276,20,,,1380.53,1380.53,0.0,0.0
4500000276,30,,,1380.53,1380.53,0.0,0.0
4500000276,40,,,1380.53,1380.53,0.0,0.0
4500000276,50,,,1247.79,1247.79,0.0,0.0
4500000276,60,,,1380.53,1380.53,0.0,0.0
4500000276,70,,,1380.53,1380.53,0.0,0.0
4500000276,80,,,1380.53,1380.53,0.0,0.0
4500000276,90,,,1380.53,1380.53,0.0,0.0
4500000277,10,,,1247.79,1247.79,0.0,0.0
4500000277,20,,,1247.79,1247.79,0.0,0.0
4500000277,30,,,1380.53,1380.53,0.0,0.0
4500000277,40,,,1380.53,1380.53,0.0,0.0
4500000277,50,,,1380.53,1380.53,0.0,0.0
4500000277,60,,,1380.53,1380.53,0.0,0.0
4500000277,70,,,1380.53,1380.53,0.0,0.0
4500000277,80,,,1380.53,1380.53,0.0,0.0
4500000278,10,,,1247.79,1247.79,0.0,0.0
4500000278,20,,,1247.79,1247.79,0.0,0.0
4500000278,30,,,1380.53,1380.53,0.0,0.0
4500000278,40,,,1380.53,1380.53,0.0,0.0
4500000280,10,,,20261.06,20261.06,0.0,0.0
4500000281,10,,,2265.49,2265.48,0.0,0.0
4500000283,10,,,2831.86,2831.86,0.0,0.0
4500000284,10,,,31194.69,31194.69,0.0,0.0
4500000284,20,,,34314.16,34314.16,0.0,0.0
4500000284,30,,,1587.61,1587.61,0.0,0.0
4500000284,40,,,23001.77,23001.77,0.0,0.0
4500000284,50,,,7300.88,7300.88,0.0,0.0
4500000284,60,,,10221.24,10221.24,0.0,0.0
4500000284,70,,,5851.33,5851.33,0.0,0.0
4500000284,80,,,10895.58,10895.58,0.0,0.0
4500000285,10,,,522.12,522.12,0.0,0.0
4500000285,20,,,13575.22,13576.86,0.0,0.0
4500000285,30,,,756.64,756.64,0.0,0.0
4500000286,10,,,77433.63,76106.19,0.0,0.0
4500000287,10,,,17024.34,17024.34,0.0,0.0
4500000287,20,,,18318.58,18318.58,0.0,0.0
4500000287,30,,,25840.71,25840.71,0.0,0.0
4500000288,10,,,3539.82,3539.82,0.0,0.0
4500000288,20,,,1327.43,1327.43,0.0,0.0
4500000289,10,,,1769.91,1769.91,0.0,0.0
4500000289,20,,,4601.77,4601.77,0.0,0.0
4500000289,30,,,4203.54,4203.54,0.0,0.0
4500000289,40,,,3610.62,3610.62,0.0,0.0
4500000290,10,,,226793.95,226793.95,0.0,0.0
4500000290,20,,,15646.02,15646.02,0.0,0.0
4500000290,30,,,27595.75,27595.75,0.0,0.0
4500000290,40,,,26370.8,26370.8,0.0,0.0
4500000291,10,,,0.0,0.0,0.0,0.0
4500000291,20,,,0.0,0.0,0.0,0.0
4500000291,30,,,0.0,0.0,0.0,0.0
4500000291,40,,,0.0,0.0,0.0,0.0
4500000291,50,,,0.0,0.0,0.0,0.0
4500000291,60,,,0.0,0.0,0.0,0.0
4500000291,70,,,0.0,0.0,0.0,0.0
4500000291,80,,,0.0,0.0,0.0,0.0
4500000291,90,,,0.0,0.0,0.0,0.0
4500000291,100,,,1247.79,1247.79,0.0,0.0
4500000291,110,,,1247.79,1247.79,0.0,0.0
4500000291,120,,,1247.79,1247.79,0.0,0.0
4500000291,130,,,1380.53,1380.53,0.0,0.0
4500000291,140,,,1380.53,1380.53,0.0,0.0
4500000291,150,,,1380.53,1380.53,0.0,0.0
4500000291,160,,,1380.53,1380.53,0.0,0.0
4500000291,170,,,1380.53,1380.53,0.0,0.0
4500000291,180,,,1380.53,1380.53,0.0,0.0
4500000292,10,,,35221.24,35221.25,0.0,0.0
4500000293,10,,,298197.24,298197.24,0.0,0.0
4500000293,20,,,524754.69,524754.69,0.0,0.0
4500000293,30,,,215551.43,215551.43,0.0,0.0
4500000293,40,,,23008.85,23008.85,0.0,0.0
4500000293,50,,,106194.69,106194.69,0.0,0.0
4500000294,10,,,774.34,774.34,0.0,0.0
4500000294,20,,,619.47,619.47,0.0,0.0
4500000294,30,,,884.96,884.96,0.0,0.0
4500000294,40,,,1061.95,1061.95,0.0,0.0
4500000295,10,,,111637.17,0.0,0.0,0.0
4500000296,10,,,8672.57,8672.57,0.0,0.0
4500000297,10,,,39175.65,39175.65,0.0,0.0
4500000297,20,,,14743.36,14743.36,0.0,0.0
4500000297,30,,,42193.27,42193.27,0.0,0.0
4500000297,40,,,40619.47,40619.47,0.0,0.0
4500000297,50,,,25389.56,25389.55,0.0,0.0
4500000298,10,,,4141.59,4141.59,0.0,0.0
4500000299,10,,,1327.43,1327.43,0.0,0.0
4500000300,10,,,37920.35,37920.35,0.0,0.0
4500000300,20,,,3050.44,3050.44,0.0,0.0
4500000300,30,,,101681.42,101681.42,0.0,0.0
4500000300,40,,,20336.28,20336.28,0.0,0.0
4500000301,10,,,6100.88,6100.88,0.0,0.0
4500000301,20,,,3050.44,3050.44,0.0,0.0
4500000301,30,,,101681.42,101681.42,0.0,0.0
4500000302,10,,,70088.51,52566.37,0.0,0.0
4500000302,20,,,52924.78,52924.78,0.0,0.0
4500000303,10,,,424.78,424.78,0.0,0.0
4500000303,20,,,424.78,424.78,0.0,0.0
4500000303,30,,,1529.2,1529.2,0.0,0.0
4500000304,10,,,3716.81,3716.81,0.0,0.0
4500000305,10,,,16814.16,16814.16,0.0,0.0
4500000306,10,,,15929.2,15929.2,0.0,0.0
4500000307,10,,,26548.67,26548.67,0.0,0.0
4500000307,20,,,1991.15,1991.15,0.0,0.0
4500000308,10,,,83825.56,83825.56,0.0,0.0
4500000309,10,,,2548.67,2548.66,0.0,0.0
4500000309,20,,,3225.66,3225.66,0.0,0.0
4500000310,10,,,41592.92,41592.92,0.0,0.0
4500000310,20,,,34407.08,34407.08,0.0,0.0
4500000310,30,,,27345.13,27345.13,0.0,0.0
4500000310,40,,,19115.04,19115.04,0.0,0.0
4500000310,50,,,4424.78,4424.78,0.0,0.0
4500000311,10,,,94300.88,94300.88,0.0,0.0
4500000311,20,,,54902.65,54902.66,0.0,0.0
4500000311,30,,,89203.54,89203.54,0.0,0.0
4500000312,10,,,1647.08,1647.08,0.0,0.0
4500000313,10,,,2035.4,2035.4,0.0,0.0
4500000314,10,,,1819.51,1819.51,0.0,0.0
4500000314,20,,,6172.57,6172.57,0.0,0.0
4500000315,10,,,17522.12,17522.12,0.0,0.0
4500000316,10,5000000624,20230125,694.0,694.0,0.0,0.0
4500000316,20,5000000624,20230125,578.2,578.2,0.0,0.0
4500000316,30,5000000624,20230125,106.85,106.88,0.0,0.0
4500000316,40,5000000624,20230125,98.0,98.55,0.0,0.0
4500000316,50,5000000624,20230125,425.0,580.0,0.0,0.0
4500000316,60,5000000624,20230125,300.0,300.0,0.0,0.0
4500000316,70,5000000624,20230125,200.0,200.0,0.0,0.0
4500000317,10,,,25840.71,25840.71,0.0,0.0
4500000318,10,,,51681.42,51681.42,0.0,0.0
4500000318,20,,,170243.36,170243.35,0.0,0.0
4500000318,30,,,54955.75,54955.75,0.0,0.0
4500000319,10,,,1529.2,1529.2,0.0,0.0
4500000319,20,,,424.78,424.78,0.0,0.0
4500000319,30,,,424.78,424.78,0.0,0.0
4500000320,10,,,7200.0,6371.68,0.0,0.0
4500000321,10,,,623.01,623.0,0.0,0.0
4500000321,20,,,1246.02,1246.02,0.0,0.0
4500000321,30,,,1238.94,1238.94,0.0,0.0
4500000321,40,,,4955.75,4955.75,0.0,0.0
4500000321,50,,,1238.94,1238.94,0.0,0.0
4500000321,60,,,1858.41,1858.41,0.0,0.0
4500000321,70,,,1238.94,1238.94,0.0,0.0
4500000321,80,,,619.47,619.47,0.0,0.0
4500000321,90,,,619.47,619.47,0.0,0.0
4500000322,10,,,2647.79,2647.79,0.0,0.0
4500000322,20,,,1592.92,1592.92,0.0,0.0
4500000322,30,,,4168.14,4168.14,0.0,0.0
4500000322,40,,,3682.3,3682.3,0.0,0.0
4500000322,50,,,8230.09,8230.09,0.0,0.0
4500000322,60,,,2566.37,2566.37,0.0,0.0
4500000322,70,,,4778.76,4778.76,0.0,0.0
4500000322,80,,,4955.75,4955.75,0.0,0.0
4500000322,90,,,2442.48,2442.48,0.0,0.0
4500000322,100,,,5663.72,5663.72,0.0,0.0
4500000322,110,,,3092.92,3092.92,0.0,0.0
4500000322,120,,,1734.51,1734.51,0.0,0.0
4500000322,130,,,6371.68,6371.68,0.0,0.0
4500000322,140,,,2920.35,2920.35,0.0,0.0
4500000322,150,,,176.99,176.99,0.0,0.0
4500000322,160,,,4247.79,4247.79,0.0,0.0
4500000322,170,,,1253.98,1253.98,0.0,0.0
4500000322,180,,,22964.6,22964.6,0.0,0.0
4500000322,190,,,1207.96,1207.96,0.0,0.0
4500000323,10,,,66164.6,66164.6,0.0,0.0
4500000324,10,,,212.39,212.39,0.0,0.0
4500000325,10,,,115486.73,115486.73,0.0,0.0
4500000326,10,5000000441,20221208,477876.11,477876.11,0.0,0.0
4500000326,20,5000000441,20221208,707964.6,707964.6,0.0,0.0
4500000327,10,,,20530.97,20530.97,0.0,0.0
4500000327,20,,,25663.72,25663.72,0.0,0.0
4500000328,50,,,0.0,0.0,0.0,0.0
4500000329,10,,,9525.66,9525.67,0.0,0.0
4500000329,20,,,10973.45,10973.45,0.0,0.0
4500000330,10,,,70000.0,70000.0,0.0,0.0
4500000331,10,,,4424.78,4424.78,0.0,0.0
4500000331,20,,,488.5,488.5,0.0,0.0
4500000331,30,,,2654.87,2654.87,0.0,0.0
4500000332,10,5000002088,20230217,2125.0,2125.0,0.0,0.0
4500000332,20,5000002088,20230217,165.68,165.68,0.0,0.0
4500000332,30,5000002088,20230217,2125.0,2125.0,0.0,0.0
4500000332,40,5000002088,20230217,165.68,165.68,0.0,0.0
4500000333,10,5000002089,20230217,2125.0,2125.0,0.0,0.0
4500000333,20,5000002089,20230217,165.68,165.68,0.0,0.0
4500000338,10,,,6097.35,6097.35,0.0,0.0
4500000338,20,,,17256.64,17256.64,0.0,0.0
4500000338,30,,,10353.98,10353.98,0.0,0.0
4500000338,40,,,6371.68,6371.68,0.0,0.0
4500000338,50,,,9663.72,9663.72,0.0,0.0
4500000338,60,,,17256.64,17256.64,0.0,0.0
4500000338,70,,,17256.64,17256.64,0.0,0.0
4500000338,80,,,24371.68,24371.68,0.0,0.0
4500000338,90,,,13380.53,13380.53,0.0,0.0
4500000338,100,,,12429.2,12429.2,0.0,0.0
4500000338,110,,,14336.28,14336.28,0.0,0.0
4500000338,120,,,6371.68,6371.68,0.0,0.0
4500000338,130,,,325221.24,319646.01,0.0,0.0
4500000339,10,,,15929.2,15929.2,0.0,0.0
4500000339,20,,,3185.84,3185.84,0.0,0.0
4500000339,30,,,3177.88,3177.88,0.0,0.0
4500000340,10,,,115486.73,115486.73,0.0,0.0
4500000341,10,,,21132.74,21132.73,0.0,0.0
4500000342,10,,,2123.89,2123.89,0.0,0.0
4500000343,10,,,18020.35,18020.35,0.0,0.0
4500000343,20,,,16618.83,15979.65,0.0,0.0
4500000344,10,,,174778.76,174778.76,0.0,0.0
4500000345,10,,,619.47,619.47,0.0,0.0
4500000346,10,,,43008.85,43008.85,0.0,0.0
4500000347,10,,,2477.88,2477.88,0.0,0.0
4500000348,10,,,4955.75,4955.73,0.0,0.0
4500000349,10,,,1876.99,1876.99,0.0,0.0
4500000350,10,5000000508,20230115,433539.82,433539.82,0.0,0.0
4500000351,10,5000000491,20230114,493805.31,493805.31,0.0,0.0
4500000352,10,5000000519,20230115,426283.19,426283.19,0.0,0.0
4500000353,10,,,4748.89,4748.89,0.0,0.0
4500000353,20,,,47488.94,47488.94,0.0,0.0
4500000354,10,,,0.0,0.0,0.0,0.0
4500000355,10,,,76991.15,76991.15,0.0,0.0
4500000356,10,,,2522.12,2522.12,0.0,0.0
4500000358,10,,,1850.0,1659.29,0.0,0.0
4500000359,10,,,18761.06,18761.06,0.0,0.0
4500000360,10,,,929.2,929.2,0.0,0.0
4500000360,20,,,929.2,929.2,0.0,0.0
4500000360,30,,,3716.81,3716.81,0.0,0.0
4500000361,10,,,1247.79,1247.78,0.0,0.0
4500000361,20,,,1247.79,1247.79,0.0,0.0
4500000361,30,,,1247.79,1247.79,0.0,0.0
4500000361,40,,,1380.53,1380.53,0.0,0.0
4500000361,50,,,1380.53,1380.53,0.0,0.0
4500000362,10,,,1247.79,1247.8,0.0,0.0
4500000362,20,,,1380.53,1380.53,0.0,0.0
4500000362,30,,,1380.53,1380.53,0.0,0.0
4500000362,40,,,1380.53,1380.53,0.0,0.0
4500000362,50,,,1380.53,1380.53,0.0,0.0
4500000362,60,,,1380.53,1380.53,0.0,0.0
4500000362,70,,,1380.53,1380.53,0.0,0.0
4500000362,80,,,1247.79,1247.79,0.0,0.0
4500000363,10,,,1380.53,1380.53,0.0,0.0
4500000363,20,,,1247.79,1247.79,0.0,0.0
4500000363,30,,,1247.79,1247.79,0.0,0.0
4500000363,40,,,1380.53,1380.53,0.0,0.0
4500000363,50,,,1380.53,1380.53,0.0,0.0
4500000363,60,,,1380.53,1380.53,0.0,0.0
4500000364,10,,,7345.13,7345.12,0.0,0.0
4500000364,20,,,25280.09,25280.08,0.0,0.0
4500000364,30,,,151680.53,151680.53,0.0,0.0
4500000364,40,,,148672.57,148672.57,0.0,0.0
4500000365,10,,,892.04,892.04,0.0,0.0
4500000366,10,,,1911.5,1911.5,0.0,0.0
4500000367,10,,,283.19,283.19,0.0,0.0
4500000367,20,,,5646.02,5646.02,0.0,0.0
4500000368,10,,,7327.43,7327.43,0.0,0.0
4500000368,20,,,82300.88,82300.88,0.0,0.0
4500000369,10,,,15706.19,15706.2,0.0,0.0
4500000369,20,,,2346.9,2346.9,0.0,0.0
4500000370,10,,,21902.65,21902.65,0.0,0.0
4500000371,20,,,2824.78,2824.78,0.0,0.0
4500000371,30,,,1940.71,1940.71,0.0,0.0
4500000371,40,,,83.19,83.19,0.0,0.0
4500000371,50,,,557.52,557.52,0.0,0.0
4500000371,60,,,1115.04,1115.04,0.0,0.0
4500000371,70,,,0.53,0.53,0.0,0.0
4500000371,80,,,0.04,0.04,0.0,0.0
4500000371,90,,,22.08,22.08,0.0,0.0
4500000371,100,,,53.1,53.1,0.0,0.0
4500000371,110,,,1168.14,1168.14,0.0,0.0
4500000371,120,,,53.98,53.98,0.0,0.0
4500000371,130,,,21.24,21.24,0.0,0.0
4500000371,140,,,141.59,141.59,0.0,0.0
4500000371,150,,,433.63,433.63,0.0,0.0
4500000371,160,,,66.37,66.37,0.0,0.0
4500000372,10,,,1548.32,1548.32,0.0,0.0
4500000372,20,,,530.97,530.97,0.0,0.0
4500000373,10,,,25150.44,25150.44,0.0,0.0
4500000374,10,,,620.58,620.57,0.0,0.0
4500000374,20,,,6680.31,6680.31,0.0,0.0
4500000376,10,,,15252.21,15252.21,0.0,0.0
4500000376,20,,,15252.21,15252.21,0.0,0.0
4500000376,30,,,20336.28,20336.28,0.0,0.0
4500000376,40,,,40672.57,40672.57,0.0,0.0
4500000377,10,,,84955.75,84955.75,0.0,0.0
4500000379,10,5000001101,20230203,58.33,58.33,0.0,0.0
4500000380,10,5000000547,20230118,108.0,108.0,0.0,0.0
4500000380,20,5000000547,20230118,341.0,341.0,0.0,0.0
4500000380,30,5000000547,20230118,9.09,9.09,0.0,0.0
4500000380,40,5000000547,20230118,5.45,5.45,0.0,0.0
4500000380,50,5000000547,20230118,20.73,20.73,0.0,0.0
4500000380,60,5000000547,20230118,53.64,53.64,0.0,0.0
4500000380,70,5000000547,20230118,52.73,52.73,0.0,0.0
4500000380,80,5000000547,20230118,40.0,40.0,0.0,0.0
4500000380,90,5000000547,20230118,82.92,82.92,0.0,0.0
4500000380,100,5000000547,20230118,33.82,33.82,0.0,0.0
4500000380,110,5000000547,20230118,60.92,60.92,0.0,0.0
4500000380,120,5000000547,20230118,31.64,31.64,0.0,0.0
4500000380,130,5000000547,20230118,12.32,12.3,0.0,0.0
4500000381,10,5000000633,20230125,640.0,640.0,0.0,0.0
4500000381,20,5000085873,20241231,320.0,320.0,0.0,0.0
4500000382,10,5000000543,20230118,334.8,334.8,0.0,0.0
4500000382,20,5000000543,20230118,167.4,167.4,0.0,0.0
4500000382,30,5000000543,20230118,334.8,334.8,0.0,0.0
4500000382,40,5000000543,20230118,167.4,167.4,0.0,0.0
4500000383,10,5000001099,20230203,1340.0,1340.0,0.0,0.0
4500000383,20,5000001099,20230203,185.0,186.0,0.0,0.0
4500000383,30,5000001099,20230203,525.0,525.0,0.0,0.0
4500000386,10,5000000542,20230117,1450.0,1450.0,0.0,0.0
4500000386,20,5000000542,20230117,114.4,114.4,0.0,0.0
4500000387,10,5000000628,20230125,1440.0,1440.0,0.0,0.0
4500000388,10,5000000631,20230125,180.0,180.0,0.0,0.0
4500000388,20,5000000631,20230125,350.0,350.0,0.0,0.0
4500000388,30,5000000631,20230125,680.0,680.0,0.0,0.0
4500000388,40,5000000631,20230125,793.0,900.0,0.0,0.0
4500000389,10,,,0.0,0.0,0.0,0.0
4500000389,20,,,0.0,0.0,0.0,0.0
4500000389,30,,,0.0,0.0,0.0,0.0
4500000389,40,,,0.0,0.0,0.0,0.0
4500000390,10,5000000539,20230117,1782.0,1782.0,0.0,0.0
4500000391,10,,,56637.17,56637.17,0.0,0.0
4500000392,10,5000000540,20230117,1450.0,1450.0,0.0,0.0
4500000392,20,5000000540,20230117,118.8,114.4,0.0,0.0
4500000393,10,5000014801,20230627,1150.0,1150.0,0.0,0.0
4500000393,20,5000014801,20230627,94.22,94.22,0.0,0.0
4500000395,10,5000002090,20230217,2125.0,2125.0,0.0,0.0
4500000395,20,5000002090,20230217,172.06,172.06,0.0,0.0
4500000395,30,5000002090,20230217,2125.0,2125.0,0.0,0.0
4500000395,40,5000002090,20230217,172.06,172.06,0.0,0.0
4500000396,10,5000000541,20230117,1450.0,1450.0,0.0,0.0
4500000396,20,5000000541,20230117,114.4,114.4,0.0,0.0
4500000397,10,5000000644,20230125,5940.0,5940.0,0.0,0.0
4500000397,20,5000000644,20230125,5940.0,5940.0,0.0,0.0
4500000397,30,5000000644,20230125,240.85,240.85,0.0,0.0
4500000397,40,5000000644,20230125,240.85,240.85,0.0,0.0
4500000397,50,5000000644,20230125,136.3,136.3,0.0,0.0
4500000397,60,5000000644,20230125,136.3,136.3,0.0,0.0
4500000397,70,5000000644,20230125,331.75,331.75,0.0,0.0
4500000397,80,5000000644,20230125,331.75,331.75,0.0,0.0
4500000398,10,5000000553,20230119,9000.0,9000.0,0.0,0.0
4500000400,10,,,0.0,0.0,0.0,0.0
4500000400,20,,,0.0,0.0,0.0,0.0
4500000400,30,,,0.0,0.0,0.0,0.0
4500000400,40,,,0.0,0.0,0.0,0.0
4500000401,10,5000000548,20230119,3929.55,3929.55,0.0,0.0
4500000402,10,,,0.0,0.0,0.0,0.0
4500000402,20,,,0.0,0.0,0.0,0.0
4500000402,30,,,0.0,0.0,0.0,0.0
4500000402,40,,,0.0,0.0,0.0,0.0
4500000402,50,,,0.0,0.0,0.0,0.0
4500000402,60,,,0.0,0.0,0.0,0.0
4500000403,10,,,0.0,0.0,0.0,0.0
4500000403,20,,,0.0,0.0,0.0,0.0
4500000404,10,5000000550,20230119,462.92,462.96,0.0,0.0
4500000404,20,5000000550,20230119,7.32,7.32,0.0,0.0
4500000404,30,5000000550,20230119,465.4,465.4,0.0,0.0
4500000404,40,5000000550,20230119,13.5,13.5,0.0,0.0
4500000404,50,5000000550,20230119,3.25,3.25,0.0,0.0
4500000404,60,5000000550,20230119,21.0,21.0,0.0,0.0
4500000405,10,5000000551,20230119,616.0,616.0,0.0,0.0
4500000405,20,5000000551,20230119,959.0,859.05,0.0,0.0
4500000405,30,5000000551,20230119,249.0,249.36,0.0,0.0
4500000405,40,5000000552,20230119,3409.2,3409.2,0.0,0.0
4500000405,50,5000000551,20230119,190.0,190.14,0.0,0.0
4500000405,60,5000000551,20230119,1201.0,1201.09,0.0,0.0
4500000405,70,5000000551,20230119,495.0,495.6,0.0,0.0
4500000405,80,5000000551,20230119,381.0,381.0,0.0,0.0
4500000406,10,5000001633,20230209,3900.0,3900.0,0.0,0.0
4500000406,20,5000001633,20230209,307.7,307.7,0.0,0.0
4500000407,10,5000001634,20230209,3900.0,3900.0,0.0,0.0
4500000407,20,5000001634,20230209,307.7,307.7,0.0,0.0
4500000408,10,5000001632,20230209,2750.0,2750.0,0.0,0.0
4500000408,20,5000001632,20230209,225.31,225.31,0.0,0.0
4500000410,10,5000085434,20241231,14400.0,14400.0,0.0,0.0
4500000410,20,5000085434,20241231,33915.0,33885.0,0.0,0.0
4500000411,10,5000001322,20230206,4470.0,4470.0,0.0,0.0
4500000411,20,5000001322,20230206,366.23,366.23,0.0,0.0
4500000411,30,5000001329,20230206,4470.0,4470.0,0.0,0.0
4500000411,40,5000001329,20230206,366.23,366.23,0.0,0.0
4500000411,50,5000001326,20230206,4470.0,4470.0,0.0,0.0
4500000411,60,5000001326,20230206,366.23,366.23,0.0,0.0
4500000411,70,5000001325,20230206,4470.0,4470.0,0.0,0.0
4500000411,80,5000001325,20230206,366.23,366.23,0.0,0.0
4500000411,90,5000001324,20230206,4470.0,4470.0,0.0,0.0
4500000411,100,5000001324,20230206,366.23,366.23,0.0,0.0
4500000411,110,5000001323,20230206,4470.0,4470.0,0.0,0.0
4500000411,120,5000001323,20230206,366.23,366.23,0.0,0.0
4500000411,130,5000001327,20230206,4470.0,4470.0,0.0,0.0
4500000411,140,5000001327,20230206,366.23,366.23,0.0,0.0
4500000411,150,5000001327,20230206,4470.0,4470.0,0.0,0.0
4500000411,160,5000001327,20230206,366.23,366.23,0.0,0.0
4500000411,170,5000001321,20230206,4470.0,4470.0,0.0,0.0
4500000411,180,5000001321,20230206,366.23,366.23,0.0,0.0
4500000412,10,5000014803,20230627,1200.0,1200.0,0.0,0.0
4500000412,20,5000014803,20230627,98.32,98.32,0.0,0.0
4500000412,30,5000014803,20230627,1200.0,1200.0,0.0,0.0
4500000412,40,5000014803,20230627,98.32,98.32,0.0,0.0
4500000413,10,5000001525,20230208,1200.0,1200.0,0.0,0.0
4500000413,20,5000001525,20230208,98.32,98.32,0.0,0.0
4500000413,30,5000001525,20230208,1200.0,1200.0,0.0,0.0
4500000413,40,5000001525,20230208,98.32,98.32,0.0,0.0
4500000413,50,5000001525,20230208,1200.0,1200.0,0.0,0.0
4500000413,60,5000001525,20230208,98.32,98.32,0.0,0.0
4500000413,70,5000001525,20230208,1450.0,1450.0,0.0,0.0
4500000413,80,5000001525,20230208,118.8,118.8,0.0,0.0
4500000414,10,5000000558,20230120,300.0,300.0,0.0,0.0
4500000415,10,5000000557,20230120,900.0,900.0,0.0,0.0
4500000415,20,5000000557,20230120,900.0,900.0,0.0,0.0
4500000416,10,5000000565,20230120,875.0,875.0,0.0,0.0
4500000416,20,5000000565,20230120,875.0,875.0,0.0,0.0
4500000416,30,5000000565,20230120,260.0,260.0,0.0,0.0
4500000416,40,5000000565,20230120,320.0,320.0,0.0,0.0
4500000416,50,5000000565,20230120,100.0,100.0,0.0,0.0
4500000416,60,5000000565,20230120,60.0,60.0,0.0,0.0
4500000416,70,5000000565,20230120,42.0,42.0,0.0,0.0
4500000416,80,5000000565,20230120,38.0,38.0,0.0,0.0
4500000417,10,5000000564,20230120,49.2,49.2,0.0,0.0
4500000418,10,5000000563,20230120,480.0,480.0,0.0,0.0
4500000419,10,5000000570,20230120,4272.73,4272.73,0.0,0.0
4500000420,10,5000000562,20230120,298.0,298.0,0.0,0.0
4500000420,20,5000000562,20230120,1490.0,1490.0,0.0,0.0
4500000420,30,5000000562,20230120,875.0,875.0,0.0,0.0
4500000420,40,5000000562,20230120,320.0,320.0,0.0,0.0
4500000420,50,5000000562,20230120,300.0,306.0,0.0,0.0
4500000420,60,5000000562,20230120,76.0,76.0,0.0,0.0
4500000421,10,5000000561,20230120,56.0,56.0,0.0,0.0
4500000421,20,5000000561,20230120,56.0,56.0,0.0,0.0
4500000421,30,5000000561,20230120,56.0,56.0,0.0,0.0
4500000421,40,5000000561,20230120,56.0,56.0,0.0,0.0
4500000421,50,5000000561,20230120,56.0,56.0,0.0,0.0
4500000421,60,5000000561,20230120,405.0,405.0,0.0,0.0
4500000421,70,5000000561,20230120,513.0,513.0,0.0,0.0
4500000421,80,5000000561,20230120,400.0,400.0,0.0,0.0
4500000421,90,5000000561,20230120,570.0,570.0,0.0,0.0
4500000421,100,5000000561,20230120,570.0,570.0,0.0,0.0
4500000421,110,5000000561,20230120,1920.0,1920.0,0.0,0.0
4500000421,120,5000000561,20230120,1920.0,1920.0,0.0,0.0
4500000422,10,5000000566,20230120,85.0,85.0,0.0,0.0
4500000423,10,5000000567,20230120,85.0,85.0,0.0,0.0
4500000424,10,5000000556,20230120,1650.0,1650.0,0.0,0.0
4500000424,20,5000000556,20230120,285.0,285.0,0.0,0.0
4500000424,30,5000000556,20230120,845.0,845.0,0.0,0.0
4500000424,40,5000000556,20230120,2250.0,2250.0,0.0,0.0
4500000424,50,5000000556,20230120,910.0,910.0,0.0,0.0
4500000425,10,5000000571,20230120,450.0,450.0,0.0,0.0
4500000426,10,5000000572,20230120,3950.0,3950.0,0.0,0.0
4500000426,20,5000000572,20230120,869.0,869.0,0.0,0.0
4500000427,10,5000000573,20230120,3950.0,3950.0,0.0,0.0
4500000427,20,5000000573,20230120,869.0,869.0,0.0,0.0
4500000428,10,5000000574,20230120,3950.0,3950.0,0.0,0.0
4500000428,20,5000000574,20230120,869.0,869.0,0.0,0.0
4500000428,30,5000000575,20230120,3950.0,3950.0,0.0,0.0
4500000428,40,5000000575,20230120,869.0,869.0,0.0,0.0
4500000428,50,5000000576,20230120,3950.0,3950.0,0.0,0.0
4500000428,60,5000000576,20230120,869.0,869.0,0.0,0.0
4500000429,10,,,0.0,0.0,0.0,0.0
4500000430,10,5000000560,20230120,787.26,787.26,0.0,0.0
4500000430,20,5000000560,20230120,120.41,120.41,0.0,0.0
4500000431,10,5000000630,20230125,2205.0,2205.0,0.0,0.0
4500000431,20,5000000630,20230125,1512.0,1512.0,0.0,0.0
4500000432,10,5000000634,20230125,160.0,160.0,0.0,0.0
4500000432,20,5000000634,20230125,160.0,160.0,0.0,0.0
4500000433,10,5000000635,20230125,9240.0,9240.0,0.0,0.0
4500000433,20,5000000635,20230125,10990.0,10990.0,0.0,0.0
4500000434,10,5000000586,20230123,85.0,85.0,0.0,0.0
4500000434,20,5000000586,20230123,85.0,85.0,0.0,0.0
4500000435,10,5000001516,20230208,3900.0,3900.0,0.0,0.0
4500000435,20,5000001516,20230208,319.53,319.53,0.0,0.0
4500000436,10,5000000578,20230120,15.0,15.0,0.0,0.0
4500000436,20,5000000578,20230120,15.0,15.0,0.0,0.0
4500000436,30,5000000578,20230120,30.0,30.0,0.0,0.0
4500000436,40,5000000578,20230120,15.0,15.0,0.0,0.0
4500000436,50,5000000578,20230120,15.0,15.0,0.0,0.0
4500000436,60,5000000578,20230120,15.0,15.0,0.0,0.0
4500000436,70,5000000578,20230120,15.0,15.0,0.0,0.0
4500000436,80,5000000578,20230120,30.0,30.0,0.0,0.0
4500000436,90,5000000578,20230120,15.0,15.0,0.0,0.0
4500000436,100,5000000578,20230120,15.0,15.0,0.0,0.0
4500000436,110,5000000578,20230120,30.0,30.0,0.0,0.0
4500000436,120,5000000578,20230120,15.0,15.0,0.0,0.0
4500000436,130,5000000578,20230120,15.0,15.0,0.0,0.0
4500000436,140,5000000578,20230120,30.0,30.0,0.0,0.0
4500000436,150,5000000578,20230120,30.0,30.0,0.0,0.0
4500000436,160,5000000578,20230120,15.0,15.0,0.0,0.0
4500000436,170,5000000578,20230120,34.66,34.66,0.0,0.0
4500000436,180,5000000578,20230120,240.0,240.0,0.0,0.0
4500000436,190,5000000578,20230120,240.0,240.0,0.0,0.0
4500000436,200,5000000578,20230120,120.0,120.0,0.0,0.0
4500000436,210,5000000578,20230120,120.0,120.0,0.0,0.0
4500000436,220,5000000578,20230120,120.0,120.0,0.0,0.0
4500000436,230,5000000578,20230120,240.0,240.0,0.0,0.0
4500000436,240,5000000578,20230120,240.0,240.0,0.0,0.0
4500000436,250,5000000578,20230120,240.0,240.0,0.0,0.0
4500000436,260,5000000578,20230120,120.0,120.0,0.0,0.0
4500000436,270,5000000578,20230120,240.0,240.0,0.0,0.0
4500000436,280,5000000578,20230120,360.0,360.0,0.0,0.0
4500000436,290,5000000578,20230120,120.0,120.0,0.0,0.0
4500000436,300,5000000578,20230120,120.0,120.0,0.0,0.0
4500000436,310,5000000578,20230120,34.66,34.66,0.0,0.0
4500000436,320,5000000578,20230120,250.0,250.0,0.0,0.0
4500000436,330,5000000578,20230120,679.42,679.42,0.0,0.0
4500000436,340,5000000578,20230120,250.0,250.0,0.0,0.0
4500000436,350,5000000578,20230120,628.78,628.78,0.0,0.0
4500000436,360,5000000578,20230120,250.0,250.0,0.0,0.0
4500000436,370,5000000578,20230120,561.26,561.26,0.0,0.0
4500000436,380,5000000578,20230120,250.0,250.0,0.0,0.0
4500000436,390,5000000578,20230120,1067.66,1067.66,0.0,0.0
4500000437,10,,,0.0,0.0,0.0,0.0
4500000437,20,,,0.0,0.0,0.0,0.0
4500000437,30,,,0.0,0.0,0.0,0.0
4500000437,40,,,0.0,0.0,0.0,0.0
4500000437,50,,,0.0,0.0,0.0,0.0
4500000437,60,,,0.0,0.0,0.0,0.0
4500000437,70,,,0.0,0.0,0.0,0.0
4500000437,80,,,0.0,0.0,0.0,0.0
4500000438,10,5000000588,20230123,3950.0,3950.0,0.0,0.0
4500000438,20,5000000588,20230123,869.0,869.0,0.0,0.0
4500000439,10,5000000587,20230123,1602.16,1602.16,0.0,0.0
4500000439,20,5000000587,20230123,1602.16,1602.16,0.0,0.0
4500000439,30,5000000587,20230123,1602.16,1602.16,0.0,0.0
4500000439,40,5000000587,20230123,1602.16,1602.16,0.0,0.0
4500000440,10,5000000619,20230125,616.5,616.5,0.0,0.0
4500000440,20,5000000619,20230125,1105.0,1105.0,0.0,0.0
4500000440,30,5000000619,20230125,410.0,410.0,0.0,0.0
4500000440,40,5000000619,20230125,543.0,543.0,0.0,0.0
4500000440,50,5000000619,20230125,1396.0,1396.0,0.0,0.0
4500000440,60,5000000619,20230125,60.0,60.0,0.0,0.0
4500000441,10,5000001635,20230209,3900.0,3900.0,0.0,0.0
4500000441,20,5000001635,20230209,319.53,319.53,0.0,0.0
4500000442,10,5000001331,20230206,4470.0,4470.0,0.0,0.0
4500000442,20,5000001331,20230206,366.23,366.23,0.0,0.0
4500000443,10,5000000615,20230125,1202.0,1202.0,0.0,0.0
4500000443,20,5000000615,20230125,520.0,520.0,0.0,0.0
4500000443,30,5000000615,20230125,230.0,230.0,0.0,0.0
4500000443,40,5000000615,20230125,927.24,927.24,0.0,0.0
4500000443,50,5000000615,20230125,225.4,225.4,0.0,0.0
4500000443,60,5000000615,20230125,15431.5,15431.5,0.0,0.0
4500000443,70,5000000615,20230125,440.9,199.99,0.0,0.0
4500000444,10,5000000616,20230125,5940.0,5940.0,0.0,0.0
4500000445,10,5000000621,20230125,300.0,300.0,0.0,0.0
4500000445,20,5000000621,20230125,480.0,480.0,0.0,0.0
4500000445,30,5000000621,20230125,80.0,80.0,0.0,0.0
4500000445,40,5000000621,20230125,31.2,31.2,0.0,0.0
4500000445,50,5000000621,20230125,420.0,420.0,0.0,0.0
4500000445,60,5000000621,20230125,300.0,300.0,0.0,0.0
4500000445,70,5000000621,20230125,555.0,555.0,0.0,0.0
4500000446,10,5000000617,20230125,65.0,65.0,0.0,0.0
4500000447,10,5000000622,20230125,3273.6,3273.6,0.0,0.0
4500000447,20,5000000622,20230125,1503.2,1503.2,0.0,0.0
4500000447,30,5000000622,20230125,238.84,238.84,0.0,0.0
4500000448,10,5000000613,20230125,384.0,384.0,0.0,0.0
4500000449,10,5000000603,20230124,1662.0,1662.0,0.0,0.0
4500000449,20,5000000603,20230124,1788.0,1788.0,0.0,0.0
4500000450,10,5000000602,20230124,3045.0,3045.0,0.0,0.0
4500000450,20,5000000602,20230124,3190.0,3190.0,0.0,0.0
4500000450,30,5000000602,20230124,11748.0,11748.0,0.0,0.0
4500000451,10,5000000601,20230124,192.5,192.5,0.0,0.0
4500000452,10,5000000600,20230124,23.5,23.5,0.0,0.0
4500000453,10,5000000599,20230124,385.0,385.0,0.0,0.0
4500000454,10,5000000598,20230124,33280.0,33280.0,0.0,0.0
4500000454,20,5000000598,20230124,6656.0,6656.0,0.0,0.0
4500000455,10,5000000597,20230124,180.5,180.5,0.0,0.0
4500000456,10,5000000612,20230125,1000.0,1000.0,0.0,0.0
4500000456,20,5000000612,20230125,920.0,920.0,0.0,0.0
4500000457,10,5000000596,20230124,26624.0,26624.0,0.0,0.0
4500000458,10,5000000594,20230124,333.0,333.0,0.0,0.0
4500000458,20,5000000594,20230124,212.0,212.0,0.0,0.0
4500000458,30,5000000594,20230124,783.0,783.0,0.0,0.0
4500000458,40,5000000594,20230124,214.0,214.0,0.0,0.0
4500000458,50,5000000594,20230124,277.0,277.0,0.0,0.0
4500000459,10,5000001320,20230206,4470.0,4470.0,0.0,0.0
4500000459,20,5000001320,20230206,373.01,373.01,0.0,0.0
4500000459,30,5000001330,20230206,4470.0,4470.0,0.0,0.0
4500000459,40,5000001330,20230206,373.01,373.01,0.0,0.0
4500000461,10,5000000640,20230125,10579.95,10579.95,0.0,0.0
4500000461,20,,,0.0,0.0,0.0,0.0
4500000461,30,,,0.0,0.0,0.0,0.0
4500000461,40,,,0.0,0.0,0.0,0.0
4500000461,50,,,0.0,0.0,0.0,0.0
4500000462,10,5000000639,20230125,21161.0,21440.38,0.0,0.0
4500000462,20,5000000639,20230125,334.98,334.98,0.0,0.0
4500000463,10,5000000591,20230124,50.0,50.0,0.0,0.0
4500000463,20,5000000591,20230124,50.0,50.0,0.0,0.0
4500000463,30,5000000591,20230124,50.0,50.0,0.0,0.0
4500000464,10,5000000638,20230125,1611.55,1611.53,0.0,0.0
4500000464,20,5000000638,20230125,43.35,43.35,0.0,0.0
4500000465,10,5000000637,20230125,1611.55,1611.53,0.0,0.0
4500000466,10,5000003161,20230302,3900.0,3545.45,0.0,0.0
4500000466,20,5000003161,20230302,325.45,295.86,0.0,0.0
4500000466,30,5000001637,20230209,3900.0,3545.45,0.0,0.0
4500000466,40,5000001637,20230209,325.45,295.86,0.0,0.0
4500000466,50,5000001636,20230209,3900.0,3545.45,0.0,0.0
4500000466,60,5000001636,20230209,325.45,295.86,0.0,0.0
4500000466,70,5000003161,20230302,3900.0,3545.45,0.0,0.0
4500000466,80,5000003161,20230302,325.45,295.86,0.0,0.0
4500000466,90,5000001636,20230209,3900.0,3545.45,0.0,0.0
4500000466,100,5000001636,20230209,325.45,295.86,0.0,0.0
4500000467,10,5000001639,20230209,2750.0,2500.0,0.0,0.0
4500000467,20,5000001639,20230209,229.48,208.62,0.0,0.0
4500000467,30,5000005440,20230324,2750.0,2750.0,0.0,0.0
4500000467,40,5000005440,20230324,229.48,229.48,0.0,0.0
4500000468,10,5000014339,20230623,1200.0,1200.0,0.0,0.0
4500000468,20,5000014339,20230623,100.14,100.14,0.0,0.0
4500000468,30,5000014339,20230623,1200.0,1200.0,0.0,0.0
4500000468,40,5000014339,20230623,100.14,100.14,0.0,0.0
4500000469,10,5000000931,20230202,1200.0,1200.0,0.0,0.0
4500000469,20,5000000931,20230202,100.14,100.14,0.0,0.0
4500000471,10,5000000636,20230125,20.0,20.0,0.0,0.0
4500000471,20,5000000636,20230125,13.8,13.82,0.0,0.0
4500000471,30,5000000636,20230125,15.32,15.32,0.0,0.0
4500000472,10,5000000611,20230125,85.0,85.0,0.0,0.0
4500000473,10,5000063318,20240712,618.15,618.15,729.47,-729.47
4500000474,10,5000000701,20230130,136.36,136.36,0.0,0.0
4500000474,20,5000000701,20230130,318.18,318.18,0.0,0.0
4500000474,30,5000000701,20230130,318.18,318.18,0.0,0.0
4500000475,10,5000000700,20230130,341.55,341.55,0.0,0.0
4500000476,10,5000000699,20230130,265.65,265.65,0.0,0.0
4500000477,10,5000000698,20230130,90.0,90.68,0.0,0.0
4500000477,20,5000000698,20230130,818.0,818.0,0.0,0.0
4500000477,30,5000000698,20230130,279.5,279.5,0.0,0.0
4500000477,40,5000000698,20230130,705.0,705.0,0.0,0.0
4500000477,50,5000000698,20230130,106.85,106.88,0.0,0.0
4500000477,60,5000000698,20230130,350.0,350.14,0.0,0.0
4500000477,70,5000000698,20230130,12.72,12.72,0.0,0.0
4500000477,80,5000000698,20230130,580.0,580.0,0.0,0.0
4500000477,90,5000000698,20230130,247.0,247.5,0.0,0.0
4500000477,100,5000000698,20230130,370.0,370.0,0.0,0.0
4500000477,110,5000000698,20230130,195.4,195.4,0.0,0.0
4500000477,120,5000000698,20230130,160.0,160.0,0.0,0.0
4500000478,10,,,0.0,0.0,0.0,0.0
4500000478,20,,,0.0,0.0,0.0,0.0
4500000478,30,,,0.0,0.0,0.0,0.0
4500000478,40,,,0.0,0.0,0.0,0.0
4500000479,10,,,0.0,0.0,0.0,0.0
4500000479,20,,,0.0,0.0,0.0,0.0
4500000480,10,,,0.0,0.0,0.0,0.0
4500000480,20,,,0.0,0.0,0.0,0.0
4500000481,10,5000001423,20230131,47021.38,47021.38,0.0,0.0
4500000482,10,5000001638,20230209,2750.0,2500.0,0.0,0.0
4500000482,20,5000001638,20230209,229.48,208.62,0.0,0.0
4500000482,30,5000003675,20230307,2750.0,2750.0,0.0,0.0
4500000482,40,5000003675,20230307,229.48,229.48,0.0,0.0
4500000483,10,5000000680,20230130,185.45,185.45,0.0,0.0
4500000483,20,5000000680,20230130,183.64,183.64,0.0,0.0
4500000484,10,5000000866,20230202,561.22,561.22,0.0,0.0
4500000485,10,,,0.0,0.0,0.0,0.0
4500000485,20,,,0.0,0.0,0.0,0.0
4500000486,10,5000000933,20230202,1200.0,1200.0,0.0,0.0
4500000486,20,5000000933,20230202,100.14,100.14,0.0,0.0
4500000487,10,5000001332,20230206,4470.0,4470.0,0.0,0.0
4500000487,20,5000001332,20230206,373.01,373.01,0.0,0.0
4500000488,10,5000002530,20230222,432.0,432.0,0.0,0.0
4500000489,10,,,0.0,0.0,0.0,0.0
4500000489,20,,,0.0,0.0,0.0,0.0
4500000489,30,5000000679,20230130,4500.0,4500.0,0.0,0.0
4500000489,40,5000000679,20230130,1000.0,1000.0,0.0,0.0
4500000490,10,,,0.0,0.0,0.0,0.0
4500000490,20,,,0.0,0.0,0.0,0.0
4500000491,10,5000003673,20230307,3900.0,3900.0,0.0,0.0
4500000491,20,5000003673,20230307,325.45,325.45,0.0,0.0
4500000492,10,,,0.0,0.0,0.0,0.0
4500000492,20,,,0.0,0.0,0.0,0.0
4500000493,10,5000000867,20230202,1608.0,1608.0,0.0,0.0
4500000494,10,5000000868,20230202,320.0,320.0,0.0,0.0
4500000495,10,,,142746.9,142746.9,0.0,0.0
4500000496,10,,,2647.79,2647.79,0.0,0.0
4500000496,20,,,3185.84,3185.85,0.0,0.0
4500000496,30,,,3682.3,3682.3,0.0,0.0
4500000496,40,,,8230.09,8230.09,0.0,0.0
4500000496,50,,,4203.54,4203.54,0.0,0.0
4500000496,60,,,5132.74,5132.74,0.0,0.0
4500000496,70,,,2654.87,2628.32,0.0,0.0
4500000496,80,,,2389.38,2389.38,0.0,0.0
4500000496,90,,,1237.17,1237.17,0.0,0.0
4500000496,100,,,1253.98,1253.98,0.0,0.0
4500000496,110,,,1805.31,1805.31,0.0,0.0
4500000497,10,,,4035.4,4560.0,0.0,0.0
4500000497,20,,,13451.33,15200.0,0.0,0.0
4500000497,30,,,707.96,800.0,0.0,0.0
4500000497,40,,,3982.3,4500.0,0.0,0.0
4500000497,50,,,3185.84,3300.0,0.0,0.0
4500000497,60,,,5265.49,5840.0,0.0,0.0
4500000497,70,,,4513.27,5100.0,0.0,0.0
4500000497,80,,,707.97,800.0,0.0,0.0
4500000497,100,,,1172.57,1325.0,0.0,0.0
4500000497,110,,,884.96,1000.0,0.0,0.0
4500000497,120,,,884.96,1000.0,0.0,0.0
4500000497,130,,,884.96,1000.0,0.0,0.0
4500000497,160,,,4247.79,4800.0,0.0,0.0
4500000497,170,,,6415.92,7035.56,0.0,0.0
4500000497,180,,,1924.78,2005.0,0.0,0.0
4500000497,190,,,265.49,300.0,0.0,0.0
4500000497,200,,,530.97,600.0,0.0,0.0
4500000497,210,,,146.02,165.0,0.0,0.0
4500000497,220,,,172.57,195.0,0.0,0.0
4500000498,10,,,9493.8,9493.8,0.0,0.0
4500000499,30,,,10353.98,10353.98,0.0,0.0
4500000499,80,,,11946.9,11946.92,0.0,0.0
4500000499,90,,,2771.68,2771.68,0.0,0.0
4500000499,120,,,39800.89,39117.97,0.0,0.0
4500000499,130,,,464601.77,456637.15,0.0,0.0
4500000499,150,,,13168.14,13168.14,0.0,0.0
4500000499,190,,,5176.99,5176.99,0.0,0.0
4500000499,200,,,1466.81,1466.81,0.0,0.0
4500000499,210,,,24245.58,24245.58,0.0,0.0
4500000501,10,,,145433.63,145433.62,0.0,0.0
4500000502,10,,,449.56,449.56,0.0,0.0
4500000502,20,,,96876.11,96876.11,0.0,0.0
4500000502,30,,,101955.75,101955.75,0.0,0.0
4500000503,10,,,8778.76,8778.76,0.0,0.0
4500000505,10,,,619.47,619.46,0.0,0.0
4500000505,20,,,2477.88,2477.88,0.0,0.0
4500000505,30,,,3716.81,3716.81,0.0,0.0
4500000505,40,,,6814.16,6814.16,0.0,0.0
4500000505,50,,,1858.41,1858.41,0.0,0.0
4500000505,60,,,2477.88,2477.88,0.0,0.0
4500000505,70,,,1238.94,1238.94,0.0,0.0
4500000505,80,,,1246.02,1246.02,0.0,0.0
4500000505,90,,,2492.04,2492.04,0.0,0.0
4500000506,10,,,4692.48,4692.48,0.0,0.0
4500000507,10,,,194601.77,194601.77,0.0,0.0
4500000508,10,,,1008.85,1008.86,0.0,0.0
4500000508,80,,,40707.96,40707.96,0.0,0.0
4500000509,10,,,1035.4,1035.4,0.0,0.0
4500000509,20,,,743.36,743.36,0.0,0.0
4500000510,10,,,1907.96,1907.96,0.0,0.0
4500000510,20,,,6194.69,6194.69,0.0,0.0
4500000510,60,,,5522.12,5522.12,0.0,0.0
4500000510,70,,,884.96,884.96,0.0,0.0
4500000510,80,,,1327.43,1327.43,0.0,0.0
4500000510,90,,,1725.66,1725.66,0.0,0.0
4500000511,10,,,1911.5,1911.5,0.0,0.0
4500000512,10,,,39823.01,39823.01,0.0,0.0
4500000512,20,,,54477.88,54477.88,0.0,0.0
4500000512,30,,,78690.27,78690.27,0.0,0.0
4500000513,10,,,8495.58,8495.58,0.0,0.0
4500000514,10,,,11125.17,11125.17,0.0,0.0
4500000514,20,,,14212.39,14212.39,0.0,0.0
4500000514,30,,,37964.6,37964.6,0.0,0.0
4500000515,10,,,530.97,530.97,0.0,0.0
4500000516,10,,,8453.98,8453.98,0.0,0.0
4500000516,20,,,6088.5,6088.5,0.0,0.0
4500000517,10,5000000865,20230202,233.8,233.8,0.0,0.0
4500000517,20,5000000865,20230202,83.82,83.82,0.0,0.0
4500000517,30,5000000865,20230202,40.0,40.0,0.0,0.0
4500000518,10,5000001107,20230203,307.26,307.27,0.0,0.0
4500000518,20,5000001107,20230203,453.64,453.64,0.0,0.0
4500000519,10,,,115539.82,115539.83,0.0,0.0
4500000519,20,,,161274.35,161274.34,0.0,0.0
4500000521,10,,,9497.79,9497.79,0.0,0.0
4500000524,10,5000001678,20230210,240.0,240.0,0.0,0.0
4500000524,20,5000001678,20230210,5520.0,5520.0,0.0,0.0
4500000524,30,5000001678,20230210,200.0,200.0,0.0,0.0
4500000524,40,5000001678,20230210,475.0,475.0,0.0,0.0
4500000524,50,5000001678,20230210,300.0,300.0,0.0,0.0
4500000524,60,5000001678,20230210,600.0,600.0,0.0,0.0
4500000524,70,5000001678,20230210,720.0,720.0,0.0,0.0
4500000525,10,,,132.74,132.74,0.0,0.0
4500000526,10,,,43814.16,43814.16,0.0,0.0
4500000526,20,,,55840.71,55840.71,0.0,0.0
4500000526,30,,,2577.35,2577.35,0.0,0.0
4500000526,40,,,16752.21,16752.21,0.0,0.0
4500000526,50,,,11856.64,11856.64,0.0,0.0
4500000526,60,,,10309.73,10309.73,0.0,0.0
4500000526,70,,,212.39,212.39,0.0,0.0
4500000529,10,,,4070.8,4070.8,0.0,0.0
4500000530,10,5000000710,20230131,1550.0,1550.0,0.0,0.0
4500000530,20,5000000710,20230131,1550.0,1550.0,0.0,0.0
4500000530,30,5000000710,20230131,1550.0,1550.0,0.0,0.0
4500000530,40,5000000710,20230131,1550.0,1550.0,0.0,0.0
4500000532,10,5000000856,20230202,73.01,73.01,0.0,0.0
4500000533,10,5000000852,20230202,379.5,379.5,0.0,0.0
4500000534,10,5000000851,20230202,189.75,189.75,0.0,0.0
4500000535,10,5000000850,20230202,960.0,960.0,0.0,0.0
4500000535,20,5000000850,20230202,1785.0,1785.0,0.0,0.0
4500000536,10,,,46017.7,46017.7,0.0,0.0
4500000537,10,,,2212.39,2212.39,0.0,0.0
4500000538,10,5000000834,20230202,42240.0,42240.0,0.0,0.0
4500000538,20,5000000834,20230202,3840.0,3840.0,0.0,0.0
4500000538,30,5000000834,20230202,5070.0,5070.0,0.0,0.0
4500000538,40,5000000834,20230202,11940.0,11940.0,0.0,0.0
4500000538,50,5000000834,20230202,17640.0,17640.0,0.0,0.0
4500000538,60,5000000834,20230202,24752.0,24752.0,0.0,0.0
4500000538,70,5000000834,20230202,4870.0,4870.0,0.0,0.0
4500000538,80,5000000834,20230202,24915.0,24915.0,0.0,0.0
4500000538,90,5000000834,20230202,442.0,442.0,0.0,0.0
4500000538,100,5000000834,20230202,1359.0,1359.0,0.0,0.0
4500000538,110,5000000834,20230202,1461.0,1461.0,0.0,0.0
4500000538,120,5000000834,20230202,66231.0,66231.0,0.0,0.0
4500000538,130,5000000834,20230202,4158.0,4158.0,0.0,0.0
4500000538,140,5000000834,20230202,1302.0,1302.0,0.0,0.0
4500000538,150,5000000834,20230202,3568.0,3568.0,0.0,0.0
4500000538,160,5000000834,20230202,1750.0,1750.0,0.0,0.0
4500000538,170,5000000834,20230202,625.0,625.0,0.0,0.0
4500000538,180,5000000834,20230202,1750.0,1750.0,0.0,0.0
4500000538,190,5000000834,20230202,5184.0,5184.0,0.0,0.0
4500000538,200,5000000834,20230202,28480.0,28480.0,0.0,0.0
4500000538,210,5000000833,20230202,19968.0,19968.0,0.0,0.0
4500000539,10,5000000830,20230202,5760.0,5760.0,0.0,0.0
4500000539,20,5000000830,20230202,3120.0,3120.0,0.0,0.0
4500000539,30,5000000830,20230202,9950.0,9950.0,0.0,0.0
4500000539,40,5000000830,20230202,22100.0,22100.0,0.0,0.0
4500000539,50,5000000830,20230202,1812.0,1812.0,0.0,0.0
4500000539,60,5000000830,20230202,4870.0,4870.0,0.0,0.0
4500000539,70,5000000830,20230202,68310.0,68310.0,0.0,0.0
4500000539,80,5000000830,20230202,2376.0,2376.0,0.0,0.0
4500000539,90,,,0.0,0.0,0.0,0.0
4500000539,100,,,0.0,0.0,0.0,0.0
4500000539,110,,,0.0,0.0,0.0,0.0
4500000539,130,5000000830,20230202,1000.0,0.0,0.0,0.0
4500000539,140,5000000831,20230202,6656.0,0.0,0.0,0.0
4500000539,150,5000000849,20230202,21391.44,21392.0,0.0,0.0
4500000539,160,5000000832,20230202,22300.0,22300.0,0.0,0.0
4500000540,10,5000000838,20230202,1341.06,1341.06,0.0,0.0
4500000540,20,5000000838,20230202,13915.2,13915.2,0.0,0.0
4500000540,30,,,0.0,0.0,0.0,0.0
4500000540,40,,,0.0,0.0,0.0,0.0
4500000540,50,,,0.0,0.0,0.0,0.0
4500000540,60,5000000838,20230202,700.0,0.0,0.0,0.0
4500000540,70,5000000838,20230202,59904.0,59904.0,0.0,0.0
4500000540,80,5000000838,20230202,33280.0,33280.0,0.0,0.0
4500000540,90,5000000838,20230202,23496.0,23496.0,0.0,0.0
4500000540,100,5000000838,20230202,23496.0,23496.0,0.0,0.0
4500000540,110,5000000838,20230202,8386.56,8386.56,0.0,0.0
4500000540,120,5000000838,20230202,3594.24,3594.24,0.0,0.0
4500000540,130,5000000838,20230202,47520.0,47520.0,0.0,0.0
4500000540,140,5000000838,20230202,28480.0,28480.0,0.0,0.0
4500000540,150,5000000836,20230202,8400.0,8400.0,0.0,0.0
4500000540,160,5000000836,20230202,1226.62,1226.62,0.0,0.0
4500000540,170,5000000835,20230202,76626.0,76626.0,0.0,0.0
4500000540,180,5000000837,20230202,67691.6,67691.6,0.0,0.0
4500000541,10,5000000839,20230202,270.4,270.4,0.0,0.0
4500000542,10,,,0.0,0.0,0.0,0.0
4500000543,10,5000002048,20230216,1590.0,1590.0,0.0,0.0
4500000544,10,5000000842,20230202,49.2,0.0,0.0,0.0
4500000545,10,5000000863,20230202,250.0,250.0,0.0,0.0
4500000546,10,5000000861,20230202,2401.2,2401.2,0.0,0.0
4500000547,10,,,0.0,0.0,0.0,0.0
4500000548,10,5000000864,20230202,1195.0,1195.0,0.0,0.0
4500000549,10,5000002594,20230223,2100.0,2100.0,0.0,0.0
4500000550,10,5000002595,20230223,2560.0,2560.0,0.0,0.0
4500000551,10,5000001616,20230209,1120.0,1120.0,0.0,0.0
4500000552,10,5000000934,20230202,1450.0,1450.0,0.0,0.0
4500000552,20,5000000934,20230202,123.2,123.2,0.0,0.0
4500000553,10,5000002031,20230216,1800.0,1800.0,2002.0,-2002.0
4500000553,20,5000002031,20230216,220.0,220.0,220.0,-220.0
4500000554,10,,,743.36,743.36,0.0,0.0
4500000554,20,,,1035.4,1035.4,0.0,0.0
4500000555,10,,,0.0,0.0,0.0,0.0
4500000556,10,5000000711,20230131,9955.45,9955.45,0.0,0.0
4500000556,20,5000000711,20230131,128823.03,128823.03,0.0,0.0
4500000557,10,5000000930,20230202,1200.0,1200.0,0.0,0.0
4500000557,20,5000000930,20230202,101.96,101.96,0.0,0.0
4500000557,30,5000000930,20230202,1200.0,1200.0,0.0,0.0
4500000557,40,5000000930,20230202,101.96,101.96,0.0,0.0
4500000558,10,,,774.34,774.34,0.0,0.0
4500000558,20,,,619.47,619.47,0.0,0.0
4500000558,30,,,884.96,884.96,0.0,0.0
4500000558,40,,,1061.95,1061.95,0.0,0.0
4500000558,50,,,155.75,155.75,0.0,0.0
4500000559,10,,,782.39,782.39,0.0,0.0
4500000559,20,,,295.49,295.49,0.0,0.0
4500000559,30,,,345.66,345.66,0.0,0.0
4500000559,40,,,397.7,397.7,0.0,0.0
4500000559,50,,,353.1,353.1,0.0,0.0
4500000559,60,,,27095.58,27095.57,0.0,0.0
4500000559,70,,,1991.15,1991.15,0.0,0.0
4500000560,10,,,247.79,247.79,0.0,0.0
4500000560,20,,,442.48,442.48,0.0,0.0
4500000561,10,5000001094,20230203,1935.76,1935.76,0.0,0.0
4500000561,20,5000001094,20230203,1332.94,1332.94,0.0,0.0
4500000561,30,5000001094,20230203,1241.38,1241.36,0.0,0.0
4500000561,40,5000001094,20230203,1332.94,1332.94,0.0,0.0
4500000561,50,5000001094,20230203,111.2,111.2,0.0,0.0
4500000561,60,5000001094,20230203,22500.0,22500.0,0.0,0.0
4500000561,70,5000001094,20230203,3485.4,3485.4,0.0,0.0
4500000561,80,5000001094,20230203,1795.1,1795.1,0.0,0.0
4500000561,90,5000001094,20230203,2763.0,2763.0,0.0,0.0
4500000561,100,5000001094,20230203,288.2,288.19,0.0,0.0
4500000561,110,5000001094,20230203,117.0,117.0,0.0,0.0
4500000561,120,5000001094,20230203,136.8,136.8,0.0,0.0
4500000561,130,5000001094,20230203,15697.5,15697.5,0.0,0.0
4500000561,140,5000001094,20230203,5120.0,5120.0,0.0,0.0
4500000561,150,5000001094,20230203,7400.0,7400.0,0.0,0.0
4500000561,160,5000003412,20230303,3120.0,3120.0,0.0,0.0
4500000561,170,5000001094,20230203,129.0,129.0,0.0,0.0
4500000561,180,5000001094,20230203,3096.0,3096.0,0.0,0.0
4500000561,190,5000001094,20230203,129.0,129.0,0.0,0.0
4500000561,200,5000001094,20230203,3096.0,3096.0,0.0,0.0
4500000561,210,5000001094,20230203,73.2,73.1,0.0,0.0
4500000561,220,5000001094,20230203,915.0,913.75,0.0,0.0
4500000561,230,5000001094,20230203,13716.0,13716.0,0.0,0.0
4500000561,240,5000001094,20230203,63.0,63.0,0.0,0.0
4500000561,250,5000001094,20230203,70.0,70.0,0.0,0.0
4500000561,260,5000001094,20230203,4200.0,4200.0,0.0,0.0
4500000561,270,5000001094,20230203,6677.6,6677.6,0.0,0.0
4500000561,280,5000001094,20230203,834.7,834.7,0.0,0.0
4500000561,290,5000001094,20230203,213.9,213.9,0.0,0.0
4500000561,300,5000001094,20230203,40800.0,40800.0,0.0,0.0
4500000561,310,5000001094,20230203,2924.8,2924.87,0.0,0.0
4500000561,320,5000001094,20230203,1404.16,1404.19,0.0,0.0
4500000561,330,5000001094,20230203,339.36,339.32,0.0,0.0
4500000561,340,5000001092,20230203,8352.0,8352.0,0.0,0.0
4500000562,10,,,5840.71,5840.71,0.0,0.0
4500000563,10,5000000932,20230202,1200.0,1200.0,0.0,0.0
4500000563,20,5000000932,20230202,101.96,101.96,0.0,0.0
4500000564,10,5000000725,20230131,1103431.86,1068033.62,0.0,0.0
4500000565,10,,,2654.87,2654.87,0.0,0.0
4500000566,10,5000000906,20230202,275.45,275.45,0.0,0.0
4500000566,20,5000000906,20230202,136.36,136.36,0.0,0.0
4500000566,30,5000000906,20230202,275.45,275.45,0.0,0.0
4500000569,10,5000003674,20230307,2750.0,2750.0,0.0,0.0
4500000569,20,5000003674,20230307,233.66,233.66,0.0,0.0
4500000570,10,5000001277,20230206,19840.0,19840.0,0.0,0.0
4500000570,20,5000001277,20230206,1170.0,1170.0,0.0,0.0
4500000570,30,5000001277,20230206,2295.0,2295.0,0.0,0.0
4500000570,40,5000001277,20230206,740.0,740.0,0.0,0.0
4500000570,50,5000001277,20230206,3060.0,3060.0,0.0,0.0
4500000570,60,5000001277,20230206,795.0,795.0,0.0,0.0
4500000570,70,5000001277,20230206,730.0,730.0,0.0,0.0
4500000570,80,5000001277,20230206,1170.0,1170.0,0.0,0.0
4500000570,90,5000001277,20230206,4270.0,4270.0,0.0,0.0
4500000570,100,5000001277,20230206,70.0,70.0,0.0,0.0
4500000571,10,5000001278,20230206,2295.0,2295.0,0.0,0.0
4500000571,20,5000001278,20230206,2340.0,2340.0,0.0,0.0
4500000571,30,5000001278,20230206,1170.0,1170.0,0.0,0.0
4500000571,40,5000001278,20230206,765.0,765.0,0.0,0.0
4500000571,50,5000001278,20230206,1480.0,1480.0,0.0,0.0
4500000571,60,5000001278,20230206,765.0,765.0,0.0,0.0
4500000571,70,5000001278,20230206,730.0,730.0,0.0,0.0
4500000571,80,5000001278,20230206,25600.0,25600.0,0.0,0.0
4500000571,90,5000001278,20230206,3660.0,3660.0,0.0,0.0
4500000571,100,5000001278,20230206,210.0,210.0,0.0,0.0
4500000572,10,5000001102,20230203,750.0,750.0,0.0,0.0
4500000572,20,5000001102,20230203,3590.2,3590.2,0.0,0.0
4500000573,10,5000001104,20230203,208.0,208.0,0.0,0.0
4500000574,40,,,1672.57,1672.56,0.0,0.0
4500000574,50,,,3345.13,3345.13,0.0,0.0
4500000574,60,,,13176.99,13176.99,0.0,0.0
4500000575,10,5000074621,20241008,2227.3,2227.27,2453.18,-2453.18
4500000575,20,5000074621,20241008,31.82,31.82,31.82,-31.82
4500000576,10,,,40.71,40.71,0.0,0.0
4500000576,20,,,40.71,40.71,0.0,0.0
4500000576,30,,,46.02,46.02,0.0,0.0
4500000576,40,,,70.8,70.8,0.0,0.0
4500000576,50,,,97.35,97.35,0.0,0.0
4500000577,10,,,13805.31,13805.31,0.0,0.0
4500000578,10,,,0.0,0.0,0.0,0.0
4500000579,10,5000000889,20230131,973008.85,0.0,0.0,0.0
4500000580,10,5000000879,20230131,262392.0,0.0,0.0,0.0
4500000581,10,5000066438,20240802,898.2,898.26,1818.9,-1818.9
4500000581,20,5000066895,20240806,6550.44,6550.69,6550.69,-6550.69
4500000581,30,5000066438,20240802,1757.5,1757.45,1757.45,-1757.45
4500000582,10,5000000908,20230202,1950.0,1950.0,0.0,0.0
4500000583,10,5000001660,20230210,395.0,359.09,0.0,0.0
4500000584,10,,,11366.89,11366.94,0.0,0.0
4500000585,20,,,690.27,690.25,0.0,0.0
4500000585,30,,,1449.56,1449.56,0.0,0.0
4500000585,40,,,1283.19,1283.19,0.0,0.0
4500000586,30,,,530.97,530.97,0.0,0.0
4500000587,10,,,2123.89,2123.89,0.0,0.0
4500000587,20,,,2654.87,2654.87,0.0,0.0
4500000587,30,,,21592.92,21592.92,0.0,0.0
4500000587,40,,,17274.34,17274.36,0.0,0.0
4500000587,50,,,6477.88,6477.88,0.0,0.0
4500000587,60,,,25911.5,25911.5,0.0,0.0
4500000587,70,,,27433.63,27433.6,0.0,0.0
4500000588,10,,,1265.49,1265.49,0.0,0.0
4500000588,20,,,176.99,176.99,0.0,0.0
4500000588,30,,,707.96,707.96,0.0,0.0
4500000588,40,,,1364.6,1364.6,0.0,0.0
4500000588,50,,,2046.9,2046.9,0.0,0.0
4500000588,60,,,2362.83,2362.83,0.0,0.0
4500000589,40,,,0.0,0.0,0.0,0.0
4500000589,70,,,2477.88,2477.88,0.0,0.0
4500000589,80,,,1703.54,1703.54,0.0,0.0
4500000590,10,,,1628.32,1628.32,0.0,0.0
4500000591,10,,,12212.39,12212.39,0.0,0.0
4500000592,10,,,10840.71,10840.71,0.0,0.0
4500000592,20,,,10840.71,10840.71,0.0,0.0
4500000593,10,,,1585.84,1585.84,0.0,0.0
4500000594,10,5000000937,20230202,1100.0,1100.0,0.0,0.0
4500000594,20,5000000937,20230202,93.46,93.46,0.0,0.0
4500000595,10,,,52161.93,0.0,0.0,0.0
4500000595,20,,,156914.12,0.0,0.0,0.0
4500000595,30,,,8352.57,0.0,0.0,0.0
4500000595,40,,,17799.78,0.0,0.0,0.0
4500000595,50,,,5520.79,0.0,0.0,0.0
4500000595,60,,,35637.64,0.0,0.0,0.0
4500000595,70,,,90379.11,0.0,0.0,0.0
4500000595,80,,,358351.49,0.0,0.0,0.0
4500000595,90,,,29959.8,0.0,0.0,0.0
4500000595,100,,,16448.14,0.0,0.0,0.0
4500000595,110,,,23033.3,0.0,0.0,0.0
4500000595,120,,,27794.31,0.0,0.0,0.0
4500000595,130,,,15610.5,0.0,0.0,0.0
4500000595,140,,,8519.15,0.0,0.0,0.0
4500000596,10,,,30252.21,30252.21,0.0,0.0
4500000597,10,,,2265.49,2265.49,0.0,0.0
4500000598,10,,,0.0,0.0,0.0,0.0
4500000598,20,,,0.0,0.0,0.0,0.0
4500000599,10,,,43805.31,43805.31,0.0,0.0
4500000599,20,,,2920.35,2920.35,0.0,0.0
4500000600,10,,,0.0,0.0,0.0,0.0
4500000601,10,5000000935,20230202,1450.0,1450.0,0.0,0.0
4500000601,20,5000000935,20230202,123.2,123.2,0.0,0.0
4500000602,10,,,21026.55,21026.55,0.0,0.0
4500000602,20,,,13141.59,13141.59,0.0,0.0
4500000603,10,,,90600.0,191150.44,0.0,0.0
4500000604,10,,,98761.06,206814.16,0.0,0.0
4500000606,10,,,98761.06,206814.16,0.0,0.0
4500000607,10,,,0.0,0.0,0.0,0.0
4500000608,10,,,198400.0,347699.12,0.0,0.0
4500000609,10,,,0.0,0.0,0.0,0.0
4500000609,20,5000000978,20230131,54159.29,120707.96,0.0,0.0
4500000610,10,,,39292.04,120707.96,0.0,0.0
4500000611,10,,,32743.36,32743.36,0.0,0.0
4500000611,20,,,31858.41,31858.4,0.0,0.0
4500000611,30,,,46902.65,46902.66,0.0,0.0
4500000612,10,,,1327.43,1327.43,0.0,0.0
4500000613,10,,,0.0,0.0,0.0,0.0
4500000613,20,,,0.0,0.0,0.0,0.0
4500000614,10,,,0.0,0.0,0.0,0.0
4500000614,20,,,0.0,0.0,0.0,0.0
4500000615,10,5000000803,20230131,75965.23,85840.71,0.0,0.0
4500000615,20,5000000803,20230131,8403.05,9495.45,0.0,0.0
4500000616,10,,,529543.58,529543.58,0.0,0.0
4500000616,20,,,529008.7,529008.7,0.0,0.0
4500000616,30,,,485160.26,485160.26,0.0,0.0
4500000616,40,,,484218.28,484218.28,0.0,0.0
4500000616,50,,,762875.54,762875.54,0.0,0.0
4500000616,60,,,587420.52,587420.52,0.0,0.0
4500000616,70,,,588406.98,588406.94,0.0,0.0
4500000617,10,5000000808,20230131,181810.07,181810.07,0.0,0.0
4500000618,10,5000000812,20230131,179819.16,179819.16,0.0,0.0
4500000619,10,,,298.67,298.67,0.0,0.0
4500000619,20,,,1028.76,1028.76,0.0,0.0
4500000620,10,,,2831.86,2831.86,0.0,0.0
4500000621,10,,,14433.63,14433.63,0.0,0.0
4500000621,20,,,353.98,353.98,0.0,0.0
4500000621,30,,,707.96,707.96,0.0,0.0
4500000621,40,,,283.19,283.19,0.0,0.0
4500000621,50,,,176.99,176.99,0.0,0.0
4500000622,10,,,221.24,221.24,0.0,0.0
4500000623,10,5000005257,20230322,2750.0,2750.0,0.0,0.0
4500000623,20,5000005257,20230322,233.66,233.67,0.0,0.0
4500000624,10,5000001595,20230209,28860.0,740.0,0.0,0.0
4500000625,10,5000003072,20230301,4470.0,4470.0,0.0,0.0
4500000625,20,5000003072,20230301,379.8,366.23,0.0,0.0
4500000626,10,5000001307,20230206,2475.0,2475.0,0.0,0.0
4500000627,10,5000001442,20230207,57.27,57.27,0.0,0.0
4500000628,10,5000001445,20230207,258.0,258.0,0.0,0.0
4500000628,20,5000001445,20230207,582.0,582.0,0.0,0.0
4500000628,30,5000001445,20230207,180.0,181.36,0.0,0.0
4500000628,40,5000001445,20230207,520.0,519.5,0.0,0.0
4500000628,50,5000001445,20230207,34.0,34.03,0.0,0.0
4500000628,60,5000001445,20230207,148.5,148.58,0.0,0.0
4500000628,70,5000001445,20230207,578.2,194.6,0.0,0.0
4500000628,80,5000001445,20230207,249.0,249.36,0.0,0.0
4500000628,90,5000001445,20230207,134.0,133.0,0.0,0.0
4500000628,100,5000001445,20230207,44.05,44.05,0.0,0.0
4500000628,110,5000001445,20230207,605.7,605.74,0.0,0.0
4500000629,10,5000001305,20230206,28800.0,26400.0,0.0,0.0
4500000630,10,5000001447,20230207,2985.0,2985.0,0.0,0.0
4500000630,20,5000001447,20230207,2985.0,2985.0,0.0,0.0
4500000631,10,5000001448,20230207,3564.0,3564.0,0.0,0.0
4500000632,10,5000001449,20230207,867.2,867.2,0.0,0.0
4500000632,20,5000001449,20230207,1479.8,1479.8,0.0,0.0
4500000633,10,5000005437,20230324,2750.0,2750.0,0.0,0.0
4500000633,20,5000005437,20230324,233.66,233.66,0.0,0.0
4500000634,10,5000001422,20230207,85.0,85.0,0.0,0.0
4500000635,10,5000000874,20230131,8403.05,9495.45,0.0,0.0
4500000635,20,5000000874,20230131,75965.23,85840.71,0.0,0.0
4500000636,10,,,7097.98,7097.98,0.0,0.0
4500000636,20,,,4264.85,4264.85,0.0,0.0
4500000637,10,,,180679.3,180679.3,0.0,0.0
4500000638,10,,,180679.3,180679.3,0.0,0.0
4500000639,10,,,181810.07,181810.07,0.0,0.0
4500000640,10,,,8403.05,9495.45,0.0,0.0
4500000640,20,,,75965.23,85840.71,0.0,0.0
4500000641,10,,,119195.58,119195.57,0.0,0.0
4500000642,10,,,4955.75,4955.75,0.0,0.0
4500000643,10,5000002017,20230216,25.35,25.35,0.0,0.0
4500000643,20,5000001450,20230207,165.38,165.38,0.0,0.0
4500000643,30,5000002018,20230216,245.19,245.19,0.0,0.0
4500000643,50,5000001450,20230207,295.0,295.0,0.0,0.0
4500000643,60,5000001450,20230207,436.96,436.96,0.0,0.0
4500000643,70,5000001450,20230207,370.94,370.94,0.0,0.0
4500000643,80,5000001450,20230207,17.85,287.85,0.0,0.0
4500000643,90,5000001450,20230207,241.14,241.14,0.0,0.0
4500000643,100,5000001450,20230207,334.17,334.17,0.0,0.0
4500000643,110,5000001450,20230207,169.13,169.13,0.0,0.0
4500000643,120,5000001450,20230207,92.81,92.81,0.0,0.0
4500000644,10,5000005276,20230322,412.5,412.5,0.0,0.0
4500000645,10,5000063319,20240712,479.7,479.7,527.67,-527.67
4500000645,20,5000063633,20240715,45.0,45.0,49.5,-49.5
4500000646,10,5000000938,20230131,8403.05,9495.45,0.0,0.0
4500000646,20,5000000938,20230131,75965.23,85840.71,0.0,0.0
4500000647,10,5000000941,20230131,8403.05,9495.45,0.0,0.0
4500000647,20,5000000941,20230131,75965.23,85840.71,0.0,0.0
4500000648,10,5000000945,20230131,8403.05,9495.45,0.0,0.0
4500000648,20,5000000945,20230131,75965.23,85840.71,0.0,0.0
4500000649,10,,,23893.81,23893.8,0.0,0.0
4500000650,10,,,2500000.0,221238.94,0.0,0.0
4500000650,20,,,21000000.0,185840.71,0.0,0.0
4500000651,10,5000000973,20230131,8403.05,9495.45,0.0,0.0
4500000651,20,5000000973,20230131,75965.23,85840.71,0.0,0.0
4500000652,10,,,51539.82,51539.82,0.0,0.0
4500000652,20,,,193274.34,193274.34,0.0,0.0
4500000652,30,,,12212.39,12212.4,0.0,0.0
4500000653,10,5000005275,20230322,520.0,520.0,0.0,0.0
4500000653,20,5000005275,20230322,145.0,145.0,0.0,0.0
4500000653,30,5000005275,20230322,841.5,841.5,0.0,0.0
4500000653,40,5000005275,20230322,1125.0,1125.0,0.0,0.0
4500000653,50,5000005275,20230322,4500.0,4500.0,0.0,0.0
4500000653,60,5000005275,20230322,300.0,300.0,0.0,0.0
4500000653,70,5000083831,20241219,40.0,40.0,0.0,0.0
4500000654,10,5000003902,20230309,1390.86,1390.86,0.0,0.0
4500000654,20,5000003902,20230309,2363.6,2363.6,0.0,0.0
4500000654,30,5000003902,20230309,1460.0,1460.0,0.0,0.0
4500000654,40,5000003902,20230309,520.0,520.0,0.0,0.0
4500000654,60,5000003902,20230309,450.8,450.8,0.0,0.0
4500000654,70,5000012109,20230602,13227.0,13227.0,0.0,0.0
4500000654,80,5000003902,20230309,1127.24,1127.24,0.0,0.0
4500000656,10,5000002531,20230222,5877.75,5877.75,0.0,0.0
4500000656,20,5000002532,20230222,4223.0,4223.0,0.0,0.0
4500000657,10,5000009158,20230501,7872.6,7872.6,0.0,0.0
4500000657,20,5000003392,20230303,440.0,498.0,0.0,0.0
4500000657,30,5000003392,20230303,427.7,275.0,0.0,0.0
4500000658,10,5000012572,20230607,104000.0,72800.0,0.0,0.0
4500000659,10,5000044964,20240215,1100.0,1000.0,0.0,0.0
4500000659,20,5000044964,20240215,2.8,127.27,0.0,0.0
4500000659,30,5000044964,20240215,12.72,578.18,0.0,0.0
4500000660,10,5000003294,20230303,2257.5,2257.5,0.0,0.0
4500000660,20,5000041923,20231231,2451.0,2451.0,0.0,0.0
4500000660,30,5000005682,20230328,1288.88,1288.88,0.0,0.0
4500000660,40,5000005682,20230328,1288.88,1288.88,0.0,0.0
4500000660,50,5000009157,20230501,967.88,967.88,0.0,0.0
4500000660,60,5000002821,20230227,967.88,967.88,0.0,0.0
4500000660,70,5000005655,20230328,194.4,194.4,0.0,0.0
4500000660,80,5000012082,20230602,116.0,116.0,0.0,0.0
4500000660,90,5000005686,20230328,116.0,116.0,0.0,0.0
4500000660,100,5000002821,20230227,1757.5,1950.0,0.0,0.0
4500000660,110,5000002821,20230227,3975.0,4173.5,0.0,0.0
4500000660,120,5000002821,20230227,159.0,166.94,0.0,0.0
4500000660,130,5000002821,20230227,508.0,500.0,0.0,0.0
4500000660,140,5000002821,20230227,11430.0,11430.0,0.0,0.0
4500000660,150,5000002821,20230227,117.0,117.0,0.0,0.0
4500000660,160,5000002821,20230227,136.8,136.8,0.0,0.0
4500000660,170,5000002821,20230227,288.2,288.19,0.0,0.0
4500000660,180,5000002821,20230227,2655.6,2788.32,0.0,0.0
4500000660,190,5000002821,20230227,2655.6,3379.03,0.0,0.0
4500000660,200,5000002821,20230227,175.52,185.5,0.0,0.0
4500000660,210,5000002821,20230227,346.04,395.45,0.0,0.0
4500000660,220,5000002821,20230227,42.42,41.69,0.0,0.0
4500000660,230,5000002821,20230227,79.6,79.6,0.0,0.0
4500000660,240,5000002821,20230227,15000.0,15000.0,0.0,0.0
4500000660,250,5000002821,20230227,695.4,694.45,0.0,0.0
4500000660,260,5000002821,20230227,36.6,36.55,0.0,0.0
4500000660,270,5000002821,20230227,111.2,111.2,0.0,0.0
4500000660,290,5000005684,20230328,9250.0,9250.0,0.0,0.0
4500000660,300,5000002821,20230227,6681.6,6681.6,0.0,0.0
4500000661,10,5000007970,20230420,4364.0,4196.0,0.0,0.0
4500000661,20,5000008726,20230427,26750.4,26670.8,0.0,0.0
4500000661,30,5000007971,20230420,2132.0,2132.0,0.0,0.0
4500000661,40,5000007971,20230420,250.0,250.0,0.0,0.0
4500000661,50,5000007971,20230420,1000.0,1000.0,0.0,0.0
4500000661,60,5000007971,20230420,125.0,125.0,0.0,0.0
4500000661,70,5000007971,20230420,1000.0,1000.0,0.0,0.0
4500000661,80,5000007971,20230420,39201.0,38200.0,0.0,0.0
4500000661,90,5000007972,20230420,45979.2,45979.2,0.0,0.0
4500000661,100,5000007971,20230420,26624.0,26624.0,0.0,0.0
4500000661,110,5000007971,20230420,11748.0,11748.0,0.0,0.0
4500000661,120,5000007971,20230420,46592.0,46592.0,0.0,0.0
4500000661,130,5000007971,20230420,11748.0,11748.0,0.0,0.0
4500000661,140,5000003877,20230309,0.2,0.0,0.0,0.0
4500000662,10,,,0.0,0.0,0.0,0.0
4500000662,20,5000003383,20230303,5850.0,5850.0,0.0,0.0
4500000662,30,5000003383,20230303,9950.0,9950.0,0.0,0.0
4500000662,40,5000002799,20230227,16800.0,16800.0,0.0,0.0
4500000662,50,5000003383,20230303,27404.0,27404.0,0.0,0.0
4500000662,60,5000002799,20230227,22650.0,22650.0,0.0,0.0
4500000662,70,5000003383,20230303,2435.0,2435.0,0.0,0.0
4500000662,80,5000003383,20230303,61479.0,61479.0,0.0,0.0
4500000662,90,5000003383,20230303,4032.0,4193.28,0.0,0.0
4500000662,100,5000003383,20230303,3456.0,3594.24,0.0,0.0
4500000662,110,5000003383,20230303,1360.0,1360.0,0.0,0.0
4500000663,10,5000007977,20230420,552.0,552.0,0.0,0.0
4500000663,20,5000007977,20230420,332.0,355.2,0.0,0.0
4500000663,30,5000007977,20230420,483.7,517.6,0.0,0.0
4500000663,40,5000007977,20230420,29.0,29.0,0.0,0.0
4500000664,10,5000004442,20230315,10789.2,10789.2,0.0,0.0
4500000664,20,5000004442,20230315,3996.0,3996.0,0.0,0.0
4500000664,30,5000004442,20230315,1717.2,1717.2,0.0,0.0
4500000664,40,5000004442,20230315,11616.75,11616.75,0.0,0.0
4500000664,50,,,0.0,0.0,0.0,0.0
4500000665,10,5000005198,20230321,624.0,624.0,0.0,0.0
4500000665,20,5000005198,20230321,474.6,474.6,0.0,0.0
4500000665,30,5000005198,20230321,409.2,409.2,0.0,0.0
4500000665,40,5000005198,20230321,6484.0,6484.0,0.0,0.0
4500000665,50,5000005198,20230321,6484.0,6484.0,0.0,0.0
4500000665,60,5000005198,20230321,7049.56,7049.56,0.0,0.0
4500000665,70,,,0.0,0.0,0.0,0.0
4500000666,10,5000002536,20230222,740.0,740.0,0.0,0.0
4500000667,10,5000005737,20230328,10450.0,10450.0,0.0,0.0
4500000668,10,5000004093,20230310,3425.28,3425.24,0.0,0.0
4500000668,20,5000004093,20230310,7668.0,7667.63,0.0,0.0
4500000668,30,5000004093,20230310,1206.8,1206.16,0.0,0.0
4500000668,60,5000004093,20230310,1820.0,1819.17,0.0,0.0
4500000668,70,5000004093,20230310,1820.0,1819.17,0.0,0.0
4500000670,10,,,0.0,0.0,0.0,0.0
4500000671,10,5000004066,20230310,1516.0,1516.0,0.0,0.0
4500000671,20,5000004066,20230310,1936.0,1936.0,0.0,0.0
4500000671,30,5000004066,20230310,640.0,640.0,0.0,0.0
4500000672,10,5000003202,20230302,3150.0,3150.0,0.0,0.0
4500000672,20,5000003202,20230302,260.0,260.0,0.0,0.0
4500000672,30,5000003202,20230302,195.0,50.0,0.0,0.0
4500000673,10,5000005389,20230323,29160.0,29160.0,0.0,0.0
4500000673,20,5000005389,20230323,400.0,400.0,0.0,0.0
4500000675,20,5000002701,20230224,1360.0,1360.0,0.0,0.0
4500000676,10,5000002605,20230223,2340.0,2340.0,0.0,0.0
4500000676,20,5000002605,20230223,3300.0,3300.0,0.0,0.0
4500000677,10,5000008874,20230428,2156.82,2156.82,0.0,0.0
4500000678,10,5000009585,20230508,2156.82,2156.82,0.0,0.0
4500000679,10,5000009586,20230508,2156.82,2156.82,0.0,0.0
4500000680,10,5000009289,20230504,2156.82,2156.82,0.0,0.0
4500000681,10,5000063320,20240712,989.04,989.04,1087.94,-1087.94
4500000681,20,5000063634,20240715,45.0,45.0,49.5,-49.5
4500000682,10,5000001069,20230203,1900.0,1900.0,0.0,0.0
4500000683,10,5000003982,20230309,2125.0,2125.0,0.0,0.0
4500000683,20,5000003982,20230309,180.55,180.55,0.0,0.0
4500000684,10,5000005255,20230322,2750.0,2750.0,0.0,0.0
4500000684,20,5000005255,20230322,233.66,233.66,0.0,0.0
4500000685,10,5000001563,20230208,13717.0,13717.0,0.0,0.0
4500000685,20,5000001563,20230208,45.55,45.55,0.0,0.0
4500000685,30,5000001563,20230208,45.55,45.55,0.0,0.0
4500000686,10,5000003983,20230309,2125.0,2125.0,0.0,0.0
4500000686,20,5000003983,20230309,180.55,180.55,0.0,0.0
4500000687,10,5000001534,20230208,1450.0,1450.0,0.0,0.0
4500000687,20,5000001534,20230208,123.2,123.2,0.0,0.0
4500000688,10,5000001049,20230131,8403.05,9495.45,0.0,0.0
4500000688,20,5000001049,20230131,75965.23,85840.71,0.0,0.0
4500000689,10,,,654.87,0.0,0.0,0.0
4500000689,20,,,424.78,0.0,0.0,0.0
4500000690,10,,,61.07,39669.03,0.0,0.0
4500000690,20,,,64.61,60273.45,0.0,0.0
4500000690,30,,,88.51,71858.41,0.0,0.0
4500000690,40,,,74.35,53118.58,0.0,0.0
4500000691,10,5000001309,20230206,1900.0,2250.0,0.0,0.0
4500000692,10,5000001057,20230131,8403.05,9495.45,0.0,0.0
4500000692,20,5000001057,20230131,75965.23,85840.71,0.0,0.0
4500000693,10,,,1102927.43,1076378.76,0.0,0.0
4500000694,10,5000001061,20230131,8403.05,9495.45,0.0,0.0
4500000694,20,5000001061,20230131,75965.23,85840.71,0.0,0.0
4500000695,10,5000001063,20230131,8403.05,9495.45,0.0,0.0
4500000695,20,5000001063,20230131,75965.23,85840.71,0.0,0.0
4500000696,10,5000001066,20230131,8403.05,9495.45,0.0,0.0
4500000696,20,5000001066,20230131,75965.23,85840.71,0.0,0.0
4500000697,10,5000001093,20230131,14601.77,14601.77,0.0,0.0
4500000697,20,5000001093,20230131,8100.0,7168.14,0.0,0.0
4500000698,10,5000010443,20230519,3929.55,3929.55,0.0,0.0
4500000699,10,5000010440,20230519,3929.55,3929.55,0.0,0.0
4500000700,10,5000008875,20230428,2156.82,2156.82,0.0,0.0
4500000701,10,5000008873,20230428,2156.82,2156.82,0.0,0.0
4500000702,10,,,0.0,0.0,0.0,0.0
4500000703,10,5000001559,20230208,120.0,120.0,0.0,0.0
4500000704,10,5000001123,20230131,181810.07,181810.07,0.0,0.0
4500000705,10,5000001124,20230131,182365.4,182365.4,0.0,0.0
4500000706,10,5000001558,20230208,668.0,668.0,0.0,0.0
4500000707,10,,,0.0,0.0,0.0,0.0
4500000708,10,,,0.0,0.0,0.0,0.0
4500000709,10,,,1911.5,1911.51,0.0,0.0
4500000709,20,,,159.29,159.29,0.0,0.0
4500000709,30,,,159.29,159.29,0.0,0.0
4500000709,40,,,672.57,672.57,0.0,0.0
4500000711,10,5000001554,20230208,1250.0,1250.0,0.0,0.0
4500000712,10,5000001127,20230131,182365.4,182365.4,0.0,0.0
4500000713,10,5000014340,20230623,1200.0,1200.0,0.0,0.0
4500000713,20,5000014340,20230623,101.96,101.96,0.0,0.0
4500000714,10,,,0.0,0.0,0.0,0.0
4500000714,20,,,0.0,0.0,0.0,0.0
4500000714,30,,,0.0,0.0,0.0,0.0
4500000714,40,,,0.0,0.0,0.0,0.0
4500000714,50,,,0.0,0.0,0.0,0.0
4500000714,60,,,0.0,0.0,0.0,0.0
4500000714,70,,,0.0,0.0,0.0,0.0
4500000714,80,,,0.0,0.0,0.0,0.0
4500000714,90,,,0.0,0.0,0.0,0.0
4500000715,10,5000005438,20230324,2750.0,2750.0,0.0,0.0
4500000715,20,5000005438,20230324,233.66,233.66,0.0,0.0
4500000716,10,5000001552,20230208,6300.0,0.0,0.0,0.0
4500000716,20,5000001552,20230208,520.0,0.0,0.0,0.0
4500000716,30,5000001552,20230208,50.0,0.0,0.0,0.0
4500000717,10,5000001551,20230208,2318.1,2318.1,0.0,0.0
4500000717,20,5000001551,20230208,6276.0,6276.0,0.0,0.0
4500000717,30,5000001551,20230208,2164.0,2164.0,0.0,0.0
4500000717,40,5000001551,20230208,3348.0,3348.0,0.0,0.0
4500000717,50,5000001551,20230208,4380.0,4380.0,0.0,0.0
4500000717,60,5000001551,20230208,7280.0,7280.0,0.0,0.0
4500000717,70,5000001551,20230208,17636.0,17636.0,0.0,0.0
4500000717,80,5000001551,20230208,338.1,338.1,0.0,0.0
4500000718,10,5000001550,20230208,1237.5,1237.5,0.0,0.0
4500000718,20,5000001550,20230208,6300.0,6300.0,0.0,0.0
4500000718,30,5000001550,20230208,1250.0,1250.0,0.0,0.0
4500000718,40,5000001550,20230208,676.0,676.0,0.0,0.0
4500000719,10,5000001461,20230207,54.0,54.0,0.0,0.0
4500000719,20,5000001461,20230207,60.0,60.0,0.0,0.0
4500000719,30,5000001461,20230207,650.0,650.0,0.0,0.0
4500000719,40,5000001461,20230207,38.0,38.0,0.0,0.0
4500000719,50,5000001461,20230207,765.0,765.0,0.0,0.0
4500000719,60,5000001461,20230207,42.0,42.0,0.0,0.0
4500000719,70,5000001461,20230207,1875.0,1875.0,0.0,0.0
4500000719,80,5000001461,20230207,1875.0,1875.0,0.0,0.0
4500000719,90,5000001461,20230207,1875.0,1875.0,0.0,0.0
4500000719,100,5000001461,20230207,160.0,160.0,0.0,0.0
4500000719,110,5000001461,20230207,676.0,676.0,0.0,0.0
4500000719,120,5000001461,20230207,68.0,68.0,0.0,0.0
4500000719,130,5000001461,20230207,90000.0,900.0,0.0,0.0
4500000719,140,5000001461,20230207,5325.0,5325.0,0.0,0.0
4500000720,10,5000001460,20230207,176.0,176.0,0.0,0.0
4500000720,20,5000001460,20230207,176.0,176.0,0.0,0.0
4500000720,30,5000001460,20230207,56.0,56.0,0.0,0.0
4500000720,40,5000001460,20230207,56.0,56.0,0.0,0.0
4500000720,50,5000001460,20230207,56.0,56.0,0.0,0.0
4500000720,60,5000001460,20230207,56.0,56.0,0.0,0.0
4500000720,70,5000001460,20230207,56.0,56.0,0.0,0.0
4500000720,80,5000001460,20230207,150.0,150.0,0.0,0.0
4500000720,90,5000001460,20230207,150.0,150.0,0.0,0.0
4500000720,100,5000001460,20230207,150.0,150.0,0.0,0.0
4500000721,10,,,0.0,0.0,0.0,0.0
4500000722,10,5000001456,20230207,2727.0,2727.27,0.0,0.0
4500000722,20,5000001456,20230207,109.08,109.09,0.0,0.0
4500000722,30,5000001456,20230207,22.73,22.73,0.0,0.0
4500000723,10,5000001565,20230208,15312.0,15312.0,0.0,0.0
4500000723,20,5000001565,20230208,45.3,45.3,0.0,0.0
4500000723,30,5000001565,20230208,59.63,59.63,0.0,0.0
4500000724,10,5000001156,20230131,17721.1,17721.1,0.0,0.0
4500000724,20,5000001156,20230131,75965.23,85840.71,0.0,0.0
4500000725,10,5000001279,20230206,1755.0,1755.0,0.0,0.0
4500000725,20,5000001279,20230206,1755.0,1755.0,0.0,0.0
4500000725,30,5000001279,20230206,26880.0,26880.0,0.0,0.0
4500000725,40,5000001279,20230206,4880.0,4880.0,0.0,0.0
4500000726,10,5000001280,20230206,585.0,585.0,0.0,0.0
4500000726,20,5000001280,20230206,585.0,585.0,0.0,0.0
4500000726,30,5000001280,20230206,10880.0,10880.0,0.0,0.0
4500000726,40,5000001280,20230206,3660.0,3660.0,0.0,0.0
4500000727,10,5000001281,20230206,585.0,585.0,0.0,0.0
4500000727,20,5000001281,20230206,1755.0,1755.0,0.0,0.0
4500000727,30,5000001281,20230206,24320.0,24320.0,0.0,0.0
4500000727,40,5000001281,20230206,610.0,610.0,0.0,0.0
4500000728,10,,,14159.29,14159.29,0.0,0.0
4500000729,10,5000001451,20230207,175.0,175.0,0.0,0.0
4500000729,20,5000001451,20230207,299.0,299.0,0.0,0.0
4500000730,10,,,104840.71,104840.72,0.0,0.0
4500000731,10,,,34946.9,38495.58,0.0,0.0
4500000732,10,,,13835.79,13835.78,0.0,0.0
4500000732,20,,,23059.65,23059.65,0.0,0.0
4500000733,10,,,18336.28,18336.28,0.0,0.0
4500000734,10,,,67539.82,67539.8,0.0,0.0
4500000734,20,,,48309.73,48309.73,0.0,0.0
4500000734,30,,,9557.52,9557.52,0.0,0.0
4500000734,40,,,53097.35,53097.35,0.0,0.0
4500000735,10,5000001162,20230131,15682.39,17721.1,0.0,0.0
4500000735,20,5000001162,20230131,75965.23,85840.71,0.0,0.0
4500000736,10,,,29867.26,29867.26,0.0,0.0
4500000736,20,,,21902.65,21902.65,0.0,0.0
4500000737,10,,,139787.61,139787.62,0.0,0.0
4500000738,10,,,9646.02,9646.02,0.0,0.0
4500000739,10,5000001166,20230131,15682.39,17721.1,0.0,0.0
4500000739,20,5000001166,20230131,75965.23,85840.71,0.0,0.0
4500000740,10,5000001171,20221231,720.0,637.17,0.0,0.0
4500000740,20,5000001171,20221231,450.0,398.23,0.0,0.0
4500000740,30,5000001171,20221231,450.0,398.23,0.0,0.0
4500000741,10,5000001177,20230131,15682.39,17721.1,0.0,0.0
4500000741,20,5000001177,20230131,75965.23,85840.71,0.0,0.0
4500000742,10,5000001179,20230131,15682.39,17721.1,0.0,0.0
4500000742,20,5000001179,20230131,75965.23,85840.71,0.0,0.0
4500000743,10,5000001182,20230131,15682.39,17721.1,0.0,0.0
4500000743,20,5000001182,20230131,75965.23,85840.71,0.0,0.0
4500000744,10,5000001184,20230131,15682.39,17721.1,0.0,0.0
4500000744,20,5000001184,20230131,75965.23,85840.71,0.0,0.0
4500000745,10,5000001186,20230131,15682.39,17721.1,0.0,0.0
4500000745,20,5000001186,20230131,75965.23,85840.71,0.0,0.0
4500000746,10,5000001190,20230131,15682.39,17721.1,0.0,0.0
4500000746,20,5000001190,20230131,75965.23,85840.71,0.0,0.0
4500000747,10,,,11077.75,0.0,0.0,0.0
4500000748,10,,,21.24,21.24,0.0,0.0
4500000748,20,,,53.98,53.98,0.0,0.0
4500000748,30,,,45.31,45.31,0.0,0.0
4500000749,10,5000014341,20230623,1200.0,1200.0,0.0,0.0
4500000749,20,5000014341,20230623,101.96,101.96,0.0,0.0
4500000749,30,5000014341,20230623,1200.0,1200.0,0.0,0.0
4500000749,40,5000014341,20230623,101.96,101.96,0.0,0.0
4500000750,10,5000001532,20230208,1200.0,1200.0,0.0,0.0
4500000750,20,5000001532,20230208,101.96,101.96,0.0,0.0
4500000752,10,,,68097.35,68097.35,0.0,0.0
4500000753,10,,,5973.45,5973.45,0.0,0.0
4500000753,20,,,9955.76,9955.75,0.0,0.0
4500000753,30,,,9292.04,9292.04,0.0,0.0
4500000753,40,,,8185.84,8185.84,0.0,0.0
4500000754,10,,,349557.52,349557.52,0.0,0.0
4500000755,10,5000001200,20230131,15682.39,17721.1,0.0,0.0
4500000755,20,5000001200,20230131,75965.23,85840.71,0.0,0.0
4500000756,10,,,111.5,111.5,0.0,0.0
4500000757,10,5000001206,20230131,15682.39,17721.1,0.0,0.0
4500000757,20,5000001206,20230131,75965.23,85840.71,0.0,0.0
4500000758,10,,,2300.88,2300.88,0.0,0.0
4500000759,10,,,14654.87,14654.87,0.0,0.0
4500000759,20,,,54867.26,54867.26,0.0,0.0
4500000760,20,,,32877.88,32877.89,0.0,0.0
4500000760,30,,,33473.01,33473.01,0.0,0.0
4500000760,40,,,69135.84,69135.84,0.0,0.0
4500000760,50,,,14103.98,14103.98,0.0,0.0
4500000760,60,,,42975.66,42975.66,0.0,0.0
4500000760,70,,,4525.31,4525.31,0.0,0.0
4500000760,80,,,13166.73,13166.73,0.0,0.0
4500000761,10,5000001212,20230131,15682.39,17721.1,0.0,0.0
4500000761,20,5000001212,20230131,75965.23,85840.71,0.0,0.0
4500000762,10,5000001213,20230131,15682.39,17721.1,0.0,0.0
4500000762,20,5000001213,20230131,75965.23,85840.71,0.0,0.0
4500000763,10,5000001214,20230131,15682.39,17721.1,0.0,0.0
4500000763,20,5000001214,20230131,75965.23,85840.71,0.0,0.0
4500000764,10,5000001215,20230131,15682.39,17721.1,0.0,0.0
4500000764,20,5000001215,20230131,75965.23,85840.71,0.0,0.0
4500000765,10,5000001216,20230131,15682.39,17721.1,0.0,0.0
4500000765,20,5000001216,20230131,75965.23,85840.71,0.0,0.0
4500000766,10,5000001217,20230131,15682.39,17721.1,0.0,0.0
4500000766,20,5000001217,20230131,75965.23,85840.71,0.0,0.0
4500000767,10,5000001218,20230131,15682.39,17721.1,0.0,0.0
4500000767,20,5000001218,20230131,75965.23,85840.71,0.0,0.0
4500000768,10,,,28290.27,28290.27,0.0,0.0
4500000768,20,,,30058.92,30058.92,0.0,0.0
4500000768,30,,,28290.27,28290.28,0.0,0.0
4500000768,40,,,18300.88,18300.88,0.0,0.0
4500000768,50,,,148348.16,148348.16,0.0,0.0
4500000769,10,,,690.27,690.27,0.0,0.0
4500000769,20,,,265.49,265.49,0.0,0.0
4500000769,30,,,336.28,336.28,0.0,0.0
4500000769,40,,,743.36,743.36,0.0,0.0
4500000769,50,,,42.48,42.48,0.0,0.0
4500000769,60,,,230.09,230.09,0.0,0.0
4500000769,70,,,4181.42,4181.42,0.0,0.0
4500000769,80,,,982.3,982.3,0.0,0.0
4500000770,10,,,3716.81,3716.81,0.0,0.0
4500000771,10,,,2399755.75,2382056.68,0.0,0.0
4500000772,230,,,78488.5,78488.5,0.0,0.0
4500000773,10,,,2867.26,2867.26,0.0,0.0
4500000774,10,,,2589.38,2589.39,0.0,0.0
4500000774,20,,,1647.79,1647.79,0.0,0.0
4500000774,30,,,5288.5,5288.5,0.0,0.0
4500000774,40,,,8729.2,8729.2,0.0,0.0
4500000775,10,,,4.43,3592.92,0.0,0.0
4500000776,10,,,2815.49,2815.49,0.0,0.0
4500000777,10,,,4748.89,4748.89,0.0,0.0
4500000777,20,,,9497.79,9497.79,0.0,0.0
4500000778,60,,,162.83,162.83,0.0,0.0
4500000779,10,5000001239,20230131,15682.39,17721.1,0.0,0.0
4500000779,20,5000001239,20230131,75965.23,85840.71,0.0,0.0
4500000780,10,5000001242,20230131,15682.39,17721.1,0.0,0.0
4500000780,20,5000001242,20230131,75965.23,85840.71,0.0,0.0
4500000781,10,,,84.96,84.96,0.0,0.0
4500000781,20,,,8240.71,8240.71,0.0,0.0
4500000782,10,5000001245,20230131,15682.39,17721.1,0.0,0.0
4500000782,20,5000001245,20230131,75965.23,85840.71,0.0,0.0
4500000783,10,5000001248,20230131,15682.39,17721.1,0.0,0.0
4500000783,20,5000001248,20230131,75965.23,85840.71,0.0,0.0
4500000784,10,5000001250,20230131,15682.39,17721.1,0.0,0.0
4500000784,20,5000001250,20230131,75965.23,85840.71,0.0,0.0
4500000785,10,5000001255,20230131,15682.39,17721.1,0.0,0.0
4500000785,20,5000001255,20230131,75965.23,85840.71,0.0,0.0
4500000786,10,5000001257,20230131,15682.39,17721.1,0.0,0.0
4500000786,20,5000001257,20230131,75965.23,85840.71,0.0,0.0
4500000787,10,5000001259,20230131,15682.39,17721.1,0.0,0.0
4500000787,20,5000001259,20230131,75965.23,85840.71,0.0,0.0
4500000788,10,5000001261,20230131,15682.39,17721.1,0.0,0.0
4500000788,20,5000001261,20230131,75965.23,85840.71,0.0,0.0
4500000789,10,5000001263,20230131,15682.39,17721.1,0.0,0.0
4500000789,20,5000001263,20230131,75965.23,85840.71,0.0,0.0
4500000790,10,5000003374,20230303,150.0,150.0,0.0,0.0
4500000791,10,5000001508,20230207,1100.0,1100.0,0.0,0.0
4500000791,20,5000001508,20230207,80.11,80.11,0.0,0.0
4500000792,10,,,0.0,0.0,0.0,0.0
4500000793,10,5000001509,20230207,1755.0,1755.0,0.0,0.0
4500000793,20,5000001509,20230207,5760.0,5760.0,0.0,0.0
4500000793,30,5000001509,20230207,3660.0,3660.0,0.0,0.0
4500000794,10,5000001510,20230207,70.0,70.0,0.0,0.0
4500000794,20,5000001510,20230207,100.0,100.0,0.0,0.0
4500000794,30,5000001510,20230207,580.0,580.0,0.0,0.0
4500000794,40,5000001510,20230207,605.0,605.0,0.0,0.0
4500000795,10,,,1717433.63,1717433.64,0.0,0.0
4500000797,10,5000001530,20230208,1200.0,1200.0,0.0,0.0
4500000797,20,5000001530,20230208,87.39,87.39,0.0,0.0
4500000798,10,5000001531,20230208,1200.0,1200.0,0.0,0.0
4500000798,20,5000001531,20230208,87.39,87.39,0.0,0.0
4500000799,10,5000001529,20230208,1200.0,1200.0,0.0,0.0
4500000799,20,5000001529,20230208,87.39,87.39,0.0,0.0
4500000800,10,5000001995,20230216,2125.0,2125.0,0.0,0.0
4500000800,20,5000001995,20230216,154.76,154.76,0.0,0.0
4500000801,10,5000001536,20230208,1350.0,1350.0,0.0,0.0
4500000801,20,5000001536,20230208,98.32,98.32,0.0,0.0
4500000802,10,5000001424,20230131,55955.52,55955.52,0.0,0.0
4500000803,10,5000001386,20230131,4947000.0,4356637.27,0.0,0.0
4500000804,10,,,283.19,283.19,0.0,0.0
4500000805,10,,,1061.95,1061.95,0.0,0.0
4500000805,20,,,12212.39,12212.39,0.0,0.0
4500000806,10,5000001672,20230210,1170.0,1170.0,0.0,0.0
4500000806,20,5000001672,20230210,1755.0,1755.0,0.0,0.0
4500000806,30,5000001672,20230210,740.0,740.0,0.0,0.0
4500000806,40,5000001672,20230210,1530.0,1530.0,0.0,0.0
4500000806,50,5000001672,20230210,13440.0,13440.0,0.0,0.0
4500000806,60,5000001672,20230210,2440.0,2440.0,0.0,0.0
4500000807,10,,,11415.93,11415.93,0.0,0.0
4500000807,20,,,15575.22,15575.22,0.0,0.0
4500000807,60,,,9911.5,9911.5,0.0,0.0
4500000807,70,,,26265.49,26265.49,0.0,0.0
4500000807,80,,,4646.02,4646.02,0.0,0.0
4500000808,10,,,20924.78,20924.78,0.0,0.0
4500000809,10,5000001673,20230210,80.0,80.0,0.0,0.0
4500000809,20,5000001673,20230210,650.0,650.0,0.0,0.0
4500000809,30,5000001673,20230210,50.0,50.0,0.0,0.0
4500000809,40,5000001673,20230210,100.0,100.0,0.0,0.0
4500000809,50,5000001673,20230210,50.0,50.0,0.0,0.0
4500000809,60,5000001673,20230210,750.0,750.0,0.0,0.0
4500000809,70,5000001673,20230210,585.0,585.0,0.0,0.0
4500000810,10,5000001620,20230209,500.0,500.0,0.0,0.0
4500000810,20,5000001620,20230209,318.18,318.18,0.0,0.0
4500000810,30,5000001620,20230209,136.36,136.36,0.0,0.0
4500000811,10,,,159.29,180.0,0.0,0.0
4500000812,50,,,23810.71,23810.71,0.0,0.0
4500000812,60,,,2146.73,2146.73,0.0,0.0
4500000812,70,,,17128.94,17128.94,0.0,0.0
4500000812,80,,,2267.52,2267.52,0.0,0.0
4500000813,10,,,31194.69,31194.69,0.0,0.0
4500000813,20,,,34314.16,34314.16,0.0,0.0
4500000813,30,,,1465.49,1465.49,0.0,0.0
4500000813,40,,,22396.46,22396.46,0.0,0.0
4500000813,50,,,7300.88,7300.88,0.0,0.0
4500000813,60,,,10221.24,10221.24,0.0,0.0
4500000813,70,,,5697.35,5697.35,0.0,0.0
4500000813,80,,,10290.27,10290.27,0.0,0.0
4500000814,10,,,1247.79,1247.79,0.0,0.0
4500000814,20,,,1380.53,1380.53,0.0,0.0
4500000814,30,,,1380.53,1380.53,0.0,0.0
4500000814,40,,,1380.53,1380.53,0.0,0.0
4500000814,50,,,1380.53,1380.53,0.0,0.0
4500000814,60,,,1380.53,1380.53,0.0,0.0
4500000815,10,,,14601.77,14601.77,0.0,0.0
4500000815,20,,,3053.1,3053.11,0.0,0.0
4500000815,30,,,62389.38,62389.36,0.0,0.0
4500000815,50,,,62389.38,62389.38,0.0,0.0
4500000815,60,,,6106.19,6106.19,0.0,0.0
4500000815,80,,,29203.54,29203.54,0.0,0.0
4500000815,90,,,30265.49,30265.49,0.0,0.0
4500000815,100,,,30265.49,30265.5,0.0,0.0
4500000815,110,,,60530.97,60530.97,0.0,0.0
4500000816,10,,,12017.7,12017.7,0.0,0.0
4500000817,10,,,165707.96,162867.26,0.0,0.0
4500000818,10,,,1247.79,1247.79,0.0,0.0
4500000818,20,,,1380.53,1380.53,0.0,0.0
4500000818,30,,,1380.53,1380.53,0.0,0.0
4500000818,40,,,1247.79,1247.79,0.0,0.0
4500000818,50,,,1247.79,1247.79,0.0,0.0
4500000818,60,,,1247.79,1247.79,0.0,0.0
4500000818,70,,,1380.53,1380.53,0.0,0.0
4500000818,80,,,1380.53,1380.53,0.0,0.0
4500000818,90,,,1380.53,1380.53,0.0,0.0
4500000818,100,,,1380.53,1380.53,0.0,0.0
4500000818,110,,,1380.53,1380.53,0.0,0.0
4500000818,120,,,1380.53,1380.53,0.0,0.0
4500000818,130,,,1380.53,1380.53,0.0,0.0
4500000819,10,,,1247.79,1247.79,0.0,0.0
4500000819,20,,,1380.53,1380.53,0.0,0.0
4500000819,30,,,1380.53,1380.53,0.0,0.0
4500000819,40,,,1380.53,1380.53,0.0,0.0
4500000819,50,,,1380.53,1380.53,0.0,0.0
4500000820,10,,,1247.79,1247.79,0.0,0.0
4500000820,20,,,1247.79,1247.79,0.0,0.0
4500000820,30,,,1247.79,1247.79,0.0,0.0
4500000820,40,,,1380.53,1380.53,0.0,0.0
4500000820,50,,,1380.53,1380.53,0.0,0.0
4500000820,60,,,1380.53,1380.53,0.0,0.0
4500000821,10,,,0.0,0.0,0.0,0.0
4500000822,10,5000001689,20230210,780.0,779.65,0.0,0.0
4500000822,20,5000001689,20230210,780.0,779.65,0.0,0.0
4500000822,30,5000001689,20230210,1810.2,1809.25,0.0,0.0
4500000823,10,,,0.0,0.0,0.0,0.0
4500000824,10,,,0.0,0.0,475.2,-475.2
4500000825,10,5000001668,20230210,930.0,930.0,0.0,0.0
4500000826,10,5000001622,20230209,228.0,228.0,0.0,0.0
4500000827,10,5000001621,20230209,51.2,51.2,0.0,0.0
4500000827,20,5000001621,20230209,73.8,73.8,0.0,0.0
4500000827,30,5000001621,20230209,43.8,43.8,0.0,0.0
4500000827,40,5000001621,20230209,20.3,20.3,0.0,0.0
4500000828,10,5000002619,20230223,364.0,363.65,0.0,0.0
4500000828,20,5000002619,20230223,860.0,860.28,0.0,0.0
4500000828,30,5000002619,20230223,25770.0,277.38,0.0,0.0
4500000828,40,5000002619,20230223,687.2,687.24,0.0,0.0
4500000828,50,5000002619,20230223,3520.0,3520.0,0.0,0.0
4500000828,60,5000002619,20230223,392.0,394.2,0.0,0.0
4500000828,70,5000002619,20230223,12.72,12.72,0.0,0.0
4500000828,80,5000002619,20230223,464.0,464.0,0.0,0.0
4500000828,90,5000002619,20230223,1200.0,1201.09,0.0,0.0
4500000828,100,5000002619,20230223,742.5,743.4,0.0,0.0
4500000828,110,5000002619,20230223,500.0,495.0,0.0,0.0
4500000828,120,5000002619,20230223,195.4,195.4,0.0,0.0
4500000828,130,5000002619,20230223,300.0,300.0,0.0,0.0
4500000829,10,5000001425,20230131,49924.67,49924.67,0.0,0.0
4500000830,10,5000001426,20230131,47863.59,47863.59,0.0,0.0
4500000831,10,5000001512,20230131,40501.82,40501.82,0.0,0.0
4500000832,10,5000001428,20230131,53937.95,53937.95,0.0,0.0
4500000833,10,5000001429,20230131,41896.23,41896.23,0.0,0.0
4500000834,10,5000001431,20230131,51648.48,51648.48,0.0,0.0
4500000835,10,5000001430,20230131,43546.58,43546.58,0.0,0.0
4500000836,10,5000001432,20230131,50471.98,50471.98,0.0,0.0
4500000837,10,5000001433,20230131,47780.84,47780.84,0.0,0.0
4500000838,10,5000001434,20230131,64587.08,64587.08,0.0,0.0
4500000839,10,5000001856,20230214,3900.0,3900.0,0.0,0.0
4500000839,20,5000001856,20230214,284.03,284.03,0.0,0.0
4500000840,10,5000001535,20230208,1450.0,1450.0,0.0,0.0
4500000840,20,5000001535,20230208,105.6,105.6,0.0,0.0
4500000841,10,5000001537,20230208,1100.0,1100.0,0.0,0.0
4500000841,20,5000001537,20230208,80.11,80.11,0.0,0.0
4500000842,10,5000001628,20230209,1187.5,1187.5,0.0,0.0
4500000842,20,5000001628,20230209,426.25,426.25,0.0,0.0
4500000842,30,5000001628,20230209,3375.0,3375.0,0.0,0.0
4500000843,10,,,884.96,884.96,0.0,0.0
4500000843,20,,,464.6,464.6,0.0,0.0
4500000843,30,,,1415.93,1415.93,0.0,0.0
4500000843,40,,,796.46,796.46,0.0,0.0
4500000845,10,5000001680,20230210,204.0,204.0,0.0,0.0
4500000846,10,5000001578,20230208,2200.0,2200.0,0.0,0.0
4500000847,10,5000001681,20230210,920.0,460.0,0.0,0.0
4500000847,20,5000001681,20230210,920.0,460.0,0.0,0.0
4500000848,10,5000001682,20230210,100.0,100.0,0.0,0.0
4500000849,40,,,1458.41,1458.41,0.0,0.0
4500000849,50,,,353.98,353.98,0.0,0.0
4500000850,10,5000001619,20230209,6300.0,6300.0,0.0,0.0
4500000851,10,5000001527,20230208,1200.0,1200.0,0.0,0.0
4500000851,20,5000001527,20230208,87.39,87.39,0.0,0.0
4500000852,10,5000002597,20230223,1600.0,1600.0,0.0,0.0
4500000853,10,,,2784.07,2784.07,0.0,0.0
4500000853,20,,,1817.7,1817.7,0.0,0.0
4500000854,10,5000001683,20230210,526.56,526.56,0.0,0.0
4500000854,20,5000001683,20230210,42.42,42.43,0.0,0.0
4500000855,10,5000001684,20230210,527.04,527.06,0.0,0.0
4500000856,10,5000001685,20230210,168.18,168.18,0.0,0.0
4500000857,10,,,10619.47,10619.47,0.0,0.0
4500000858,10,,,17.7,17.7,0.0,0.0
4500000859,10,,,84823.0,50893.8,0.0,0.0
4500000860,10,5000001491,20230207,1103431.86,1085732.74,0.0,0.0
4500000861,10,,,0.0,0.0,0.0,0.0
4500000862,10,,,1415.93,1415.93,0.0,0.0
4500000863,20,,,442.48,442.48,0.0,0.0
4500000863,30,,,1592.92,1592.92,0.0,0.0
4500000863,40,,,1964.6,1964.6,0.0,0.0
4500000863,50,,,176.99,176.99,0.0,0.0
4500000863,60,,,442.48,442.48,0.0,0.0
4500000863,70,,,5309.73,5309.73,0.0,0.0
4500000864,10,5000001566,20230208,6124.0,6124.0,0.0,0.0
4500000865,10,5000001567,20230208,30574.8,107.28,0.0,0.0
4500000866,10,5000001568,20230208,8636.25,345.45,0.0,0.0
4500000867,10,5000001569,20230208,642.42,71.38,0.0,0.0
4500000868,10,5000001570,20230208,3628.76,3628.76,0.0,0.0
4500000869,10,5000001571,20230208,129.82,129.82,0.0,0.0
4500000869,20,5000001571,20230208,118.91,118.91,0.0,0.0
4500000870,10,,,0.0,0.0,0.0,0.0
4500000871,10,5000002596,20230223,3300.0,3300.0,0.0,0.0
4500000872,10,5000001514,20230208,303.6,0.0,0.0,0.0
4500000873,10,5000001513,20230208,341.55,0.0,0.0,0.0
4500000874,10,5000001515,20230208,151.8,151.8,0.0,0.0
4500000875,10,5000005750,20230328,300.0,300.0,0.0,0.0
4500000875,20,5000005750,20230328,90.0,90.0,0.0,0.0
4500000875,30,5000005750,20230328,50.0,50.0,0.0,0.0
4500000875,40,5000005750,20230328,50.0,50.0,0.0,0.0
4500000875,50,5000005750,20230328,100.0,100.0,0.0,0.0
4500000875,60,5000005750,20230328,208.0,208.0,0.0,0.0
4500000875,70,5000005750,20230328,1692.0,1692.0,0.0,0.0
4500000875,80,5000005750,20230328,390.0,390.0,0.0,0.0
4500000877,10,5000001693,20230210,180.0,180.0,0.0,0.0
4500000879,10,5000002033,20230216,3750.0,3750.0,0.0,0.0
4500000879,20,5000002033,20230216,56.0,56.0,0.0,0.0
4500000879,30,5000002033,20230216,500.0,500.0,0.0,0.0
4500000879,40,5000002033,20230216,337.5,337.5,0.0,0.0
4500000879,50,5000002033,20230216,285.0,285.0,0.0,0.0
4500000880,10,5000001864,20230214,1200.0,1200.0,0.0,0.0
4500000880,20,5000001864,20230214,87.39,87.39,0.0,0.0
4500000881,10,,,76460.18,76460.18,0.0,0.0
4500000882,10,5000002051,20230216,570.0,570.0,0.0,0.0
4500000882,20,5000002051,20230216,215.0,215.0,0.0,0.0
4500000882,30,5000002051,20230216,87.0,87.0,0.0,0.0
4500000883,10,,,10619.47,10619.47,0.0,0.0
4500000884,10,,,146.9,146.9,0.0,0.0
4500000885,10,,,3849.56,3494.69,0.0,0.0
4500000886,10,,,79.82,79.82,0.0,0.0
4500000887,10,5000008072,20230420,829.6,829.64,0.0,0.0
4500000887,20,5000008071,20230420,367.15,367.13,0.0,0.0
4500000888,10,5000002847,20230227,2125.0,2125.0,0.0,0.0
4500000888,20,5000002847,20230227,154.76,154.76,0.0,0.0
4500000889,10,,,120656.6,120656.6,0.0,0.0
4500000889,20,,,22090.3,22090.3,0.0,0.0
4500000890,10,5000001694,20230210,250.0,250.0,0.0,0.0
4500000891,10,5000014792,20230627,1200.0,1200.0,0.0,0.0
4500000891,20,5000014792,20230627,87.39,87.39,0.0,0.0
4500000892,10,5000001614,20230209,1935.76,1935.76,0.0,0.0
4500000892,20,5000001614,20230209,2903.64,2903.64,0.0,0.0
4500000892,30,5000001614,20230209,3866.64,3866.64,0.0,0.0
4500000892,40,5000001614,20230209,111.2,111.2,0.0,0.0
4500000892,50,5000001614,20230209,18750.0,18750.0,0.0,0.0
4500000892,60,5000001614,20230209,6970.8,6970.8,0.0,0.0
4500000892,70,5000001614,20230209,844.76,844.76,0.0,0.0
4500000892,80,5000001614,20230209,146.25,146.25,0.0,0.0
4500000892,90,5000001614,20230209,68.4,68.4,0.0,0.0
4500000892,100,5000001614,20230209,15697.5,15697.5,0.0,0.0
4500000892,110,5000001614,20230209,3200.0,3200.0,0.0,0.0
4500000892,120,5000001614,20230209,18500.0,18500.0,0.0,0.0
4500000892,130,5000001614,20230209,1950.0,1950.0,0.0,0.0
4500000892,140,5000001614,20230209,129.0,129.0,0.0,0.0
4500000892,150,5000001614,20230209,2580.0,2580.0,0.0,0.0
4500000892,160,5000001614,20230209,129.0,129.0,0.0,0.0
4500000892,170,5000001614,20230209,2580.0,2580.0,0.0,0.0
4500000892,180,5000001614,20230209,73.2,73.1,0.0,0.0
4500000892,190,5000001614,20230209,732.0,731.0,0.0,0.0
4500000892,200,5000001614,20230209,8890.0,8890.0,0.0,0.0
4500000892,210,5000001614,20230209,159.2,159.2,0.0,0.0
4500000892,220,5000001614,20230209,63.0,63.0,0.0,0.0
4500000892,230,5000001614,20230209,141.7,141.7,0.0,0.0
4500000892,240,5000001614,20230209,3000.0,3000.0,0.0,0.0
4500000892,250,5000001614,20230209,6677.6,6677.6,0.0,0.0
4500000892,260,5000001614,20230209,500.82,500.82,0.0,0.0
4500000892,270,5000001614,20230209,1069.5,1069.5,0.0,0.0
4500000892,280,5000001614,20230209,15300.0,15300.0,0.0,0.0
4500000892,290,5000001614,20230209,1730.2,1730.2,0.0,0.0
4500000892,300,5000001614,20230209,351.04,351.05,0.0,0.0
4500000892,310,5000001614,20230209,169.68,169.66,0.0,0.0
4500000893,10,,,8849.56,8849.52,0.0,0.0
4500000893,20,,,8849.56,8849.56,0.0,0.0
4500000893,30,,,2477.88,2477.89,0.0,0.0
4500000893,40,,,1238.94,1238.94,0.0,0.0
4500000894,10,,,162690.27,162690.27,0.0,0.0
4500000894,70,,,40672.57,40672.57,0.0,0.0
4500000894,80,,,61008.85,61008.85,0.0,0.0
4500000895,10,,,3663.72,3663.71,0.0,0.0
4500000895,20,,,10991.15,10991.15,0.0,0.0
4500000895,30,,,82300.88,82300.88,0.0,0.0
4500000895,40,,,82300.89,82300.88,0.0,0.0
4500000895,50,,,109734.51,109734.51,0.0,0.0
4500000896,10,,,28493.36,28493.36,0.0,0.0
4500000896,20,,,18995.58,18995.58,0.0,0.0
4500000896,30,,,633.19,633.19,0.0,0.0
4500000896,40,,,14246.68,14246.68,0.0,0.0
4500000896,50,,,4115.71,4115.71,0.0,0.0
4500000896,60,,,9497.79,9497.79,0.0,0.0
4500000896,70,,,4748.89,4748.89,0.0,0.0
4500000896,80,,,4748.89,4748.89,0.0,0.0
4500000897,10,,,4656.64,4656.64,0.0,0.0
4500000897,20,,,8847.61,8847.61,0.0,0.0
4500000897,30,,,9778.94,9778.94,0.0,0.0
4500000898,10,5000001691,20230210,85.0,85.0,0.0,0.0
4500000898,20,5000001691,20230210,85.0,85.0,0.0,0.0
4500000898,30,5000001691,20230210,85.0,85.0,0.0,0.0
4500000899,10,,,1791.72,1791.72,0.0,0.0
4500000899,20,,,2388.96,2388.96,0.0,0.0
4500000899,30,,,1872.42,1872.42,0.0,0.0
4500000899,40,,,785.18,785.18,0.0,0.0
4500000899,50,,,763.5,763.5,0.0,0.0
4500000899,60,,,18.58,18.58,0.0,0.0
4500000899,70,,,18.58,18.58,0.0,0.0
4500000899,80,,,1694.12,1694.12,0.0,0.0
4500000899,90,,,589.06,589.06,0.0,0.0
4500000899,100,,,287.82,287.82,0.0,0.0
4500000899,110,,,336.07,336.07,0.0,0.0
4500000899,120,,,2790.88,2790.88,0.0,0.0
4500000899,130,,,2607.35,2607.35,0.0,0.0
4500000899,140,,,53.1,53.1,0.0,0.0
4500000899,150,,,53.1,53.1,0.0,0.0
4500000899,160,,,132.74,132.74,0.0,0.0
4500000899,170,,,132.74,132.74,0.0,0.0
4500000899,220,,,106.19,106.19,0.0,0.0
4500000899,230,,,424.78,424.78,0.0,0.0
4500000899,240,,,1168.14,1168.14,0.0,0.0
4500000899,250,,,778.76,778.76,0.0,0.0
4500000899,260,,,107.96,107.96,0.0,0.0
4500000899,270,,,107.96,107.96,0.0,0.0
4500000899,280,,,1769.91,1769.91,0.0,0.0
4500000899,290,,,1769.91,1769.91,0.0,0.0
4500000899,300,,,486.73,486.73,0.0,0.0
4500000899,310,,,486.73,486.73,0.0,0.0
4500000899,320,,,230.09,230.09,0.0,0.0
4500000899,330,,,230.09,230.09,0.0,0.0
4500000899,340,,,265.49,265.49,0.0,0.0
4500000899,350,,,265.49,265.49,0.0,0.0
4500000899,360,,,28.32,28.32,0.0,0.0
4500000899,370,,,42.48,42.48,0.0,0.0
4500000899,380,,,115.04,115.04,0.0,0.0
4500000899,390,,,460.18,460.18,0.0,0.0
4500000899,400,,,173.45,173.45,0.0,0.0
4500000899,410,,,86.73,86.73,0.0,0.0
4500000899,420,,,4336.28,4336.28,0.0,0.0
4500000899,430,,,867.26,867.26,0.0,0.0
4500000899,440,,,398.23,398.23,0.0,0.0
4500000899,450,,,132.74,132.74,0.0,0.0
4500000899,460,,,282.3,282.3,0.0,0.0
4500000900,10,,,938.05,938.05,0.0,0.0
4500000900,20,,,938.05,938.05,0.0,0.0
4500000900,30,,,2654.87,2654.87,0.0,0.0
4500000900,40,,,2654.87,2654.87,0.0,0.0
4500000901,10,,,42345.13,42345.13,0.0,0.0
4500000902,10,,,1247.79,1247.79,0.0,0.0
4500000902,20,,,1247.79,1247.79,0.0,0.0
4500000902,30,,,1380.53,1380.53,0.0,0.0
4500000902,40,,,1380.53,1380.53,0.0,0.0
4500000902,50,,,1247.79,1247.79,0.0,0.0
4500000902,60,,,1380.53,1380.53,0.0,0.0
4500000902,70,,,1380.53,1380.53,0.0,0.0
4500000902,80,,,1380.53,1380.53,0.0,0.0
4500000902,90,,,1380.53,1380.53,0.0,0.0
4500000902,100,,,1380.53,1380.53,0.0,0.0
4500000902,110,,,1380.53,1380.53,0.0,0.0
4500000903,10,,,6106.19,6106.19,0.0,0.0
4500000903,20,,,4584.07,4584.07,0.0,0.0
4500000903,30,,,6876.11,6876.11,0.0,0.0
4500000904,10,,,15497.34,15497.34,0.0,0.0
4500000904,20,,,1761.06,1761.06,0.0,0.0
4500000904,30,,,25663.72,25663.72,0.0,0.0
4500000905,10,,,561.5,561.5,0.0,0.0
4500000905,20,,,35.84,35.84,0.0,0.0
4500000905,30,,,2212.39,2212.39,0.0,0.0
4500000905,40,,,2212.39,2212.39,0.0,0.0
4500000906,10,5000001695,20230210,109.4,109.4,0.0,0.0
4500000906,20,5000001695,20230210,82.16,82.16,0.0,0.0
4500000907,10,5000001696,20230210,382.81,382.81,0.0,0.0
4500000907,20,5000001696,20230210,352.0,352.0,0.0,0.0
4500000907,30,5000001696,20230210,17.0,17.0,0.0,0.0
4500000907,40,5000001696,20230210,83.82,83.82,0.0,0.0
4500000907,50,5000001696,20230210,31.77,31.77,0.0,0.0
4500000908,10,5000001697,20230210,167.0,167.0,0.0,0.0
4500000908,20,5000001697,20230210,400.4,400.4,0.0,0.0
4500000908,30,5000001697,20230210,38.0,38.0,0.0,0.0
4500000908,40,5000001697,20230210,29.92,29.91,0.0,0.0
4500000909,10,5000001698,20230210,186.0,185.45,0.0,0.0
4500000910,10,,,0.0,0.0,0.0,0.0
4500000910,20,,,0.0,0.0,0.0,0.0
4500000910,30,,,0.0,0.0,0.0,0.0
4500000910,40,,,0.0,0.0,0.0,0.0
4500000910,50,,,0.0,0.0,0.0,0.0
4500000910,60,,,0.0,0.0,0.0,0.0
4500000910,70,,,0.0,0.0,0.0,0.0
4500000910,80,,,0.0,0.0,0.0,0.0
4500000911,10,5000002695,20230224,5940.0,5940.0,0.0,0.0
4500000911,20,5000002695,20230224,5940.0,5940.0,0.0,0.0
4500000912,10,5000001686,20230210,35.45,0.0,0.0,0.0
4500000913,10,5000001687,20230210,40.14,40.14,0.0,0.0
4500000913,20,5000001687,20230210,73.5,73.5,0.0,0.0
4500000914,10,5000001690,20230210,787.26,0.0,0.0,0.0
4500000914,20,5000001690,20230210,120.41,0.0,0.0,0.0
4500000915,10,5000001700,20230210,14.7,14.7,0.0,0.0
4500000916,10,5000001701,20230210,24.0,0.0,0.0,0.0
4500000916,20,5000001701,20230210,28.36,0.0,0.0,0.0
4500000917,10,5000001706,20230210,7200.0,0.0,0.0,0.0
4500000918,10,5000002551,20230222,480.0,480.0,0.0,0.0
4500000918,20,5000002551,20230222,280.0,280.0,0.0,0.0
4500000918,30,5000002551,20230222,220.0,220.0,0.0,0.0
4500000918,40,5000002551,20230222,240.0,240.0,0.0,0.0
4500000919,10,5000014793,20230627,1200.0,1200.0,0.0,0.0
4500000919,20,5000014793,20230627,87.39,87.39,0.0,0.0
4500000920,10,5000014794,20230627,1200.0,1200.0,0.0,0.0
4500000920,20,5000014794,20230627,87.39,87.39,0.0,0.0
4500000921,10,5000001871,20230214,1450.0,1450.0,0.0,0.0
4500000921,20,5000001871,20230214,105.6,105.6,0.0,0.0
4500000921,30,5000001871,20230214,1450.0,1450.0,0.0,0.0
4500000921,40,5000001871,20230214,105.6,105.6,0.0,0.0
4500000922,10,5000001670,20230210,85.0,85.0,0.0,0.0
4500000922,20,5000001670,20230210,85.0,85.0,0.0,0.0
4500000922,30,5000001670,20230210,85.0,85.0,0.0,0.0
4500000923,10,,,12389.38,12389.38,0.0,0.0
4500000924,100,,,178.41,178.41,0.0,0.0
4500000925,10,5000001931,20230215,30420.0,780.0,0.0,0.0
4500000926,10,5000001927,20230215,2205.0,2205.0,0.0,0.0
4500000926,20,5000001927,20230215,6.0,6.0,0.0,0.0
4500000928,10,5000001926,20230215,227.7,227.7,0.0,0.0
4500000929,10,5000001925,20230215,113.85,113.85,0.0,0.0
4500000930,10,,,243.36,243.36,0.0,0.0
4500000932,10,5000002848,20230227,2125.0,2125.0,0.0,0.0
4500000932,20,5000002848,20230227,154.76,154.76,0.0,0.0
4500000933,10,5000001859,20230214,1100.0,1100.0,0.0,0.0
4500000933,20,5000001859,20230214,80.11,80.11,0.0,0.0
4500000934,10,5000002052,20230216,34.13,34.13,0.0,0.0
4500000935,10,,,283.19,283.19,0.0,0.0
4500000935,20,,,566.37,566.37,0.0,0.0
4500000936,10,5000002702,20230224,145.1,145.1,0.0,0.0
4500000936,20,5000002702,20230224,157.0,157.0,0.0,0.0
4500000936,30,,,0.0,0.0,0.0,0.0
4500000937,10,,,350.44,350.44,0.0,0.0
4500000937,20,,,520.35,520.35,0.0,0.0
4500000937,30,,,2601.77,2601.77,0.0,0.0
4500000937,40,,,1699.12,1699.12,0.0,0.0
4500000937,50,,,870.8,870.8,0.0,0.0
4500000937,60,,,1699.12,1699.12,0.0,0.0
4500000938,10,,,58.41,58.41,0.0,0.0
4500000938,20,,,0.0,0.0,0.0,0.0
4500000938,30,,,292.04,292.04,0.0,0.0
4500000939,10,,,1876.11,1876.1,0.0,0.0
4500000940,10,5000002626,20230223,2750.0,2750.0,0.0,0.0
4500000940,20,5000002626,20230223,200.28,200.28,0.0,0.0
4500000941,10,,,0.0,0.0,0.0,0.0
4500000941,20,,,0.0,0.0,0.0,0.0
4500000941,30,,,0.0,0.0,0.0,0.0
4500000941,40,,,0.0,0.0,0.0,0.0
4500000941,50,,,0.0,0.0,0.0,0.0
4500000941,60,,,0.0,0.0,0.0,0.0
4500000943,10,,,4601.77,4601.77,0.0,0.0
4500000943,20,,,7079.65,7079.65,0.0,0.0
4500000944,10,,,165663.72,165663.72,0.0,0.0
4500000944,20,,,118495.58,118495.58,0.0,0.0
4500000944,30,,,83185.84,83185.84,0.0,0.0
4500000944,40,,,13274.34,13274.34,0.0,0.0
4500000944,50,,,7079.65,7079.65,0.0,0.0
4500000945,10,5000001630,20230209,524784.0,0.0,0.0,0.0
4500000946,10,,,139787.61,153982.32,0.0,0.0
4500000947,10,5000063321,20240712,216.33,0.0,237.96,-237.96
4500000948,10,5000001937,20230215,968.0,968.0,0.0,0.0
4500000949,10,5000001935,20230215,968.0,968.0,0.0,0.0
4500000950,10,5000001933,20230215,968.0,968.0,0.0,0.0
4500000951,10,5000001932,20230215,660.0,660.0,0.0,0.0
4500000952,10,,,3132.74,3132.74,0.0,0.0
4500000953,10,,,18020.35,18020.35,0.0,0.0
4500000953,20,,,27325.19,15979.65,0.0,0.0
4500000954,40,,,297.88,297.88,0.0,0.0
4500000954,50,,,52.57,52.57,0.0,0.0
4500000955,10,,,6677.88,6677.87,0.0,0.0
4500000955,20,,,8499.12,8499.12,0.0,0.0
4500000955,30,,,6070.8,6070.8,0.0,0.0
4500000956,10,,,67256.64,67256.64,0.0,0.0
4500000956,20,,,48672.57,48672.57,0.0,0.0
4500000958,10,5000002053,20230216,345.8,345.8,0.0,0.0
4500000958,20,,,0.0,0.0,0.0,0.0
4500000959,10,5000001867,20230214,1200.0,1200.0,0.0,0.0
4500000959,20,5000001867,20230214,87.39,87.39,0.0,0.0
4500000959,30,5000001867,20230214,1200.0,1200.0,0.0,0.0
4500000959,40,5000001867,20230214,87.39,87.39,0.0,0.0
4500000960,10,5000005199,20230321,1285.0,1285.0,0.0,0.0
4500000961,20,,,6953.23,6489.68,0.0,0.0
4500000961,30,,,25495.18,25495.18,0.0,0.0
4500000961,40,,,2983.58,2983.58,0.0,0.0
4500000961,50,,,11934.3,11934.3,0.0,0.0
4500000961,60,,,2275.62,2275.62,0.0,0.0
4500000961,70,,,4108.72,4108.72,0.0,0.0
4500000961,80,,,24652.3,24652.3,0.0,0.0
4500000961,90,,,10884.88,10884.88,0.0,0.0
4500000961,100,,,4664.95,4664.95,0.0,0.0
4500000961,110,,,547.83,547.83,0.0,0.0
4500000961,120,,,2739.16,2739.16,0.0,0.0
4500000961,140,,,389.38,389.38,0.0,0.0
4500000961,150,,,389.38,389.38,0.0,0.0
4500000961,160,,,5380.58,5380.58,0.0,0.0
4500000962,10,5000001863,20230214,1200.0,1200.0,0.0,0.0
4500000962,20,5000001863,20230214,87.39,87.39,0.0,0.0
4500000964,10,,,2265.49,2265.49,0.0,0.0
4500000965,20,,,12212.39,12212.39,0.0,0.0
4500000965,40,,,3561.95,3561.95,0.0,0.0
4500000965,50,,,1017.7,1017.7,0.0,0.0
4500000965,60,,,3460.18,3460.18,0.0,0.0
4500000965,80,,,407.08,407.08,0.0,0.0
4500000965,100,,,1730.09,1730.09,0.0,0.0
4500000966,10,5000004463,20230315,3900.0,3900.0,0.0,0.0
4500000966,20,5000004463,20230315,284.03,284.03,0.0,0.0
4500000967,10,5000001862,20230214,1200.0,1200.0,0.0,0.0
4500000967,20,5000001862,20230214,87.39,87.39,0.0,0.0
4500000968,10,,,1168141.6,1145911.5,0.0,0.0
4500000969,10,,,154867.26,152212.39,0.0,0.0
4500000969,20,,,8628.32,8628.32,0.0,0.0
4500000969,30,,,11946.9,11946.9,0.0,0.0
4500000970,10,,,97176.11,97176.11,0.0,0.0
4500000970,20,,,10417.7,10417.7,0.0,0.0
4500000970,30,,,108849.56,108849.56,0.0,0.0
4500000970,40,,,47203.54,47203.54,0.0,0.0
4500000971,10,,,63716.81,63716.81,0.0,0.0
4500000971,20,,,0.0,0.0,0.0,0.0
4500000972,10,5000001763,20230211,4670442.48,2758573.05,0.0,0.0
4500000972,20,5000001763,20230211,1393231.86,1101831.85,0.0,0.0
4500000973,10,,,4247.79,4247.79,0.0,0.0
4500000973,20,,,8849.56,8849.56,0.0,0.0
4500000973,30,,,8407.08,8407.08,0.0,0.0
4500000974,10,5000001764,20230211,883185.84,875278.75,0.0,0.0
4500000975,10,5000001870,20230214,1450.0,1450.0,0.0,0.0
4500000975,20,5000001870,20230214,96.8,96.8,0.0,0.0
4500000976,10,,,7433.63,7433.63,0.0,0.0
4500000976,20,,,7433.64,7433.64,0.0,0.0
4500000976,40,,,2477.88,2477.88,0.0,0.0
4500000977,10,,,3494.69,0.0,0.0,0.0
4500000978,10,,,663.72,663.72,0.0,0.0
4500000978,20,,,663.72,663.72,0.0,0.0
4500000978,30,,,6637.17,6637.17,0.0,0.0
4500000978,40,,,3185.85,3185.83,0.0,0.0
4500000978,50,,,20176.99,20176.99,0.0,0.0
4500000978,60,,,20176.99,20176.99,0.0,0.0
4500000978,70,,,920.35,920.35,0.0,0.0
4500000979,10,,,2745.49,2745.49,0.0,0.0
4500000980,10,,,101.77,101.77,0.0,0.0
4500000980,20,,,1933.63,1933.64,0.0,0.0
4500000980,30,,,920.35,920.35,0.0,0.0
4500000980,40,,,230.09,230.09,0.0,0.0
4500000980,100,,,787.61,787.61,0.0,0.0
4500000980,110,,,472.57,472.57,0.0,0.0
4500000980,120,,,8911.5,8911.5,0.0,0.0
4500000980,130,,,469.03,469.03,0.0,0.0
4500000981,10,,,2973.45,2973.45,0.0,0.0
4500000981,20,,,2230.09,2230.09,0.0,0.0
4500000981,110,,,2477.88,2477.88,0.0,0.0
4500000981,120,,,1061.95,1061.95,0.0,0.0
4500000981,170,,,2392.92,2392.92,0.0,0.0
4500000981,180,,,184.07,184.07,0.0,0.0
4500000981,190,,,2208.85,2208.85,0.0,0.0
4500000981,200,,,1288.5,1288.5,0.0,0.0
4500000981,210,,,884.96,884.96,0.0,0.0
4500000981,220,,,442.48,442.48,0.0,0.0
4500000981,230,,,371.68,371.68,0.0,0.0
4500000981,240,,,61.95,61.95,0.0,0.0
4500000981,270,,,575.22,575.22,0.0,0.0
4500000981,280,,,575.22,575.22,0.0,0.0
4500000981,290,,,929.2,929.2,0.0,0.0
4500000981,300,,,398.23,398.23,0.0,0.0
4500000982,10,5000001860,20230214,1200.0,1200.0,0.0,0.0
4500000982,20,5000001860,20230214,80.11,80.11,0.0,0.0
4500000982,30,5000001860,20230214,1200.0,1200.0,0.0,0.0
4500000982,40,5000001860,20230214,80.11,80.11,0.0,0.0
4500000982,50,5000001860,20230214,1200.0,1200.0,0.0,0.0
4500000982,60,5000001860,20230214,80.11,80.11,0.0,0.0
4500000983,20,,,6194.69,6194.69,0.0,0.0
4500000983,30,,,12389.38,12389.38,0.0,0.0
4500000983,40,,,15486.73,15486.74,0.0,0.0
4500000983,50,,,6194.69,6194.69,0.0,0.0
4500000984,10,,,67256.64,67256.64,0.0,0.0
4500000984,20,,,100884.96,100884.96,0.0,0.0
4500000985,10,,,1102927.43,1058679.64,0.0,0.0
4500000986,10,5000001861,20230214,1200.0,1200.0,0.0,0.0
4500000986,20,5000001861,20230214,80.11,80.11,0.0,0.0
4500000987,10,,,12351.33,12351.33,0.0,0.0
4500000988,10,5000001858,20230214,1100.0,1100.0,0.0,0.0
4500000988,20,5000001858,20230214,73.43,73.43,0.0,0.0
4500000989,10,5000002453,20230221,2125.0,2125.0,0.0,0.0
4500000989,20,5000002453,20230221,141.86,141.86,0.0,0.0
4500000990,10,,,3667.19,3667.19,0.0,0.0
4500000990,20,,,2952.28,2952.28,0.0,0.0
4500000990,30,,,209.2,209.2,0.0,0.0
4500000990,40,,,498.76,498.76,0.0,0.0
4500000990,50,,,4168.14,4168.14,0.0,0.0
4500000990,60,,,3682.3,3682.3,0.0,0.0
4500000990,70,,,7699.12,7699.12,0.0,0.0
4500000990,80,,,4778.76,4778.76,0.0,0.0
4500000990,90,,,3092.92,3092.92,0.0,0.0
4500000990,100,,,632.74,632.74,0.0,0.0
4500000990,110,,,1553.1,1553.1,0.0,0.0
4500000990,120,,,690.27,690.27,0.0,0.0
4500000990,130,,,2920.35,2920.35,0.0,0.0
4500000990,140,,,1060.62,1060.62,0.0,0.0
4500000990,150,,,67.7,67.7,0.0,0.0
4500000990,160,,,5044.25,5044.25,0.0,0.0
4500000990,170,,,501.59,501.59,0.0,0.0
4500000990,180,,,752.39,752.39,0.0,0.0
4500000990,190,,,1805.31,1805.31,0.0,0.0
4500000990,200,,,138.05,138.05,0.0,0.0
4500000990,210,,,923.89,923.89,0.0,0.0
4500000990,220,,,318.58,318.58,0.0,0.0
4500000990,230,,,310.62,310.62,0.0,0.0
4500000990,240,,,947.79,947.79,0.0,0.0
4500000990,250,,,629.2,629.2,0.0,0.0
4500000990,260,,,87.61,87.61,0.0,0.0
4500000990,270,,,2492.04,2492.04,0.0,0.0
4500000990,280,,,4587.61,4587.61,0.0,0.0
4500000990,300,,,55.75,55.75,0.0,0.0
4500000990,310,,,15.93,15.93,0.0,0.0
4500000990,320,,,238.94,238.94,0.0,0.0
4500000990,330,,,4725.66,4699.11,0.0,0.0
4500000990,340,,,2123.89,2123.89,0.0,0.0
4500000990,350,,,2123.89,2123.9,0.0,0.0
4500000990,360,,,2123.89,2123.89,0.0,0.0
4500000990,370,,,22964.6,22964.6,0.0,0.0
4500000990,380,,,4601.77,4601.77,0.0,0.0
4500000990,390,,,1769.91,1769.91,0.0,0.0
4500000990,400,,,26920.35,26920.35,0.0,0.0
4500000990,410,,,15557.52,15557.53,0.0,0.0
4500000990,420,,,2044.25,2044.25,0.0,0.0
4500000990,430,,,2530.97,2530.97,0.0,0.0
4500000990,440,,,2628.32,2628.32,0.0,0.0
4500000990,450,,,1415.93,1415.93,0.0,0.0
4500000990,460,,,718.58,718.59,0.0,0.0
4500000990,470,,,307.96,307.96,0.0,0.0
4500000990,480,,,592.92,592.92,0.0,0.0
4500000990,490,,,1176.99,1176.99,0.0,0.0
4500000990,500,,,8230.09,8230.09,0.0,0.0
4500000990,510,,,4203.54,4203.54,0.0,0.0
4500000991,10,,,120353.98,0.0,0.0,0.0
4500000992,10,,,27433.63,27433.63,0.0,0.0
4500000993,10,,,3097.35,3097.36,0.0,0.0
4500000993,20,,,1327.43,1327.43,0.0,0.0
4500000993,30,,,335.58,335.58,0.0,0.0
4500000993,40,,,152.92,152.92,0.0,0.0
4500000994,10,,,1274.34,1274.34,0.0,0.0
4500000994,20,,,1061.95,1061.95,0.0,0.0
4500000994,30,,,4318.58,4318.58,0.0,0.0
4500000994,40,,,2159.29,2159.29,0.0,0.0
4500000994,50,,,11876.11,11876.11,0.0,0.0
4500000994,60,,,2159.29,2159.29,0.0,0.0
4500000994,70,,,1079.65,1079.65,0.0,0.0
4500000994,80,,,1079.65,1079.64,0.0,0.0
4500000994,90,,,5398.23,5398.23,0.0,0.0
4500000994,100,,,5221.24,5221.24,0.0,0.0
4500000994,110,,,5221.24,5221.24,0.0,0.0
4500000995,10,,,1651.33,1651.33,0.0,0.0
4500000996,10,,,2248.54,2248.54,0.0,0.0
4500000996,20,,,74.47,74.47,0.0,0.0
4500000996,50,,,28.32,28.32,0.0,0.0
4500000996,60,,,86.73,86.73,0.0,0.0
4500000997,10,,,3522.12,3522.12,0.0,0.0
4500000998,10,,,10870.8,10870.8,0.0,0.0
4500000998,20,,,3672.57,3672.57,0.0,0.0
4500000998,30,,,49304.33,49304.32,0.0,0.0
4500000998,40,,,38768.24,38768.24,0.0,0.0
4500000998,50,,,48647.79,47296.45,0.0,0.0
4500000998,60,,,66042.48,64207.96,0.0,0.0
4500000999,10,,,995.58,995.58,0.0,0.0
4500000999,20,,,464.6,464.6,0.0,0.0
4500000999,30,,,353.98,353.98,0.0,0.0
4500000999,40,,,530.97,530.97,0.0,0.0
4500001000,10,,,5329.65,5329.65,0.0,0.0
4500001000,20,,,1971.24,1971.24,0.0,0.0
4500001001,10,,,134415.93,134415.92,0.0,0.0
4500001001,20,,,38938.05,38938.05,0.0,0.0
4500001002,10,,,5220.35,5221.24,0.0,0.0
4500001003,10,,,9292.04,9292.04,0.0,0.0
4500001004,20,,,1213.66,1213.65,0.0,0.0
4500001004,30,,,23177.43,23177.43,0.0,0.0
4500001004,40,,,9696.62,9696.62,0.0,0.0
4500001004,50,,,20139.13,20139.13,0.0,0.0
4500001004,60,,,5183.27,5183.27,0.0,0.0
4500001004,90,,,384.33,384.33,0.0,0.0
4500001005,10,,,45390.05,45390.05,0.0,0.0
4500001005,20,,,21676.34,21676.34,0.0,0.0
4500001005,30,,,75680.51,75680.51,0.0,0.0
4500001006,90,,,6902.66,6902.66,0.0,0.0
4500001006,130,,,6730.09,6730.09,0.0,0.0
4500001006,220,,,120084.07,118025.45,0.0,0.0
4500001006,230,,,124219.03,122089.54,0.0,0.0
4500001006,260,,,17256.63,17256.63,0.0,0.0
4500001007,30,,,3419.47,3419.47,0.0,0.0
4500001007,40,,,2410.97,2410.97,0.0,0.0
4500001007,50,,,3833.27,3833.27,0.0,0.0
4500001007,60,,,6442.48,6442.48,0.0,0.0
4500001008,10,,,2787.61,2787.61,0.0,0.0
4500001008,20,,,1194.69,1194.69,0.0,0.0
4500001008,30,,,597.35,597.36,0.0,0.0
4500001011,10,5000014795,20230627,1200.0,1200.0,0.0,0.0
4500001011,20,5000014795,20230627,80.11,80.11,0.0,0.0
4500001012,10,5000002446,20230221,1450.0,1450.0,0.0,0.0
4500001012,20,5000002446,20230221,96.8,96.8,0.0,0.0
4500001013,20,,,3391.59,3832.5,0.0,0.0
4500001014,10,,,584070.8,572964.6,0.0,0.0
4500001015,10,,,0.0,0.0,0.0,0.0
4500001015,20,,,0.0,0.0,0.0,0.0
4500001015,30,,,19823.01,19823.01,0.0,0.0
4500001015,40,,,22831.86,22831.86,0.0,0.0
4500001015,50,,,9292.04,9292.04,0.0,0.0
4500001016,10,,,3522.12,3522.12,0.0,0.0
4500001016,20,,,11384.07,11384.07,0.0,0.0
4500001016,30,,,7115.04,7115.04,0.0,0.0
4500001017,10,,,8362.83,8362.83,0.0,0.0
4500001018,10,5000014796,20230627,1200.0,1200.0,0.0,0.0
4500001018,20,5000014796,20230627,80.11,80.11,0.0,0.0
4500001019,10,5000002447,20230221,1200.0,1200.0,0.0,0.0
4500001019,20,5000002447,20230221,80.11,80.11,0.0,0.0
4500001020,10,5000001869,20230214,495575.22,495575.22,0.0,0.0
4500001022,10,5000002699,20230224,1388.0,1388.0,0.0,0.0
4500001022,20,5000002699,20230224,616.0,616.0,0.0,0.0
4500001022,30,5000002699,20230224,880.0,880.0,0.0,0.0
4500001022,40,5000002699,20230224,462.56,462.56,0.0,0.0
4500001022,50,5000002699,20230224,670.0,665.0,0.0,0.0
4500001022,60,5000002699,20230224,1.66,166.24,0.0,0.0
4500001022,70,5000002699,20230224,199.48,199.49,0.0,0.0
4500001022,80,5000002699,20230224,464.0,464.0,0.0,0.0
4500001022,90,5000002699,20230224,66.0,65.98,0.0,0.0
4500001022,100,5000002699,20230224,150.0,150.0,0.0,0.0
4500001022,110,5000002699,20230224,185.0,185.0,0.0,0.0
4500001023,10,5000001957,20230215,330.0,330.0,0.0,0.0
4500001023,20,5000001957,20230215,800.0,800.0,0.0,0.0
4500001024,10,5000001956,20230215,3060.0,3060.0,0.0,0.0
4500001024,20,5000001956,20230215,38.0,38.0,0.0,0.0
4500001024,30,5000001956,20230215,1530.0,1530.0,0.0,0.0
4500001024,40,5000001956,20230215,70.0,70.0,0.0,0.0
4500001024,50,5000001956,20230215,1755.0,1755.0,0.0,0.0
4500001024,60,5000001956,20230215,80.0,80.0,0.0,0.0
4500001024,70,5000001956,20230215,2250.0,2250.0,0.0,0.0
4500001024,80,5000001956,20230215,2250.0,2250.0,0.0,0.0
4500001024,90,5000001956,20230215,2250.0,2250.0,0.0,0.0
4500001024,100,5000001956,20230215,375.0,375.0,0.0,0.0
4500001024,110,5000001956,20230215,35.0,35.0,0.0,0.0
4500001024,120,5000001956,20230215,780.0,780.0,0.0,0.0
4500001024,130,5000001956,20230215,130.0,85.0,0.0,0.0
4500001024,140,5000001956,20230215,900.0,900.0,0.0,0.0
4500001025,10,,,24690.27,24690.27,0.0,0.0
4500001026,10,5000002011,20230216,5730.0,5730.0,0.0,0.0
4500001026,20,5000002011,20230216,2925.0,2925.0,0.0,0.0
4500001026,30,5000002011,20230216,2340.0,2340.0,0.0,0.0
4500001026,40,5000002011,20230216,23040.0,23040.0,0.0,0.0
4500001026,50,5000002011,20230216,4270.0,4270.0,0.0,0.0
4500001027,10,,,584.07,584.07,0.0,0.0
4500001028,10,5000001951,20230215,302.13,302.13,0.0,0.0
4500001029,10,,,4424.78,4424.78,0.0,0.0
4500001029,20,,,4424.78,4424.78,0.0,0.0
4500001029,30,,,28318.58,28318.58,0.0,0.0
4500001029,40,,,28318.58,28318.58,0.0,0.0
4500001029,60,,,866.9,866.9,0.0,0.0
4500001029,70,,,2195.22,2195.22,0.0,0.0
4500001029,80,,,671.15,671.15,0.0,0.0
4500001029,110,,,12212.39,12212.39,0.0,0.0
4500001029,120,,,12212.39,12212.39,0.0,0.0
4500001029,130,,,24221.5,24221.5,0.0,0.0
4500001029,140,,,180469.65,180469.65,0.0,0.0
4500001029,150,,,38707.08,38707.07,0.0,0.0
4500001029,160,,,11126.55,11126.55,0.0,0.0
4500001029,170,,,6610.62,6610.62,0.0,0.0
4500001029,180,,,1377.88,1377.88,0.0,0.0
4500001029,190,,,13274.34,13274.33,0.0,0.0
4500001029,200,,,13274.34,13274.34,0.0,0.0
4500001029,210,,,90194.69,90194.69,0.0,0.0
4500001029,220,,,90194.69,90194.69,0.0,0.0
4500001030,10,5000002030,20230216,2453.24,2453.24,0.0,0.0
4500001031,10,5000001947,20230215,680.0,676.0,0.0,0.0
4500001032,10,,,0.0,0.0,0.0,0.0
4500001033,10,5000001946,20230215,550.0,550.0,0.0,0.0
4500001034,10,5000002012,20230216,3300.0,3300.0,0.0,0.0
4500001034,20,5000002012,20230216,450.0,450.0,0.0,0.0
4500001034,30,5000002012,20230216,410.0,410.0,0.0,0.0
4500001035,10,5000002013,20230216,4365.5,4365.5,0.0,0.0
4500001035,20,5000002013,20230216,65.0,65.0,0.0,0.0
4500001036,10,5000001943,20230215,300.0,300.0,0.0,0.0
4500001037,10,5000001942,20230215,419.5,419.5,0.0,0.0
4500001038,10,5000001940,20230215,293.65,293.65,0.0,0.0
4500001039,10,5000001880,20230214,8407.08,8407.08,0.0,0.0
4500001039,20,5000001880,20230214,1858.41,1858.41,0.0,0.0
4500001039,30,5000001880,20230214,3539.82,3539.82,0.0,0.0
4500001040,10,,,2455.91,2455.91,0.0,0.0
4500001040,20,,,879.29,879.29,0.0,0.0
4500001040,30,,,9066.48,9066.48,0.0,0.0
4500001040,40,,,2375.31,2375.31,0.0,0.0
4500001041,30,,,1687.98,1687.98,0.0,0.0
4500001041,50,,,41702.65,41702.65,0.0,0.0
4500001041,60,,,87666.81,87666.82,0.0,0.0
4500001041,70,,,33236.35,33236.35,0.0,0.0
4500001041,80,,,1226.16,1226.16,0.0,0.0
4500001041,90,,,52267.33,52267.31,0.0,0.0
4500001041,100,,,19710.05,19710.05,0.0,0.0
4500001041,110,,,84288.42,84288.43,0.0,0.0
4500001041,120,,,43495.65,43495.65,0.0,0.0
4500001042,20,,,4070.8,4070.8,0.0,0.0
4500001042,30,,,12212.39,12212.39,0.0,0.0
4500001042,40,,,4070.8,4070.8,0.0,0.0
4500001042,50,,,3539.82,3539.82,0.0,0.0
4500001042,60,,,3539.82,3539.82,0.0,0.0
4500001042,70,,,7079.65,7079.65,0.0,0.0
4500001042,80,,,3539.82,3539.82,0.0,0.0
4500001043,10,,,208.85,208.85,0.0,0.0
4500001044,10,5000004977,20230318,90265.49,90265.49,0.0,0.0
4500001044,20,5000004977,20230318,18053.1,18053.1,0.0,0.0
4500001045,10,,,11564.6,11564.6,0.0,0.0
4500001045,20,,,11564.6,11564.6,0.0,0.0
4500001046,10,,,17171.68,0.0,0.0,0.0
4500001047,10,,,19664.6,19664.6,0.0,0.0
4500001047,20,,,6117.88,6117.88,0.0,0.0
4500001047,30,,,39815.72,39815.72,0.0,0.0
4500001047,100,,,25948.32,25948.32,0.0,0.0
4500001047,120,,,3665.2,3665.2,0.0,0.0
4500001048,10,,,2920.35,2920.35,0.0,0.0
4500001049,10,,,25280.09,25280.09,0.0,0.0
4500001049,20,,,38230.09,37168.14,0.0,0.0
4500001050,10,5000002040,20230216,2025.0,0.0,0.0,0.0
4500001051,10,,,40672.57,40672.55,0.0,0.0
4500001052,10,5000002043,20230216,909.09,1000.0,0.0,0.0
4500001053,10,,,102.65,102.66,0.0,0.0
4500001053,20,,,25561.06,25561.06,0.0,0.0
4500001054,10,5000001938,20230215,500.0,500.0,0.0,0.0
4500001055,10,5000002016,20230216,10275.84,10275.72,0.0,0.0
4500001056,10,5000002022,20230216,22770.0,22770.0,0.0,0.0
4500001057,10,,,570.8,570.8,0.0,0.0
4500001057,20,,,574.76,574.76,0.0,0.0
4500001057,30,,,6.02,6.02,0.0,0.0
4500001057,40,,,127.43,127.43,0.0,0.0
4500001057,50,,,191.15,191.15,0.0,0.0
4500001057,60,,,154.87,154.87,0.0,0.0
4500001057,70,,,382.43,382.43,0.0,0.0
4500001057,80,,,1329.96,1329.96,0.0,0.0
4500001057,90,,,103.98,103.98,0.0,0.0
4500001057,100,,,2699.12,2699.12,0.0,0.0
4500001057,110,,,0.37,0.37,0.0,0.0
4500001057,120,,,52.73,52.73,0.0,0.0
4500001057,130,,,61.06,61.06,0.0,0.0
4500001057,140,,,71.68,71.68,0.0,0.0
4500001057,150,,,778.76,778.76,0.0,0.0
4500001057,160,,,107.96,107.96,0.0,0.0
4500001057,170,,,707.96,707.96,0.0,0.0
4500001057,180,,,115.04,115.04,0.0,0.0
4500001057,190,,,230.09,230.09,0.0,0.0
4500001057,200,,,14.16,14.16,0.0,0.0
4500001057,210,,,115.04,115.04,0.0,0.0
4500001057,220,,,200.18,200.18,0.0,0.0
4500001057,230,,,375.04,375.04,0.0,0.0
4500001057,240,,,154.87,154.87,0.0,0.0
4500001057,250,,,40.76,40.76,0.0,0.0
4500001057,260,,,45.96,45.96,0.0,0.0
4500001057,270,,,66.37,66.37,0.0,0.0
4500001057,280,,,220.19,220.19,0.0,0.0
4500001057,290,,,344.41,344.41,0.0,0.0
4500001057,300,,,47.79,47.79,0.0,0.0
4500001058,10,,,1548.32,1548.72,0.0,0.0
4500001058,20,,,1470.9,1471.9,0.0,0.0
4500001058,30,,,2254.87,2254.45,0.0,0.0
4500001058,40,,,938.05,929.2,0.0,0.0
4500001059,10,,,1672.57,1672.57,0.0,0.0
4500001059,20,,,1672.57,1672.57,0.0,0.0
4500001060,10,,,7748.67,7748.67,0.0,0.0
4500001060,20,,,9861.95,9861.95,0.0,0.0
4500001061,10,,,268.81,268.81,0.0,0.0
4500001061,20,,,328.54,328.54,0.0,0.0
4500001062,10,,,6100.88,6100.88,0.0,0.0
4500001062,20,,,2033.63,2033.63,0.0,0.0
4500001062,30,,,8134.51,8134.51,0.0,0.0
4500001063,10,5000002023,20230216,1080.0,1080.0,0.0,0.0
4500001063,20,5000002023,20230216,2050.0,2050.0,0.0,0.0
4500001063,30,5000002023,20230216,240.0,240.0,0.0,0.0
4500001063,40,5000002026,20230216,8800.0,238.0,0.0,0.0
4500001063,50,5000002023,20230216,300.0,300.0,0.0,0.0
4500001063,60,5000002023,20230216,200.0,200.0,0.0,0.0
4500001063,70,5000002023,20230216,200.0,200.0,0.0,0.0
4500001063,80,5000002023,20230216,200.0,200.0,0.0,0.0
4500001063,90,5000002023,20230216,133.0,133.0,0.0,0.0
4500001063,100,5000002023,20230216,170.0,170.0,0.0,0.0
4500001063,110,5000002023,20230216,220.0,220.0,0.0,0.0
4500001063,120,5000002023,20230216,330.0,330.0,0.0,0.0
4500001063,130,5000002023,20230216,280.0,280.0,0.0,0.0
4500001063,140,5000002023,20230216,316.0,316.0,0.0,0.0
4500001063,150,5000002023,20230216,5000.0,5000.0,0.0,0.0
4500001063,160,5000002023,20230216,63.0,63.25,0.0,0.0
4500001064,10,,,283.54,283.54,0.0,0.0
4500001064,20,,,283.54,283.54,0.0,0.0
4500001064,30,,,504.07,504.07,0.0,0.0
4500001064,40,,,504.07,504.07,0.0,0.0
4500001064,50,,,33.63,33.63,0.0,0.0
4500001064,60,,,2.88,2.82,0.0,0.0
4500001064,70,,,2.88,2.88,0.0,0.0
4500001064,80,,,53.1,53.1,0.0,0.0
4500001064,90,,,35.4,35.4,0.0,0.0
4500001065,10,,,0.0,0.0,0.0,0.0
4500001065,20,,,0.0,0.0,0.0,0.0
4500001066,10,,,10088.5,10088.5,0.0,0.0
4500001067,10,,,1327.43,1327.43,0.0,0.0
4500001067,20,,,1327.43,1327.43,0.0,0.0
4500001067,30,,,2212.39,2212.39,0.0,0.0
4500001068,10,,,4070.8,4070.8,0.0,0.0
4500001069,10,5000002015,20230216,85.0,85.0,0.0,0.0
4500001069,20,5000002015,20230216,100.0,100.0,0.0,0.0
4500001070,10,5000002445,20230221,1100.0,1100.0,0.0,0.0
4500001070,20,5000002445,20230221,73.43,73.43,0.0,0.0
4500001071,10,5000002449,20230221,1200.0,1200.0,0.0,0.0
4500001071,20,5000002449,20230221,80.11,80.11,0.0,0.0
4500001073,10,,,178274.34,178274.34,0.0,0.0
4500001074,10,,,1128.32,1128.32,0.0,0.0
4500001075,30,,,672.57,672.57,0.0,0.0
4500001076,10,,,70.8,70.8,0.0,0.0
4500001077,10,,,34690.27,34690.27,0.0,0.0
4500001077,20,,,59115.04,59115.04,0.0,0.0
4500001078,10,,,212.39,212.39,0.0,0.0
4500001078,20,,,0.0,0.0,0.0,0.0
4500001079,10,5000001918,20230115,7964.6,0.0,0.0,0.0
4500001080,10,5000001920,20230215,85840.71,85840.71,0.0,0.0
4500001081,10,,,146.02,146.02,0.0,0.0
4500001082,10,,,88.5,88.5,0.0,0.0
4500001083,10,,,1769.91,1769.91,0.0,0.0
4500001084,10,,,322.12,322.12,0.0,0.0
4500001085,230,,,5387.26,5387.26,0.0,0.0
4500001085,240,,,4361.59,4361.59,0.0,0.0
4500001085,250,,,2088.32,2088.32,0.0,0.0
4500001085,260,,,1614.16,1614.16,0.0,0.0
4500001086,10,,,39546.42,39546.44,0.0,0.0
4500001086,20,,,2503.72,2503.72,0.0,0.0
4500001086,30,,,20951.63,20951.63,0.0,0.0
4500001087,10,,,1247.79,1247.79,0.0,0.0
4500001087,20,,,1247.79,1247.79,0.0,0.0
4500001087,30,,,1247.79,1247.79,0.0,0.0
4500001087,40,,,1380.53,1380.53,0.0,0.0
4500001087,50,,,1380.53,1380.53,0.0,0.0
4500001087,60,,,1380.53,1380.53,0.0,0.0
4500001087,70,,,1380.53,1380.53,0.0,0.0
4500001088,10,,,57522.12,57522.12,0.0,0.0
4500001089,10,,,1247.79,1247.79,0.0,0.0
4500001089,20,,,1380.53,1380.53,0.0,0.0
4500001089,30,,,1380.53,1380.53,0.0,0.0
4500001089,40,,,1380.53,1380.53,0.0,0.0
4500001089,50,,,1380.53,1380.53,0.0,0.0
4500001090,10,5000002450,20230221,1200.0,1200.0,0.0,0.0
4500001090,20,5000002450,20230221,80.11,80.11,0.0,0.0
4500001091,10,,,433539.82,433539.82,0.0,0.0
4500001092,10,5000002703,20230224,85.0,85.0,0.0,0.0
4500001092,20,5000002703,20230224,100.0,100.0,0.0,0.0
4500001092,30,5000002703,20230224,100.0,100.0,0.0,0.0
4500001092,40,5000002703,20230224,85.0,85.0,0.0,0.0
4500001093,10,5000002044,20230216,175.0,159.09,0.0,0.0
4500001094,10,5000002047,20230216,48.4,48.4,0.0,0.0
4500001094,20,5000002047,20230216,29.93,29.93,0.0,0.0
4500001094,30,5000002047,20230216,63.88,63.88,0.0,0.0
4500001094,40,5000002047,20230216,35.95,35.95,0.0,0.0
4500001094,50,5000002047,20230216,83.36,83.36,0.0,0.0
4500001094,60,5000002047,20230216,50.0,50.0,0.0,0.0
4500001095,10,,,11769.91,11769.91,0.0,0.0
4500001095,20,,,2522.12,2522.12,0.0,0.0
4500001095,30,,,44.25,44.25,0.0,0.0
4500001095,40,,,110.62,110.62,0.0,0.0
4500001095,50,,,1238.94,1238.94,0.0,0.0
4500001095,60,,,22.12,22.12,0.0,0.0
4500001096,10,5000002042,20230216,50.0,50.0,0.0,0.0
4500001097,10,5000002003,20230216,100.0,100.0,0.0,0.0
4500001098,10,5000002034,20230216,238.8,238.8,0.0,0.0
4500001098,20,5000002035,20230216,1500.0,1500.0,0.0,0.0
4500001098,30,5000002037,20230216,174.0,162.45,0.0,0.0
4500001098,40,5000002038,20230216,387.0,387.0,0.0,0.0
4500001099,10,5000002552,20230222,560.0,560.0,0.0,0.0
4500001099,20,5000002552,20230222,240.0,240.0,0.0,0.0
4500001100,10,5000006609,20230404,384.0,384.0,0.0,0.0
4500001100,20,5000006609,20230404,168.0,168.0,0.0,0.0
4500001100,30,5000006609,20230404,410.0,410.0,0.0,0.0
4500001101,10,5000001975,20230112,142959.25,142959.25,0.0,0.0
4500001102,10,,,132.74,132.75,0.0,0.0
4500001102,20,,,1194.69,1194.69,0.0,0.0
4500001102,30,,,884.96,884.96,0.0,0.0
4500001103,10,5000002700,20230224,146.4,146.25,0.0,0.0
4500001103,20,5000002700,20230224,99.0,99.12,0.0,0.0
4500001103,30,5000002700,20230224,352.0,352.0,0.0,0.0
4500001103,40,5000002700,20230224,119.1,119.07,0.0,0.0
4500001103,50,5000002700,20230224,600.8,600.96,0.0,0.0
4500001103,60,5000002700,20230224,1452.5,1452.5,0.0,0.0
4500001103,70,5000002700,20230224,85.52,85.5,0.0,0.0
4500001104,10,,,9955.75,9955.75,0.0,0.0
4500001104,20,,,3318.58,3318.58,0.0,0.0
4500001104,30,,,6637.17,6637.17,0.0,0.0
4500001105,10,,,409.27,409.27,0.0,0.0
4500001105,20,,,89.84,89.84,0.0,0.0
4500001107,10,,,27498.23,27498.22,0.0,0.0
4500001108,10,,,6053.1,6053.1,0.0,0.0
4500001108,20,,,6557.52,6557.52,0.0,0.0
4500001109,10,,,15252.21,15252.21,0.0,0.0
4500001109,20,,,10168.14,10168.14,0.0,0.0
4500001110,10,,,3663.72,3663.72,0.0,0.0
4500001110,20,,,27433.63,27433.63,0.0,0.0
4500001111,10,,,9497.79,9497.79,0.0,0.0
4500001111,20,,,527.65,527.65,0.0,0.0
4500001111,30,,,4221.24,4221.24,0.0,0.0
4500001111,40,,,3904.65,3904.65,0.0,0.0
4500001111,50,,,844.25,844.25,0.0,0.0
4500001112,10,,,104.42,104.42,0.0,0.0
4500001112,20,,,154.87,154.87,0.0,0.0
4500001112,30,,,4.42,4.42,0.0,0.0
4500001112,40,,,22.12,22.12,0.0,0.0
4500001112,50,,,5.75,5.75,0.0,0.0
4500001112,60,,,345.13,345.13,0.0,0.0
4500001112,70,,,8.67,8.67,0.0,0.0
4500001113,10,,,0.0,0.0,0.0,0.0
4500001113,20,,,0.0,0.0,0.0,0.0
4500001113,30,,,0.0,0.0,0.0,0.0
4500001113,40,,,0.0,0.0,0.0,0.0
4500001114,10,,,11397.35,11397.35,0.0,0.0
4500001115,10,,,6460.18,6460.18,0.0,0.0
4500001115,20,,,707.96,707.96,0.0,0.0
4500001116,50,,,2349.56,2349.56,0.0,0.0
4500001116,60,,,2174.34,2174.35,0.0,0.0
4500001116,70,,,3313.27,3313.27,0.0,0.0
4500001116,80,,,955.75,955.75,0.0,0.0
4500001117,10,,,2599735.4,2358008.02,0.0,0.0
4500001117,20,,,845316.81,1025661.07,0.0,0.0
4500001117,30,,,213430.09,202479.64,0.0,0.0
4500001118,10,,,10300.88,10300.88,0.0,0.0
4500001119,10,5000003336,20230303,1195.0,1195.0,0.0,0.0
4500001120,10,5000002002,20230216,2250.0,2250.0,0.0,0.0
4500001121,10,5000002045,20230216,30420.0,780.0,0.0,0.0
4500001122,10,,,0.0,0.0,0.0,0.0
4500001122,20,,,0.0,0.0,0.0,0.0
4500001122,30,,,0.0,0.0,0.0,0.0
4500001122,40,,,0.0,0.0,0.0,0.0
4500001123,10,,,1247.79,1247.79,0.0,0.0
4500001123,20,,,1247.79,1247.79,0.0,0.0
4500001123,30,,,1380.53,1380.53,0.0,0.0
4500001123,40,,,1247.79,1247.79,0.0,0.0
4500001123,50,,,1380.53,1380.53,0.0,0.0
4500001123,60,,,1380.53,1380.53,0.0,0.0
4500001124,10,5000002382,20230221,260.0,260.0,0.0,0.0
4500001124,20,5000002382,20230221,43.8,43.8,0.0,0.0
4500001125,10,,,1247.79,1247.79,0.0,0.0
4500001125,20,,,1380.53,1380.53,0.0,0.0
4500001125,30,,,1247.79,1247.79,0.0,0.0
4500001125,40,,,1380.53,1380.53,0.0,0.0
4500001125,50,,,1380.53,1380.53,0.0,0.0
4500001125,60,,,1380.53,1380.53,0.0,0.0
4500001126,10,,,700.0,0.0,0.0,0.0
4500001128,10,,,0.0,0.0,0.0,0.0
4500001128,20,,,0.0,0.0,0.0,0.0
4500001128,30,,,0.0,0.0,0.0,0.0
4500001128,40,,,0.0,0.0,0.0,0.0
4500001129,10,5000002452,20230221,1200.0,1200.0,0.0,0.0
4500001129,20,5000002452,20230221,80.11,80.11,0.0,0.0
4500001129,30,5000002452,20230221,1200.0,1200.0,0.0,0.0
4500001129,40,5000002452,20230221,80.11,80.11,0.0,0.0
4500001129,50,5000002452,20230221,1200.0,1200.0,0.0,0.0
4500001129,60,5000002452,20230221,80.11,80.11,0.0,0.0
4500001129,70,5000002452,20230221,1200.0,1200.0,0.0,0.0
4500001129,80,5000002452,20230221,80.11,80.11,0.0,0.0
4500001130,10,5000002849,20230227,2125.0,2125.0,0.0,0.0
4500001130,20,5000002849,20230227,141.86,141.86,0.0,0.0
4500001130,30,5000002849,20230227,2125.0,2125.0,0.0,0.0
4500001130,40,5000002849,20230227,141.86,141.86,0.0,0.0
4500001131,10,5000002386,20230221,22237.2,22236.12,0.0,0.0
4500001131,20,5000002386,20230221,6850.56,6850.48,0.0,0.0
4500001131,30,5000002386,20230221,780.0,779.65,0.0,0.0
4500001131,40,5000002386,20230221,780.0,779.65,0.0,0.0
4500001132,10,5000004575,20230316,2081.0,2081.0,0.0,0.0
4500001133,10,5000004576,20230316,2036.0,2036.0,0.0,0.0
4500001134,10,5000004577,20230316,2036.0,2036.0,0.0,0.0
4500001135,10,5000004578,20230316,2185.0,2185.0,0.0,0.0
4500001136,10,5000004579,20230316,1952.0,1952.0,0.0,0.0
4500001137,10,5000004580,20230316,2036.0,2036.0,0.0,0.0
4500001138,10,5000002054,20230216,181810.07,181810.07,0.0,0.0
4500001139,10,5000004581,20230316,2140.0,2140.0,0.0,0.0
4500001140,10,,,35398.23,35398.22,0.0,0.0
4500001140,20,,,15929.2,15929.2,0.0,0.0
4500001140,30,,,21902.65,21902.65,0.0,0.0
4500001140,40,,,13274.34,13274.34,0.0,0.0
4500001141,10,5000002055,20230216,191447.24,191447.24,0.0,0.0
4500001142,10,5000004583,20230316,2185.0,2185.0,0.0,0.0
4500001143,10,5000004584,20230316,2489.0,2489.0,0.0,0.0
4500001144,10,5000004585,20230316,2185.0,2185.0,0.0,0.0
4500001145,10,5000002056,20230216,171334.26,171334.27,0.0,0.0
4500001146,10,5000004586,20230316,2427.0,2427.0,0.0,0.0
4500001147,10,5000002057,20230216,181810.07,181810.07,0.0,0.0
4500001148,10,5000002058,20230216,183275.58,183275.58,0.0,0.0
4500001149,10,5000002059,20230216,181810.07,181810.07,0.0,0.0
4500001150,10,5000004587,20230316,2073.0,2073.0,0.0,0.0
4500001151,10,5000002387,20230221,165.0,165.0,0.0,0.0
4500001151,20,5000002387,20230221,198.0,198.0,0.0,0.0
4500001152,10,5000004588,20230316,1952.0,1952.0,0.0,0.0
4500001153,10,5000004589,20230316,2185.0,2185.0,0.0,0.0
4500001154,10,5000004590,20230316,2258.0,2258.0,0.0,0.0
4500001155,10,5000004591,20230316,2185.0,2185.0,0.0,0.0
4500001156,10,5000004592,20230316,2081.0,2081.0,0.0,0.0
4500001157,10,5000004593,20230316,2081.0,2081.0,0.0,0.0
4500001158,10,5000004594,20230316,2081.0,2081.0,0.0,0.0
4500001159,10,5000013919,20230619,999.5,999.5,0.0,0.0
4500001159,20,5000003349,20230303,303.64,303.64,0.0,0.0
4500001159,30,5000003349,20230303,48.0,48.0,0.0,0.0
4500001159,40,5000003209,20230302,56.35,56.35,0.0,0.0
4500001159,50,5000003209,20230302,1854.48,1854.48,0.0,0.0
4500001159,60,5000003349,20230303,18.17,18.17,0.0,0.0
4500001160,10,5000004596,20230316,2185.0,2185.0,0.0,0.0
4500001161,10,5000004597,20230316,2113.0,2113.0,0.0,0.0
4500001162,10,5000004599,20230316,2154.0,2154.0,0.0,0.0
4500001163,10,5000004600,20230316,2185.0,2185.0,0.0,0.0
4500001164,10,5000004601,20230316,2185.0,2185.0,0.0,0.0
4500001165,10,5000004602,20230316,2237.0,2237.0,0.0,0.0
4500001166,10,5000002704,20230224,24.0,0.0,0.0,0.0
4500001166,20,5000002704,20230224,28.36,0.0,0.0,0.0
4500001167,10,5000002705,20230224,35.45,0.0,0.0,0.0
4500001168,10,,,129303.54,142433.61,0.0,0.0
4500001169,10,,,3451.33,3451.32,0.0,0.0
4500001170,10,5000002073,20230216,5575.22,5575.22,0.0,0.0
4500001171,10,,,822.57,822.57,0.0,0.0
4500001172,10,5000003585,20230228,4247.79,4247.79,0.0,0.0
4500001173,10,,,884.96,884.96,0.0,0.0
4500001174,10,,,23008.85,23008.85,0.0,0.0
4500001174,20,,,6194.69,6194.69,0.0,0.0
4500001175,10,,,2070.8,2070.8,0.0,0.0
4500001176,10,,,20353.98,20353.98,0.0,0.0
4500001177,10,,,884.96,884.96,0.0,0.0
4500001178,10,,,750.0,750.0,0.0,0.0
4500001179,10,,,18584.07,18584.07,0.0,0.0
4500001179,20,,,5486.73,5486.73,0.0,0.0
4500001181,10,5000003353,20230303,1152.0,1193.46,0.0,0.0
4500001181,20,5000003352,20230303,1110.0,1170.0,0.0,0.0
4500001181,30,5000003352,20230303,1194.0,1194.0,0.0,0.0
4500001181,40,5000003352,20230303,1260.0,1260.0,0.0,0.0
4500001181,50,5000003352,20230303,1326.0,1326.0,0.0,0.0
4500001181,60,5000003352,20230303,1359.0,1359.0,0.0,0.0
4500001181,70,5000003352,20230303,1461.0,1461.0,0.0,0.0
4500001182,10,5000004604,20230316,2081.0,2081.0,0.0,0.0
4500001183,10,5000004605,20230316,2185.0,2185.0,0.0,0.0
4500001184,10,5000004606,20230316,2258.0,2258.0,0.0,0.0
4500001185,10,5000004607,20230316,2081.0,2081.0,0.0,0.0
4500001186,10,5000004608,20230316,2185.0,2185.0,0.0,0.0
4500001187,10,5000004609,20230316,2154.0,2154.0,0.0,0.0
4500001188,10,5000004612,20230316,2056.0,2056.0,0.0,0.0
4500001189,10,5000004613,20230316,1952.0,1952.0,0.0,0.0
4500001190,10,5000004615,20230316,2185.0,2185.0,0.0,0.0
4500001191,10,5000004616,20230316,2185.0,2185.0,0.0,0.0
4500001192,10,5000004619,20230316,2081.0,2081.0,0.0,0.0
4500001193,10,5000004620,20230316,2185.0,2185.0,0.0,0.0
4500001194,10,5000004621,20230316,2081.0,2081.0,0.0,0.0
4500001195,10,5000004622,20230316,2009.0,2009.0,0.0,0.0
4500001196,10,5000004623,20230316,2185.0,2185.0,0.0,0.0
4500001197,10,5000004624,20230316,2185.0,2185.0,0.0,0.0
4500001198,10,5000004625,20230316,2185.0,2185.0,0.0,0.0
4500001199,10,5000004928,20230317,2154.0,2154.0,0.0,0.0
4500001200,10,5000004626,20230316,2081.0,2081.0,0.0,0.0
4500001201,10,5000004627,20230316,2154.0,2154.0,0.0,0.0
4500001202,10,5000004628,20230316,2185.0,2185.0,0.0,0.0
4500001203,10,5000004629,20230316,2258.0,2258.0,0.0,0.0
4500001204,10,5000004630,20230316,2258.0,2258.0,0.0,0.0
4500001205,10,5000004631,20230316,2185.0,2185.0,0.0,0.0
4500001206,10,5000004632,20230316,2258.0,2258.0,0.0,0.0
4500001207,10,5000004633,20230316,2081.0,2081.0,0.0,0.0
4500001208,10,5000004634,20230316,2113.0,2113.0,0.0,0.0
4500001209,10,5000004635,20230316,2185.0,2185.0,0.0,0.0
4500001210,10,5000004637,20230316,2081.0,2081.0,0.0,0.0
4500001211,10,5000004638,20230316,1952.0,1952.0,0.0,0.0
4500001212,10,5000004639,20230316,2154.0,2154.0,0.0,0.0
4500001213,10,5000004641,20230316,2081.0,2081.0,0.0,0.0
4500001214,10,,,10619.47,10619.47,0.0,0.0
4500001214,20,,,7079.65,6987.61,0.0,0.0
4500001214,30,,,24336.28,24336.28,0.0,0.0
4500001214,40,,,24336.28,24336.28,0.0,0.0
4500001215,330,,,92805.27,92805.27,0.0,0.0
4500001215,340,,,399.35,399.35,0.0,0.0
4500001215,350,,,23704.88,23704.88,0.0,0.0
4500001215,360,,,7217.23,7217.23,0.0,0.0
4500001216,10,5000002099,20230217,1646.02,1646.02,0.0,0.0
4500001217,10,,,1238.94,1238.94,0.0,0.0
4500001217,20,,,4070.8,4070.8,0.0,0.0
4500001218,10,5000003295,20230303,929.7,929.87,1704.76,-1704.76
4500001218,20,5000003295,20230303,619.8,619.91,0.0,0.0
4500001219,10,5000004642,20230316,2154.0,2154.0,0.0,0.0
4500001220,10,5000004644,20230316,2081.0,2081.0,0.0,0.0
4500001221,10,5000004645,20230316,2258.0,2258.0,0.0,0.0
4500001222,10,5000004646,20230316,2081.0,2081.0,0.0,0.0
4500001223,10,5000004648,20230316,2056.0,2056.0,0.0,0.0
4500001224,130,,,26038.94,26038.94,0.0,0.0
4500001225,10,5000004649,20230316,1952.0,1952.0,0.0,0.0
4500001226,10,5000002533,20230222,2041.2,2041.2,0.0,0.0
4500001226,20,5000002533,20230222,127.0,127.0,0.0,0.0
4500001226,30,5000002533,20230222,65.0,65.0,0.0,0.0
4500001227,10,5000004650,20230316,2258.0,2258.0,0.0,0.0
4500001228,10,5000004652,20230316,1952.0,1952.0,0.0,0.0
4500001229,10,5000004653,20230316,2081.0,2081.0,0.0,0.0
4500001230,10,5000004654,20230316,2081.0,2081.0,0.0,0.0
4500001231,10,5000004656,20230316,2154.0,2154.0,0.0,0.0
4500001232,10,5000004657,20230316,2185.0,2185.0,0.0,0.0
4500001233,10,,,1592.92,1592.92,0.0,0.0
4500001234,10,5000004658,20230316,2081.0,2081.0,0.0,0.0
4500001235,10,5000004659,20230316,2061.0,2056.0,0.0,0.0
4500001236,10,5000002398,20230221,736.0,736.0,0.0,0.0
4500001236,20,5000002398,20230221,29.0,29.0,0.0,0.0
4500001237,10,5000002448,20230221,1100.0,1100.0,0.0,0.0
4500001237,20,5000002448,20230221,73.43,73.43,0.0,0.0
4500001238,10,5000002390,20230221,2258.0,2258.0,0.0,0.0
4500001239,10,,,0.0,0.0,0.0,0.0
4500001240,10,,,0.0,0.0,0.0,0.0
4500001241,10,5000002394,20230221,2284.0,0.0,0.0,0.0
4500001242,10,5000002397,20230221,2185.0,0.0,0.0,0.0
4500001243,10,5000002407,20230221,17864.0,17864.0,0.0,0.0
4500001243,20,5000002407,20230221,62.64,62.64,0.0,0.0
4500001243,30,5000002407,20230221,17.09,17.09,0.0,0.0
4500001243,40,5000002407,20230221,3861.0,3861.0,0.0,0.0
4500001244,10,5000004464,20230315,3900.0,3900.0,0.0,0.0
4500001244,20,5000004464,20230315,260.36,260.36,0.0,0.0
4500001245,10,5000002451,20230221,1450.0,1450.0,0.0,0.0
4500001245,20,5000002451,20230221,96.8,96.8,0.0,0.0
4500001246,10,5000004660,20230316,2056.0,2056.0,0.0,0.0
4500001247,10,5000004661,20230316,2185.0,2185.0,0.0,0.0
4500001248,10,5000004662,20230316,2185.0,2185.0,0.0,0.0
4500001249,10,5000004663,20230316,2185.0,2185.0,0.0,0.0
4500001250,10,5000004664,20230316,2056.0,2056.0,0.0,0.0
4500001251,10,5000004665,20230316,2185.0,2185.0,0.0,0.0
4500001252,10,5000004666,20230316,1952.0,1952.0,0.0,0.0
4500001253,10,,,33277.43,33277.43,0.0,0.0
4500001254,10,5000002540,20230222,3840.0,3840.0,0.0,0.0
4500001254,20,5000002540,20230222,7000.0,7000.0,0.0,0.0
4500001254,30,5000002540,20230222,4000.0,1460.8,0.0,0.0
4500001255,10,,,547.83,547.83,0.0,0.0
4500001255,40,,,2591.64,2591.64,0.0,0.0
4500001255,50,,,56371.68,56371.68,0.0,0.0
4500001255,60,,,36814.16,36814.16,0.0,0.0
4500001255,70,,,2305.96,2305.96,0.0,0.0
4500001255,80,,,8217.43,8217.43,0.0,0.0
4500001255,90,,,40699.12,40699.11,0.0,0.0
4500001255,100,,,18088.5,18088.5,0.0,0.0
4500001255,110,,,3840.71,3840.71,0.0,0.0
4500001255,120,,,9576.14,9576.14,0.0,0.0
4500001256,10,,,175.22,175.22,0.0,0.0
4500001256,30,,,175.22,175.22,0.0,0.0
4500001256,40,,,1401.77,1401.77,0.0,0.0
4500001256,70,,,45.13,45.13,0.0,0.0
4500001256,80,,,467.26,467.26,0.0,0.0
4500001256,100,,,23.89,23.89,0.0,0.0
4500001256,110,,,58.41,58.41,0.0,0.0
4500001256,120,,,6.19,8.0,0.0,0.0
4500001256,130,,,47.79,47.79,0.0,0.0
4500001256,140,,,9.73,9.73,0.0,0.0
4500001256,150,,,30.97,30.97,0.0,0.0
4500001256,160,,,1.86,1.86,0.0,0.0
4500001256,180,,,1769.91,1769.91,0.0,0.0
4500001258,10,,,1805.31,0.0,0.0,0.0
4500001259,10,,,13274.34,13274.34,0.0,0.0
4500001259,20,,,6637.17,6637.17,0.0,0.0
4500001261,10,,,6194.69,6194.69,0.0,0.0
4500001261,20,,,6194.69,6194.69,0.0,0.0
4500001262,10,,,61.95,61.95,0.0,0.0
4500001262,20,,,3035.4,3035.4,0.0,0.0
4500001262,30,,,5929.2,5929.2,0.0,0.0
4500001262,40,,,5929.2,5929.2,0.0,0.0
4500001262,70,,,3097.35,3097.35,0.0,0.0
4500001262,80,,,3097.35,3097.35,0.0,0.0
4500001262,90,,,1575.22,1575.22,0.0,0.0
4500001262,100,,,2362.83,2362.83,0.0,0.0
4500001262,110,,,4955.75,4955.75,0.0,0.0
4500001262,120,,,1238.94,1238.94,0.0,0.0
4500001262,130,,,15442.48,15442.48,0.0,0.0
4500001262,140,,,46327.43,46327.43,0.0,0.0
4500001263,10,,,3362.83,3362.83,0.0,0.0
4500001264,10,,,707.96,707.96,0.0,0.0
4500001265,10,,,2477.88,2477.88,0.0,0.0
4500001266,10,,,4715.04,4715.06,0.0,0.0
4500001266,20,,,1309.73,1309.73,0.0,0.0
4500001266,30,,,19099.12,19099.12,0.0,0.0
4500001266,40,,,11194.69,11194.69,0.0,0.0
4500001267,10,,,1805.31,1805.31,0.0,0.0
4500001267,20,,,2407.08,2407.08,0.0,0.0
4500001268,10,,,3345.13,3345.13,0.0,0.0
4500001269,10,,,1876.11,1876.11,0.0,0.0
4500001270,10,,,1943008.85,1961011.49,0.0,0.0
4500001271,10,,,884.96,884.95,0.0,0.0
4500001271,20,,,774.34,774.34,0.0,0.0
4500001271,30,,,1327.43,1327.43,0.0,0.0
4500001272,10,,,5840.71,5840.71,0.0,0.0
4500001273,20,,,1902.65,1902.65,0.0,0.0
4500001274,10,,,61.95,61.95,0.0,0.0
4500001275,10,,,1500.0,0.0,0.0,0.0
4500001276,10,,,88.5,88.5,0.0,0.0
4500001276,20,,,88.5,88.5,0.0,0.0
4500001276,30,,,176.99,176.99,0.0,0.0
4500001277,10,,,12168.14,12168.14,0.0,0.0
4500001278,10,,,25280.09,25280.09,0.0,0.0
4500001279,10,,,15252.21,15252.21,0.0,0.0
4500001280,10,,,3663.72,3663.72,0.0,0.0
4500001280,20,,,27433.63,27433.63,0.0,0.0
4500001281,10,,,9497.79,9497.79,0.0,0.0
4500001281,20,,,4748.89,4748.89,0.0,0.0
4500001282,10,,,29557.52,29557.51,0.0,0.0
4500001282,20,,,6070.8,6070.8,0.0,0.0
4500001283,10,,,403.54,403.54,0.0,0.0
4500001283,20,,,159.29,159.29,0.0,0.0
4500001283,30,,,154.87,154.87,0.0,0.0
4500001283,40,,,18.58,18.58,0.0,0.0
4500001283,50,,,41.59,41.59,0.0,0.0
4500001283,60,,,557.52,557.52,0.0,0.0
4500001283,70,,,26.55,26.55,0.0,0.0
4500001283,90,,,104.42,104.42,0.0,0.0
4500001283,100,,,4.42,4.42,0.0,0.0
4500001283,110,,,389.38,389.38,0.0,0.0
4500001283,120,,,5.4,5.4,0.0,0.0
4500001283,130,,,707.96,707.96,0.0,0.0
4500001283,140,,,287.61,287.61,0.0,0.0
4500001283,150,,,115.04,115.04,0.0,0.0
4500001283,160,,,14.16,14.16,0.0,0.0
4500001283,170,,,14.16,14.16,0.0,0.0
4500001283,180,,,230.09,230.09,0.0,0.0
4500001283,190,,,77.43,77.43,0.0,0.0
4500001283,200,,,86.73,86.73,0.0,0.0
4500001283,210,,,86.73,86.73,0.0,0.0
4500001283,220,,,43.36,43.36,0.0,0.0
4500001283,230,,,216.81,216.81,0.0,0.0
4500001283,240,,,66.37,66.37,0.0,0.0
4500001283,250,,,282.3,282.3,0.0,0.0
4500001283,260,,,23.89,23.89,0.0,0.0
4500001284,10,,,4070.8,4070.8,0.0,0.0
4500001285,10,,,12831.86,12831.86,0.0,0.0
4500001286,10,,,4247.79,4247.79,0.0,0.0
4500001287,10,,,955.75,955.75,0.0,0.0
4500001287,20,,,318.58,318.58,0.0,0.0
4500001287,30,,,318.58,318.58,0.0,0.0
4500001288,10,,,2920.35,2920.35,0.0,0.0
4500001289,10,,,9748.67,9748.67,0.0,0.0
4500001290,10,,,125663.72,125663.72,0.0,0.0
4500001291,10,,,371.68,371.68,0.0,0.0
4500001292,10,,,35.4,35.4,0.0,0.0
4500001293,10,,,713.63,713.63,0.0,0.0
4500001293,20,,,118.94,118.94,0.0,0.0
4500001293,60,,,503.25,503.25,0.0,0.0
4500001293,70,,,986.46,986.47,0.0,0.0
4500001293,80,,,3079.65,3079.65,0.0,0.0
4500001293,100,,,1410.37,1410.37,0.0,0.0
4500001293,120,,,0.0,0.0,0.0,0.0
4500001293,130,,,1244.46,1244.46,0.0,0.0
4500001293,140,,,87.61,87.61,0.0,0.0
4500001293,150,,,172.57,172.57,0.0,0.0
4500001293,160,,,812.39,812.39,0.0,0.0
4500001293,170,,,138.05,138.05,0.0,0.0
4500001293,190,,,420.35,420.35,0.0,0.0
4500001293,200,,,3079.65,3079.65,0.0,0.0
4500001293,210,,,637.17,637.17,0.0,0.0
4500001293,240,,,405.01,405.0,0.0,0.0
4500001293,250,,,433.63,433.63,0.0,0.0
4500001293,260,,,895.88,895.88,0.0,0.0
4500001293,270,,,433.63,433.63,0.0,0.0
4500001293,280,,,556.11,556.11,0.0,0.0
4500001293,290,,,32.92,32.92,0.0,0.0
4500001293,370,,,300.88,300.88,0.0,0.0
4500001293,380,,,1017.7,1017.7,0.0,0.0
4500001293,390,,,1690.27,1690.27,0.0,0.0
4500001293,400,,,530.97,530.97,0.0,0.0
4500001293,460,,,4601.77,4601.77,0.0,0.0
4500001293,470,,,1778.41,1778.4,0.0,0.0
4500001293,490,,,4587.61,4587.61,0.0,0.0
4500001293,540,,,675.09,675.09,0.0,0.0
4500001293,550,,,957.4,957.4,0.0,0.0
4500001293,560,,,392.78,392.78,0.0,0.0
4500001293,570,,,1153.79,1153.78,0.0,0.0
4500001293,580,,,847.52,847.52,0.0,0.0
4500001293,590,,,2250.8,2250.8,0.0,0.0
4500001293,610,,,83.36,83.36,0.0,0.0
4500001293,620,,,1128.32,1128.32,0.0,0.0
4500001293,660,,,4619.47,4619.47,0.0,0.0
4500001293,670,,,5044.25,5044.25,0.0,0.0
4500001293,700,,,1682.55,1682.55,0.0,0.0
4500001293,730,,,796.46,796.46,0.0,0.0
4500001293,740,,,796.46,796.46,0.0,0.0
4500001293,760,,,4116.11,4116.1,0.0,0.0
4500001293,770,,,397.17,397.17,0.0,0.0
4500001293,780,,,398.23,398.23,0.0,0.0
4500001293,790,,,940.49,940.49,0.0,0.0
4500001293,800,,,940.49,940.49,0.0,0.0
4500001293,820,,,1403.33,1403.33,0.0,0.0
4500001293,830,,,20.18,20.18,0.0,0.0
4500001293,840,,,248.85,248.85,0.0,0.0
4500001293,850,,,201.77,201.77,0.0,0.0
4500001293,860,,,204.42,204.42,0.0,0.0
4500001293,890,,,2628.32,2628.32,0.0,0.0
4500001293,900,,,2300.88,2300.88,0.0,0.0
4500001293,910,,,2473.45,2473.46,0.0,0.0
4500001293,920,,,402.65,402.65,0.0,0.0
4500001293,930,,,862.83,862.83,0.0,0.0
4500001293,940,,,1385.84,1385.84,0.0,0.0
4500001293,950,,,1385.84,1385.84,0.0,0.0
4500001293,960,,,1433.63,1433.63,0.0,0.0
4500001293,970,,,2150.44,2150.44,0.0,0.0
4500001293,980,,,5893.81,5893.81,0.0,0.0
4500001293,990,,,1473.45,1473.45,0.0,0.0
4500001293,1000,,,408.85,408.85,0.0,0.0
4500001293,1010,,,1265.49,1265.49,0.0,0.0
4500001293,1020,,,1265.49,1265.49,0.0,0.0
4500001293,1050,,,155.75,155.75,0.0,0.0
4500001293,1090,,,123.89,123.89,0.0,0.0
4500001293,1100,,,247.79,247.79,0.0,0.0
4500001293,1110,,,238.94,238.94,0.0,0.0
4500001293,1120,,,274.34,274.34,0.0,0.0
4500001293,1160,,,7203.54,7203.54,0.0,0.0
4500001293,1170,,,2530.97,2530.97,0.0,0.0
4500001293,1180,,,5752.21,5752.21,0.0,0.0
4500001293,1190,,,5752.21,5752.21,0.0,0.0
4500001293,1210,,,1261.06,1261.06,0.0,0.0
4500001293,1230,,,2522.12,2522.12,0.0,0.0
4500001293,1270,,,8230.09,8230.09,0.0,0.0
4500001293,1280,,,1911.5,1911.5,0.0,0.0
4500001293,1290,,,32654.86,32654.88,0.0,0.0
4500001293,1300,,,4831.86,4831.86,0.0,0.0
4500001293,1310,,,509.73,509.73,0.0,0.0
4500001293,1320,,,127.43,127.43,0.0,0.0
4500001293,1330,,,212.39,212.39,0.0,0.0
4500001293,1340,,,637.17,637.17,0.0,0.0
4500001293,1350,,,0.0,0.0,0.0,0.0
4500001293,1360,,,0.0,0.0,0.0,0.0
4500001293,1370,,,1198.68,1198.68,0.0,0.0
4500001293,1380,,,659.73,659.73,0.0,0.0
4500001294,10,,,486.74,486.74,0.0,0.0
4500001294,80,,,4380.53,4380.53,0.0,0.0
4500001294,90,,,14601.78,14601.76,0.0,0.0
4500001294,100,,,4867.26,4867.26,0.0,0.0
4500001295,10,,,3230.09,3230.09,0.0,0.0
4500001295,20,,,12831.86,12831.86,0.0,0.0
4500001295,30,,,3522.12,3522.2,0.0,0.0
4500001296,10,,,69893.81,69893.81,0.0,0.0
4500001297,10,5000005763,20230328,520.0,520.0,0.0,0.0
4500001297,20,5000005763,20230328,132.0,132.0,0.0,0.0
4500001297,30,5000005763,20230328,990.0,990.0,0.0,0.0
4500001297,40,5000005763,20230328,750.0,750.0,0.0,0.0
4500001297,50,5000005763,20230328,4050.0,4050.0,0.0,0.0
4500001297,60,5000005763,20230328,208.0,208.0,0.0,0.0
4500001297,70,5000005763,20230328,35.04,35.04,0.0,0.0
4500001297,80,5000012303,20230605,40.0,40.0,0.0,0.0
4500001298,10,5000010294,20230517,1167.12,1167.12,0.0,0.0
4500001299,10,5000003879,20230309,927.24,927.24,0.0,0.0
4500001299,20,5000003879,20230309,3661.0,3661.0,0.0,0.0
4500001299,30,5000003879,20230309,2705.0,2705.0,0.0,0.0
4500001299,40,5000003879,20230309,8928.0,8928.0,0.0,0.0
4500001299,50,5000003879,20230309,1804.0,1804.0,0.0,0.0
4500001299,60,5000003879,20230309,8320.0,8320.0,0.0,0.0
4500001299,70,5000003879,20230309,225.4,225.4,0.0,0.0
4500001299,80,5000005766,20230328,6613.5,6613.5,0.0,0.0
4500001301,10,5000006918,20230406,1350.0,1350.0,0.0,0.0
4500001301,20,5000006918,20230406,152.09,152.09,0.0,0.0
4500001301,30,5000006918,20230406,1689.2,1689.2,0.0,0.0
4500001301,40,5000006918,20230406,694.32,694.32,0.0,0.0
4500001301,50,5000006918,20230406,19.66,19.66,0.0,0.0
4500001301,60,5000006918,20230406,588.0,588.0,0.0,0.0
4500001302,10,5000005254,20230322,498.0,498.0,0.0,0.0
4500001303,10,5000005735,20230328,1530.0,1530.0,0.0,0.0
4500001303,20,5000005709,20230328,306.0,306.0,0.0,0.0
4500001303,30,5000005735,20230328,7810.0,7810.0,0.0,0.0
4500001303,50,5000005709,20230328,1125.0,1125.0,0.0,0.0
4500001303,60,5000005709,20230328,1125.0,1125.0,0.0,0.0
4500001303,70,5000005709,20230328,1125.0,1125.0,0.0,0.0
4500001303,80,5000005709,20230328,1125.0,1125.0,0.0,0.0
4500001303,90,5000005709,20230328,600.0,600.0,0.0,0.0
4500001304,10,5000003394,20230303,128.0,127.27,0.0,0.0
4500001304,20,5000003394,20230303,1000.0,1000.0,0.0,0.0
4500001304,30,5000003394,20230303,578.0,578.18,0.0,0.0
4500001305,10,5000012573,20230607,5200.0,5200.0,0.0,0.0
4500001306,10,5000007991,20230420,1935.0,1935.0,0.0,0.0
4500001306,20,5000007991,20230420,129.0,129.0,0.0,0.0
4500001306,30,5000007991,20230420,1935.0,1935.0,0.0,0.0
4500001306,40,5000007991,20230420,129.0,129.0,0.0,0.0
4500001306,50,5000007991,20230420,1394.16,1394.16,0.0,0.0
4500001306,60,5000007991,20230420,1950.36,1950.35,0.0,0.0
4500001306,70,5000007991,20230420,1689.52,1689.51,0.0,0.0
4500001306,80,5000007991,20230420,41735.0,41735.0,0.0,0.0
4500001306,90,5000007991,20230420,1750.0,1750.0,0.0,0.0
4500001306,100,5000007991,20230420,175.0,175.0,0.0,0.0
4500001306,110,5000007991,20230420,5588.0,5588.0,0.0,0.0
4500001306,120,5000007991,20230420,500.0,500.0,0.0,0.0
4500001306,130,5000007991,20230420,117.0,117.0,0.0,0.0
4500001306,140,5000007991,20230420,102.6,102.6,0.0,0.0
4500001306,150,5000007991,20230420,288.2,288.19,0.0,0.0
4500001306,160,5000007991,20230420,119.4,119.4,0.0,0.0
4500001306,170,5000007992,20230420,9000.0,9000.0,0.0,0.0
4500001306,180,5000007991,20230420,549.0,548.25,0.0,0.0
4500001306,190,5000007991,20230420,36.6,36.55,0.0,0.0
4500001306,200,5000007994,20230420,111.2,111.2,0.0,0.0
4500001306,210,5000007991,20230420,1365.0,1365.0,0.0,0.0
4500001306,220,5000007992,20230420,20400.0,20400.0,0.0,0.0
4500001306,230,5000012084,20230602,9250.0,9250.0,0.0,0.0
4500001306,240,5000007990,20230420,1300.22,1300.23,0.0,0.0
4500001307,10,5000008009,20230420,1989.1,1989.1,0.0,0.0
4500001307,20,5000008009,20230420,3900.0,3900.0,0.0,0.0
4500001307,30,5000008009,20230420,5970.0,5970.0,0.0,0.0
4500001307,40,5000008009,20230420,12600.0,12600.0,0.0,0.0
4500001307,50,5000008000,20230420,11492.0,11492.0,0.0,0.0
4500001307,60,5000008009,20230420,12684.0,12684.0,0.0,0.0
4500001307,70,5000008009,20230420,974.0,974.0,0.0,0.0
4500001307,80,5000008009,20230420,906.0,906.0,0.0,0.0
4500001307,90,5000008009,20230420,34749.0,34749.0,0.0,0.0
4500001307,100,5000008009,20230420,891.0,891.0,0.0,0.0
4500001307,110,5000008001,20230420,14820.0,14820.0,0.0,0.0
4500001307,120,5000007999,20230420,1279.2,1279.2,0.0,0.0
4500001307,130,5000007999,20230420,250.0,250.0,0.0,0.0
4500001307,140,5000007999,20230420,156.0,100.0,0.0,0.0
4500001307,150,5000007999,20230420,750.0,750.0,0.0,0.0
4500001307,160,5000007999,20230420,18335.52,18336.0,0.0,0.0
4500001307,170,5000007999,20230420,40870.4,40870.4,0.0,0.0
4500001307,180,5000007999,20230420,6656.0,6656.0,0.0,0.0
4500001307,190,5000008009,20230420,3594.24,3594.24,0.0,0.0
4500001307,200,5000008009,20230420,1028.0,1028.0,0.0,0.0
4500001307,210,5000008009,20230420,398.0,398.0,0.0,0.0
4500001307,220,5000008009,20230420,509.0,509.0,0.0,0.0
4500001308,10,5000007976,20230420,368.0,368.0,0.0,0.0
4500001308,20,5000007976,20230420,29.0,29.0,0.0,0.0
4500001309,10,5000005388,20230323,7192.8,7192.8,0.0,0.0
4500001309,20,5000005388,20230323,2442.0,2442.0,0.0,0.0
4500001309,30,5000005388,20230323,1240.2,1240.2,0.0,0.0
4500001309,40,5000005286,20230322,10222.74,10222.74,0.0,0.0
4500001309,50,5000008710,20230427,2496.0,2496.0,0.0,0.0
4500001309,60,5000007718,20230418,949.2,949.2,0.0,0.0
4500001309,70,5000007718,20230418,982.08,982.08,0.0,0.0
4500001310,10,5000008695,20230427,1140.0,949.62,0.0,0.0
4500001310,20,5000008695,20230427,22.0,22.0,0.0,0.0
4500001312,10,5000008684,20230427,7837.5,7837.5,0.0,0.0
4500001313,10,5000009166,20230501,10275.84,10275.72,0.0,0.0
4500001313,20,5000009166,20230501,9968.4,9967.91,0.0,0.0
4500001313,30,,,0.0,0.0,0.0,0.0
4500001313,40,,,0.0,0.0,0.0,0.0
4500001313,50,5000009166,20230501,672.36,672.01,0.0,0.0
4500001313,60,5000009166,20230501,650.0,649.7,0.0,0.0
4500001313,70,5000009166,20230501,650.0,649.7,0.0,0.0
4500001314,10,5000002611,20230223,631.28,631.28,0.0,0.0
4500001314,20,5000002611,20230223,12.75,16.36,0.0,0.0
4500001316,10,5000007987,20230420,132.0,132.0,0.0,0.0
4500001316,20,5000007987,20230420,132.0,132.0,0.0,0.0
4500001316,30,5000007987,20230420,25.0,25.0,0.0,0.0
4500001318,10,5000004870,20230317,3150.0,3150.0,0.0,0.0
4500001318,20,5000004870,20230317,260.0,260.0,0.0,0.0
4500001318,30,5000004870,20230317,50.0,50.0,0.0,0.0
4500001319,10,5000007527,20230417,19440.0,19440.0,0.0,0.0
4500001319,20,5000007527,20230417,200.0,200.0,0.0,0.0
4500001321,10,5000005285,20230322,1350.0,1350.0,0.0,0.0
4500001321,20,5000005285,20230322,4950.0,4950.0,0.0,0.0
4500001321,30,5000005285,20230322,9420.0,9420.0,0.0,0.0
4500001322,10,5000005192,20230321,344.0,344.0,0.0,0.0
4500001323,10,5000010444,20230519,2156.82,2156.82,0.0,0.0
4500001324,10,5000010445,20230519,2156.82,2156.82,0.0,0.0
4500001325,10,5000010437,20230519,3929.55,3929.55,0.0,0.0
4500001326,10,5000009291,20230504,3929.55,3929.55,0.0,0.0
4500001327,10,,,1327.43,1327.43,0.0,0.0
4500001327,20,,,88.5,88.5,0.0,0.0
4500001328,10,,,238.94,238.94,0.0,0.0
4500001328,20,,,353.98,353.98,0.0,0.0
4500001328,40,,,672.57,672.57,0.0,0.0
4500001328,50,,,1415.93,1415.93,0.0,0.0
4500001328,60,,,424.78,424.78,0.0,0.0
4500001329,10,,,10909.73,10909.74,0.0,0.0
4500001329,20,,,13515.04,13392.92,0.0,0.0
4500001329,90,,,8080.53,8080.53,0.0,0.0
4500001329,100,,,8202.65,8202.65,0.0,0.0
4500001330,10,,,902.65,902.67,0.0,0.0
4500001330,20,,,955.75,955.75,0.0,0.0
4500001330,30,,,2256.64,2256.64,0.0,0.0
4500001330,40,,,2389.38,2389.38,0.0,0.0
4500001331,10,,,1017.7,1017.7,0.0,0.0
4500001333,10,,,95.58,95.58,0.0,0.0
4500001333,20,,,0.0,0.0,0.0,0.0
4500001333,30,,,0.0,0.0,0.0,0.0
4500001334,10,,,14336.28,14336.28,0.0,0.0
4500001335,10,,,1274.34,1274.34,0.0,0.0
4500001335,20,,,716.81,716.81,0.0,0.0
4500001335,30,,,955.75,955.75,0.0,0.0
4500001335,40,,,584.07,584.07,0.0,0.0
4500001336,10,,,5707.96,5707.96,0.0,0.0
4500001336,30,,,5707.96,5707.96,0.0,0.0
4500001336,40,,,2323.01,2323.01,0.0,0.0
4500001336,50,,,2323.01,2323.01,0.0,0.0
4500001336,60,,,7787.61,7787.61,0.0,0.0
4500001336,70,,,7787.61,7787.61,0.0,0.0
4500001336,80,,,26265.49,26265.49,0.0,0.0
4500001337,10,,,54867.26,54867.25,0.0,0.0
4500001338,10,,,560.0,632.8,0.0,0.0
4500001338,20,,,616.0,696.08,0.0,0.0
4500001338,30,,,280.0,316.4,0.0,0.0
4500001339,20,,,9270.97,9270.97,0.0,0.0
4500001339,30,,,8950.73,8950.73,0.0,0.0
4500001339,40,,,4108.72,4108.72,0.0,0.0
4500001339,50,,,2591.64,2591.64,0.0,0.0
4500001339,60,,,1095.66,1095.66,0.0,0.0
4500001339,90,,,4389.38,4389.38,0.0,0.0
4500001339,100,,,6453.49,6453.49,0.0,0.0
4500001340,10,,,350.44,350.44,0.0,0.0
4500001341,10,,,19911.5,19911.5,0.0,0.0
4500001342,10,5000002539,20230222,36.0,36.0,0.0,0.0
4500001342,20,5000002539,20230222,36.0,36.0,0.0,0.0
4500001342,30,5000002539,20230222,36.0,36.0,0.0,0.0
4500001342,40,5000002539,20230222,36.0,36.0,0.0,0.0
4500001342,50,5000002539,20230222,36.0,36.0,0.0,0.0
4500001342,60,5000002539,20230222,36.0,36.0,0.0,0.0
4500001342,70,5000002539,20230222,20.0,20.0,0.0,0.0
4500001343,10,5000002538,20230222,2156.82,2156.82,0.0,0.0
4500001344,10,5000002604,20230223,5851.25,5851.25,0.0,0.0
4500001345,10,5000002535,20230222,3929.55,3929.55,0.0,0.0
4500001346,10,5000002537,20230222,3929.55,3929.55,0.0,0.0
4500001347,10,,,0.0,0.0,0.0,0.0
4500001347,20,,,0.0,0.0,0.0,0.0
4500001347,30,,,0.0,0.0,0.0,0.0
4500001347,40,,,0.0,0.0,0.0,0.0
4500001347,50,,,0.0,0.0,0.0,0.0
4500001347,60,,,0.0,0.0,0.0,0.0
4500001347,70,,,0.0,0.0,0.0,0.0
4500001348,10,5000005435,20230324,1380.0,1380.0,1518.0,-1518.0
4500001348,20,5000005435,20230324,1380.0,1380.0,1518.0,-1518.0
4500001348,30,5000005435,20230324,120.0,120.0,132.0,-132.0
4500001349,10,5000005744,20230328,1106.6,1106.6,0.0,0.0
4500001349,20,5000005744,20230328,342.0,342.0,0.0,0.0
4500001349,30,5000005744,20230328,977.0,977.0,0.0,0.0
4500001349,40,5000005744,20230328,301.6,301.6,0.0,0.0
4500001350,10,5000005391,20230323,792.0,792.0,0.0,0.0
4500001350,20,5000005391,20230323,792.0,792.0,0.0,0.0
4500001351,10,,,88274.34,86761.06,0.0,0.0
4500001351,20,,,8628.32,8628.32,0.0,0.0
4500001351,30,,,10619.47,10619.47,0.0,0.0
4500001352,10,5000002405,20230131,402566.37,402566.37,0.0,0.0
4500001353,10,5000006919,20230406,1689.0,1689.0,0.0,0.0
4500001353,20,5000006919,20230406,234.0,234.3,0.0,0.0
4500001354,10,,,174778.76,172566.37,0.0,0.0
4500001354,20,,,4159.29,4159.29,0.0,0.0
4500001354,30,,,174778.76,172566.37,0.0,0.0
4500001355,10,5000005208,20230321,6484.0,6484.0,0.0,0.0
4500001355,20,5000005208,20230321,6484.0,6484.0,0.0,0.0
4500001355,30,5000005208,20230321,7049.56,7049.56,0.0,0.0
4500001355,40,5000005208,20230321,1879.0,1879.0,0.0,0.0
4500001355,50,5000005208,20230321,1022.5,1022.5,0.0,0.0
4500001355,60,5000005208,20230321,4092.0,4092.0,0.0,0.0
4500001355,70,5000005208,20230321,569.52,569.52,0.0,0.0
4500001356,20,,,191.15,191.15,0.0,0.0
4500001357,10,,,19641.59,19641.59,0.0,0.0
4500001358,10,,,141.59,141.59,0.0,0.0
4500001358,20,,,141.59,141.59,0.0,0.0
4500001358,50,,,1238.94,1238.94,0.0,0.0
4500001358,60,,,1238.94,1238.94,0.0,0.0
4500001358,70,,,2477.88,2477.88,0.0,0.0
4500001359,10,,,12530.44,0.0,0.0,0.0
4500001359,20,,,2265.54,0.0,0.0,0.0
4500001360,10,5000002381,20230221,136283.19,136283.19,0.0,0.0
4500001360,20,5000002381,20230221,136300.89,136300.89,0.0,0.0
4500001360,30,5000002381,20230221,235573.03,235573.03,0.0,0.0
4500001360,40,5000002381,20230221,235590.72,235590.72,0.0,0.0
4500001360,50,5000002381,20230221,235817.5,235817.5,0.0,0.0
4500001361,10,,,23447.79,23447.79,0.0,0.0
4500001361,20,,,14017.7,14017.7,0.0,0.0
4500001361,30,,,41293.81,41293.81,0.0,0.0
4500001361,40,,,54026.55,54026.55,0.0,0.0
4500001361,50,,,4380.53,4380.53,0.0,0.0
4500001361,60,,,3249.56,3249.56,0.0,0.0
4500001361,70,,,13720.35,13720.35,0.0,0.0
4500001361,80,,,2407.08,2407.08,0.0,0.0
4500001361,90,,,0.0,0.0,0.0,0.0
4500001362,10,,,1.77,730.97,0.0,0.0
4500001363,10,,,4690.27,4690.27,0.0,0.0
4500001363,20,,,1172.57,1172.57,0.0,0.0
4500001363,30,,,1884.96,1884.96,0.0,0.0
4500001363,40,,,3716.81,3716.81,0.0,0.0
4500001363,50,,,486.73,486.73,0.0,0.0
4500001363,60,,,2876.11,2876.11,0.0,0.0
4500001364,10,,,1247.79,1247.78,0.0,0.0
4500001364,20,,,1247.79,1247.79,0.0,0.0
4500001364,30,,,1247.79,1247.79,0.0,0.0
4500001364,40,,,1247.79,1247.79,0.0,0.0
4500001364,50,,,1380.53,1380.53,0.0,0.0
4500001364,60,,,1380.53,1380.53,0.0,0.0
4500001365,10,,,1247.79,1247.79,0.0,0.0
4500001365,20,,,1247.79,1247.79,0.0,0.0
4500001365,30,,,1247.79,1247.79,0.0,0.0
4500001365,40,,,1380.53,1380.53,0.0,0.0
4500001365,50,,,1380.53,1380.53,0.0,0.0
4500001365,60,,,1380.53,1380.53,0.0,0.0
4500001365,70,,,1380.53,1380.53,0.0,0.0
4500001365,80,,,1380.53,1380.53,0.0,0.0
4500001366,10,,,1247.79,1247.79,0.0,0.0
4500001366,20,,,1247.79,1247.79,0.0,0.0
4500001366,40,,,1380.53,1380.53,0.0,0.0
4500001366,50,,,1380.53,1380.53,0.0,0.0
4500001367,10,,,1247.79,1247.76,0.0,0.0
4500001367,20,,,1247.79,1247.79,0.0,0.0
4500001367,30,,,1247.79,1247.79,0.0,0.0
4500001367,40,,,1247.79,1247.79,0.0,0.0
4500001367,50,,,1247.79,1247.79,0.0,0.0
4500001367,60,,,1380.53,1380.53,0.0,0.0
4500001368,10,,,1247.79,1247.79,0.0,0.0
4500001368,20,,,1247.79,1247.79,0.0,0.0
4500001368,30,,,1247.79,1247.79,0.0,0.0
4500001368,40,,,1380.53,1380.53,0.0,0.0
4500001368,50,,,1247.79,1247.79,0.0,0.0
4500001369,10,,,1380.53,1380.53,0.0,0.0
4500001369,20,,,1247.79,1247.79,0.0,0.0
4500001369,30,,,1247.79,1247.79,0.0,0.0
4500001369,40,,,1247.79,1247.79,0.0,0.0
4500001369,50,,,1380.53,1380.53,0.0,0.0
4500001369,60,,,1247.79,1247.79,0.0,0.0
4500001370,10,5000002541,20230222,166.0,166.0,0.0,0.0
4500001371,10,,,3682.3,3682.3,0.0,0.0
4500001372,10,,,181251.56,181251.56,0.0,0.0
4500001372,20,,,74844.25,74844.25,0.0,0.0
4500001373,10,,,2265.49,2265.49,0.0,0.0
4500001374,10,5000002389,20230221,707.96,707.96,0.0,0.0
4500001375,10,5000003959,20230309,1200.0,1200.0,0.0,0.0
4500001375,20,5000003959,20230309,78.29,78.29,0.0,0.0
4500001376,10,,,10024.78,10024.78,0.0,0.0
4500001376,20,,,15115.04,15115.04,0.0,0.0
4500001376,30,,,14128.32,14128.32,0.0,0.0
4500001377,10,5000006134,20230330,2125.0,2125.0,0.0,0.0
4500001377,20,5000006134,20230330,138.64,138.64,0.0,0.0
4500001378,10,5000007726,20230418,2750.0,2750.0,0.0,0.0
4500001378,20,5000007726,20230418,179.41,179.41,0.0,0.0
4500001379,10,5000002543,20230222,318.18,318.18,0.0,0.0
4500001379,20,5000002543,20230222,136.36,136.36,0.0,0.0
4500001380,10,5000002690,20230224,300.0,300.0,0.0,0.0
4500001380,20,5000002690,20230224,136.36,136.36,0.0,0.0
4500001381,10,,,0.0,0.0,0.0,0.0
4500001381,20,,,0.0,0.0,0.0,0.0
4500001381,30,,,0.0,0.0,0.0,0.0
4500001381,40,,,0.0,0.0,0.0,0.0
4500001381,50,,,0.0,0.0,0.0,0.0
4500001381,60,,,0.0,0.0,0.0,0.0
4500001382,10,5000002417,20230221,15682.39,18721.09,0.0,0.0
4500001382,20,5000002417,20230221,75965.23,85840.71,0.0,0.0
4500001383,10,5000002691,20230224,15.36,153.64,0.0,0.0
4500001383,20,5000002691,20230224,115.5,105.0,0.0,0.0
4500001384,10,5000002693,20230224,334.8,0.0,0.0,0.0
4500001384,20,5000002693,20230224,167.4,0.0,0.0,0.0
4500001384,30,5000002693,20230224,334.8,0.0,0.0,0.0
4500001384,40,5000002693,20230224,167.4,0.0,0.0,0.0
4500001385,10,5000002694,20230224,100.0,100.0,0.0,0.0
4500001386,10,5000002423,20230221,75965.23,85840.71,0.0,0.0
4500001386,20,5000002423,20230221,15682.39,18721.09,0.0,0.0
4500001387,10,5000002795,20230227,7956.4,7956.4,0.0,0.0
4500001387,20,5000002697,20230224,3831.6,3831.6,0.0,0.0
4500001388,10,,,141.59,141.59,0.0,0.0
4500001388,20,,,400.0,400.0,0.0,0.0
4500001389,10,5000002698,20230224,110.0,109.09,0.0,0.0
4500001389,20,5000002698,20230224,98.0,98.18,0.0,0.0
4500001389,30,5000002698,20230224,62.0,61.82,0.0,0.0
4500001389,40,5000002698,20230224,62.0,61.82,0.0,0.0
4500001389,50,5000002698,20230224,62.0,61.82,0.0,0.0
4500001389,60,5000002698,20230224,62.0,61.82,0.0,0.0
4500001389,70,5000002698,20230224,724.0,723.64,0.0,0.0
4500001389,80,5000002698,20230224,128.0,127.27,0.0,0.0
4500001389,90,5000002698,20230224,636.0,636.36,0.0,0.0
4500001389,100,5000002698,20230224,64.0,63.64,0.0,0.0
4500001389,110,5000002698,20230224,271.0,270.91,0.0,0.0
4500001389,120,5000002698,20230224,1000.0,1000.0,0.0,0.0
4500001389,130,5000002698,20230224,578.0,578.18,0.0,0.0
4500001390,10,,,283.19,283.19,0.0,0.0
4500001390,20,,,176.99,176.99,0.0,0.0
4500001391,10,5000002834,20230227,960.0,960.0,0.0,0.0
4500001391,20,5000011594,20230530,3570.0,3570.0,0.0,0.0
4500001392,10,,,1238.94,1238.94,0.0,0.0
4500001392,20,,,2867.26,2867.26,0.0,0.0
4500001392,30,,,2150.44,2150.44,0.0,0.0
4500001392,40,,,1725.66,1725.66,0.0,0.0
4500001393,10,5000002506,20230222,1416.0,1416.0,0.0,0.0
4500001394,10,,,3716.81,3716.81,0.0,0.0
4500001394,20,,,3766.37,3766.37,0.0,0.0
4500001394,30,,,638.94,638.94,0.0,0.0
4500001394,90,,,1946.9,1946.9,0.0,0.0
4500001395,10,,,265.49,265.49,0.0,0.0
4500001396,10,,,1103362.83,1085732.74,0.0,0.0
4500001397,10,,,2035.4,2035.4,0.0,0.0
4500001398,10,5000002483,20230121,685.84,775.0,0.0,0.0
4500001398,20,5000002483,20230121,13.27,15.0,0.0,0.0
4500001399,10,,,690.27,690.27,0.0,0.0
4500001399,20,,,774.34,774.34,0.0,0.0
4500001399,30,,,150.44,150.44,0.0,0.0
4500001399,40,,,1221.24,1221.24,0.0,0.0
4500001399,50,,,1132.74,1132.74,0.0,0.0
4500001399,60,,,584.07,584.07,0.0,0.0
4500001399,70,,,84.07,84.07,0.0,0.0
4500001399,80,,,154.87,154.87,0.0,0.0
4500001399,90,,,584.07,584.07,0.0,0.0
4500001399,100,,,619.47,619.47,0.0,0.0
4500001399,110,,,336.28,336.28,0.0,0.0
4500001400,10,,,246.73,259.96,0.0,0.0
4500001401,10,,,132.74,132.74,0.0,0.0
4500001401,20,,,165.0,165.0,0.0,0.0
4500001402,10,,,32743.36,32743.36,0.0,0.0
4500001403,10,5000004668,20230316,2609.0,2609.0,0.0,0.0
4500001404,10,5000004869,20230317,2056.0,2056.0,0.0,0.0
4500001405,10,5000004670,20230316,2362.0,2362.0,0.0,0.0
4500001406,10,5000004671,20230316,2056.0,2056.0,0.0,0.0
4500001407,10,5000004672,20230316,2185.0,2185.0,0.0,0.0
4500001408,10,5000004674,20230316,2185.0,2185.0,0.0,0.0
4500001409,10,5000004675,20230316,2185.0,2185.0,0.0,0.0
4500001410,10,5000004676,20230316,1952.0,1952.0,0.0,0.0
4500001411,10,5000004537,20230316,2331.0,2331.0,0.0,0.0
4500001412,10,5000004538,20230316,2081.0,2081.0,0.0,0.0
4500001413,10,5000004543,20230316,1952.0,1952.0,0.0,0.0
4500001414,10,5000004544,20230316,2185.0,2185.0,0.0,0.0
4500001415,10,5000004545,20230316,2258.0,2258.0,0.0,0.0
4500001416,10,5000004546,20230316,2258.0,2258.0,0.0,0.0
4500001417,10,5000004547,20230316,2081.0,2081.0,0.0,0.0
4500001418,10,5000004548,20230316,2185.0,2185.0,0.0,0.0
4500001419,10,5000004549,20230316,2056.0,2056.0,0.0,0.0
4500001420,10,5000004551,20230316,2056.0,2056.0,0.0,0.0
4500001421,10,5000004552,20230316,2009.0,2009.0,0.0,0.0
4500001422,10,5000002624,20230223,2120.4,2120.4,0.0,0.0
4500001422,20,5000002624,20230223,75.0,39.5,0.0,0.0
4500001423,10,5000004553,20230316,2081.0,2081.0,0.0,0.0
4500001424,10,5000004554,20230316,2258.0,2258.0,0.0,0.0
4500001425,10,5000004555,20230316,2185.0,2185.0,0.0,0.0
4500001426,10,5000004556,20230316,2081.0,2081.0,0.0,0.0
4500001427,10,5000004557,20230316,2185.0,2185.0,0.0,0.0
4500001428,10,5000004558,20230316,2081.0,2081.0,0.0,0.0
4500001429,10,5000004560,20230316,2185.0,2185.0,0.0,0.0
4500001430,10,5000004561,20230316,2081.0,2081.0,0.0,0.0
4500001431,10,5000004562,20230316,2056.0,2056.0,0.0,0.0
4500001432,10,5000004563,20230316,2081.0,2081.0,0.0,0.0
4500001433,10,5000004564,20230316,2185.0,2185.0,0.0,0.0
4500001434,10,5000004565,20230316,2081.0,2081.0,0.0,0.0
4500001435,10,5000004566,20230316,2081.0,2081.0,0.0,0.0
4500001436,10,5000004567,20230316,2056.0,2056.0,0.0,0.0
4500001437,10,5000008693,20230427,1640.0,1640.0,0.0,0.0
4500001438,10,5000004065,20230310,9000.0,9000.0,0.0,0.0
4500001439,10,5000004568,20230316,2185.0,2185.0,0.0,0.0
4500001440,10,5000004569,20230316,2081.0,2081.0,0.0,0.0
4500001441,10,5000004570,20230316,1952.0,1952.0,0.0,0.0
4500001442,10,5000004572,20230316,2258.0,2258.0,0.0,0.0
4500001443,10,5000004573,20230316,2489.0,2489.0,0.0,0.0
4500001444,10,5000004574,20230316,2481.0,2481.0,0.0,0.0
4500001446,10,5000003384,20230303,9990.0,9990.0,0.0,0.0
4500001447,10,,,5023.01,884.95,0.0,0.0
4500001447,20,,,684.96,0.0,0.0,0.0
4500001447,30,,,262.65,262.6,0.0,0.0
4500001447,40,,,0.0,0.0,0.0,0.0
4500001447,50,,,92.92,0.0,0.0,0.0
4500001447,60,,,46.46,0.0,0.0,0.0
4500001447,70,,,99.12,99.12,0.0,0.0
4500001448,10,,,52566.37,52566.37,0.0,0.0
4500001448,20,,,9292.04,9292.04,0.0,0.0
4500001449,10,,,447.43,447.43,0.0,0.0
4500001449,20,,,601.24,601.24,0.0,0.0
4500001450,10,,,584.07,584.07,0.0,0.0
4500001450,20,,,22.12,22.12,0.0,0.0
4500001450,30,,,22.12,22.12,0.0,0.0
4500001450,40,,,22.12,22.12,0.0,0.0
4500001450,50,,,22.12,22.12,0.0,0.0
4500001450,60,,,22.12,22.12,0.0,0.0
4500001450,70,,,22.12,22.12,0.0,0.0
4500001450,80,,,22.12,22.12,0.0,0.0
4500001450,90,,,358.41,358.41,0.0,0.0
4500001450,100,,,185.84,185.84,0.0,0.0
4500001451,10,,,1053.1,1053.1,0.0,0.0
4500001451,20,,,353.98,353.98,0.0,0.0
4500001451,30,,,176.99,176.99,0.0,0.0
4500001451,40,,,522.12,522.12,0.0,0.0
4500001451,50,,,442.48,442.48,0.0,0.0
4500001451,60,,,353.98,353.98,0.0,0.0
4500001451,70,,,1371.68,1371.68,0.0,0.0
4500001451,80,,,486.73,486.73,0.0,0.0
4500001451,90,,,243.36,243.36,0.0,0.0
4500001452,10,,,331.86,331.86,0.0,0.0
4500001452,20,,,353.98,353.98,0.0,0.0
4500001452,30,,,127.43,127.43,0.0,0.0
4500001453,10,,,194601.77,194601.77,0.0,0.0
4500001454,10,5000002550,20230222,346228.32,346228.32,0.0,0.0
4500001455,10,5000002800,20230227,29.2,29.09,0.0,0.0
4500001455,20,5000002800,20230227,84.0,72.4,0.0,0.0
4500001455,30,5000002800,20230227,69.6,60.14,0.0,0.0
4500001455,40,5000002800,20230227,27.14,25.44,0.0,0.0
4500001455,50,5000002800,20230227,16.2,16.2,0.0,0.0
4500001455,60,5000002800,20230227,960.8,960.87,0.0,0.0
4500001455,70,5000002800,20230227,52.0,54.0,0.0,0.0
4500001455,80,5000002800,20230227,52.4,54.6,0.0,0.0
4500001455,90,5000002800,20230227,79.2,79.17,0.0,0.0
4500001455,100,5000002800,20230227,744.0,743.4,0.0,0.0
4500001455,110,5000002800,20230227,295.4,295.4,0.0,0.0
4500001455,120,5000002800,20230227,210.0,210.0,0.0,0.0
4500001455,130,5000002800,20230227,240.0,247.5,0.0,0.0
4500001455,140,5000002800,20230227,74.0,74.0,0.0,0.0
4500001455,150,5000002800,20230227,148.0,148.0,0.0,0.0
4500001455,160,5000002800,20230227,293.1,293.1,0.0,0.0
4500001455,170,5000002800,20230227,240.0,240.0,0.0,0.0
4500001455,180,5000002800,20230227,26.43,26.43,0.0,0.0
4500001455,190,5000002800,20230227,30.8,30.8,0.0,0.0
4500001455,200,5000002800,20230227,348.0,348.0,0.0,0.0
4500001456,10,,,0.0,0.0,0.0,0.0
4500001457,10,5000002621,20230223,80.0,80.0,0.0,0.0
4500001457,20,5000002621,20230223,100.0,100.0,0.0,0.0
4500001457,30,5000002621,20230223,250.0,250.0,0.0,0.0
4500001457,40,5000002621,20230223,100.0,100.0,0.0,0.0
4500001457,50,5000002621,20230223,120.0,120.0,0.0,0.0
4500001457,60,5000002621,20230223,100.0,100.0,0.0,0.0
4500001458,10,,,7938.05,7938.05,0.0,0.0
4500001458,20,,,6902.65,6902.65,0.0,0.0
4500001458,30,,,13805.31,13805.31,0.0,0.0
4500001458,40,,,2415.93,2415.93,0.0,0.0
4500001459,30,,,1168.14,1168.14,0.0,0.0
4500001459,40,,,2725.66,2725.66,0.0,0.0
4500001461,10,,,3286.97,821.74,0.0,0.0
4500001461,20,,,8950.73,2237.68,0.0,0.0
4500001461,30,,,9532.22,733.25,0.0,0.0
4500001461,40,,,5099.04,1390.64,0.0,0.0
4500001461,50,,,26127.24,0.0,0.0,0.0
4500001461,60,,,3292.04,2880.56,0.0,0.0
4500001461,70,,,4964.6,451.33,0.0,0.0
4500001461,80,,,4146.63,0.0,0.0,0.0
4500001461,100,,,501.48,0.0,0.0,0.0
4500001461,110,,,455.12,477.87,0.0,0.0
4500001462,10,,,46.46,0.0,0.0,0.0
4500001462,30,,,15486.73,15486.72,0.0,0.0
4500001462,40,,,15486.73,15486.73,0.0,0.0
4500001463,10,,,7856.64,7856.64,0.0,0.0
4500001464,10,,,4748.89,4748.89,0.0,0.0
4500001464,20,,,1055.31,1055.36,0.0,0.0
4500001464,30,,,3693.58,3693.58,0.0,0.0
4500001464,40,,,4748.89,4748.89,0.0,0.0
4500001464,50,,,4748.89,4748.89,0.0,0.0
4500001465,10,,,267.26,267.26,0.0,0.0
4500001465,20,,,3318.58,3318.58,0.0,0.0
4500001466,10,,,66088.94,66088.94,0.0,0.0
4500001466,20,,,50809.06,50809.06,0.0,0.0
4500001467,20,,,530.97,530.97,0.0,0.0
4500001467,30,,,95.58,95.58,0.0,0.0
4500001467,40,,,61.95,61.95,0.0,0.0
4500001467,50,,,265.49,265.49,0.0,0.0
4500001467,60,,,176.99,176.99,0.0,0.0
4500001467,70,,,265.49,265.49,0.0,0.0
4500001467,80,,,597.35,597.35,0.0,0.0
4500001467,90,,,637.17,637.19,0.0,0.0
4500001467,100,,,39.82,39.82,0.0,0.0
4500001467,110,,,19.91,19.91,0.0,0.0
4500001467,120,,,1274.34,1274.34,0.0,0.0
4500001468,10,,,53.1,53.1,0.0,0.0
4500001468,20,,,29.17,29.17,0.0,0.0
4500001468,30,,,39.87,39.87,0.0,0.0
4500001468,40,,,389.38,389.38,0.0,0.0
4500001468,50,,,107.96,107.96,0.0,0.0
4500001468,60,,,1061.95,1061.95,0.0,0.0
4500001468,70,,,97.35,97.35,0.0,0.0
4500001468,80,,,115.04,115.04,0.0,0.0
4500001468,90,,,79.65,79.65,0.0,0.0
4500001468,100,,,14.16,14.16,0.0,0.0
4500001468,110,,,77.43,77.43,0.0,0.0
4500001468,120,,,43.36,43.36,0.0,0.0
4500001468,130,,,867.26,867.26,0.0,0.0
4500001468,140,,,433.63,433.63,0.0,0.0
4500001468,150,,,25.66,25.66,0.0,0.0
4500001468,160,,,53.1,53.1,0.0,0.0
4500001468,170,,,79.65,79.65,0.0,0.0
4500001469,10,,,7396.46,7396.46,0.0,0.0
4500001469,20,,,10214.16,10214.16,0.0,0.0
4500001470,10,,,884.96,884.96,0.0,0.0
4500001471,10,,,5469.45,5469.45,0.0,0.0
4500001471,20,,,3871.43,3871.43,0.0,0.0
4500001471,30,,,3739.03,3739.03,0.0,0.0
4500001471,40,,,3774.56,3774.56,0.0,0.0
4500001471,50,,,1614.58,1614.58,0.0,0.0
4500001471,60,,,4584.37,4584.37,0.0,0.0
4500001471,90,,,6681.22,6681.22,0.0,0.0
4500001471,100,,,31260.74,31260.74,0.0,0.0
4500001471,110,,,5851.71,5851.71,0.0,0.0
4500001471,120,,,13240.69,13240.69,0.0,0.0
4500001471,140,,,9883.75,9883.75,0.0,0.0
4500001471,150,,,38152.35,38152.35,0.0,0.0
4500001472,10,,,3012.39,3012.39,0.0,0.0
4500001472,20,,,6941.59,6941.59,0.0,0.0
4500001472,30,,,1309.73,1309.73,0.0,0.0
4500001472,40,,,5238.94,5238.94,0.0,0.0
4500001473,10,,,712.39,712.39,0.0,0.0
4500001475,10,5000003963,20230309,4470.0,4470.0,0.0,0.0
4500001475,20,5000003963,20230309,291.63,291.63,0.0,0.0
4500001476,10,5000007763,20230418,2125.0,2125.0,0.0,0.0
4500001476,20,5000007763,20230418,138.64,138.63,0.0,0.0
4500001477,10,5000002623,20230223,727.2,727.28,0.0,0.0
4500001477,20,5000002623,20230223,227.3,227.27,0.0,0.0
4500001478,10,5000002789,20230227,1450.0,1450.0,0.0,0.0
4500001478,20,5000002789,20230227,94.6,94.6,0.0,0.0
4500001479,10,5000005256,20230322,7080.0,7080.0,0.0,0.0
4500001480,10,5000005653,20230328,644.44,644.44,0.0,0.0
4500001480,20,5000005653,20230328,483.94,483.94,0.0,0.0
4500001480,30,5000005654,20230328,48.6,48.6,0.0,0.0
4500001481,10,5000003393,20230303,918.88,918.88,0.0,0.0
4500001481,20,5000003393,20230303,539.0,539.0,0.0,0.0
4500001482,10,,,62.3,62.3,0.0,0.0
4500001483,40,,,840.71,840.71,0.0,0.0
4500001483,50,,,672.57,672.57,0.0,0.0
4500001483,60,,,168.14,168.14,0.0,0.0
4500001483,70,,,690.27,690.27,0.0,0.0
4500001483,80,,,1035.4,1035.4,0.0,0.0
4500001483,90,,,575.22,575.22,0.0,0.0
4500001483,100,,,7920.35,7920.35,0.0,0.0
4500001483,170,,,15.75,15.75,0.0,0.0
4500001483,180,,,1559.47,1559.47,0.0,0.0
4500001483,190,,,787.61,787.61,0.0,0.0
4500001484,10,,,3154.87,3154.87,0.0,0.0
4500001484,20,,,1221.24,1221.24,0.0,0.0
4500001484,30,,,101.77,101.77,0.0,0.0
4500001485,10,,,541.2,541.1,0.0,0.0
4500001485,20,,,389.76,389.76,0.0,0.0
4500001485,30,,,360.0,360.0,0.0,0.0
4500001485,40,,,400.32,400.18,0.0,0.0
4500001485,50,,,150.0,150.0,0.0,0.0
4500001485,60,,,960.0,960.0,0.0,0.0
4500001485,70,,,408.0,408.0,0.0,0.0
4500001485,80,,,290.0,290.0,0.0,0.0
4500001485,90,,,384.0,384.0,0.0,0.0
4500001485,100,,,384.0,384.0,0.0,0.0
4500001486,10,,,9929203.54,9662752.25,0.0,0.0
4500001487,10,,,5597.35,5597.35,0.0,0.0
4500001487,20,,,203.54,203.54,0.0,0.0
4500001487,30,,,5292.04,5292.04,0.0,0.0
4500001487,40,,,915.93,915.93,0.0,0.0
4500001487,50,,,1221.24,1221.24,0.0,0.0
4500001488,10,5000002692,20230224,300.0,300.0,0.0,0.0
4500001489,10,5000002685,20230224,1600.0,1600.0,0.0,0.0
4500001490,10,5000006133,20230330,2125.0,2125.0,0.0,0.0
4500001490,20,5000006133,20230330,138.64,138.64,0.0,0.0
4500001491,10,5000002686,20230224,1600.0,1600.0,0.0,0.0
4500001492,10,5000002682,20230224,4500.0,4500.0,0.0,0.0
4500001493,10,5000002683,20230224,4500.0,4500.0,0.0,0.0
4500001494,10,5000002684,20230224,4500.0,0.0,0.0,0.0
4500001495,10,5000003316,20230303,12587.4,12587.4,0.0,0.0
4500001495,20,5000003316,20230303,4440.0,4440.0,0.0,0.0
4500001495,30,5000003316,20230303,1908.0,1908.0,0.0,0.0
4500001496,10,,,22920.35,22920.35,0.0,0.0
4500001497,40,,,2320.71,2320.71,0.0,0.0
4500001497,50,,,1031.86,1031.86,0.0,0.0
4500001498,10,,,70.8,70.8,0.0,0.0
4500001499,80,,,106.19,106.19,0.0,0.0
4500001499,90,,,1938.05,1938.05,0.0,0.0
4500001499,100,,,79.65,79.65,0.0,0.0
4500001499,170,,,8347.35,8347.35,0.0,0.0
4500001499,180,,,8997.79,8997.79,0.0,0.0
4500001500,10,5000002648,20230223,75965.23,85840.71,0.0,0.0
4500001500,20,5000002648,20230223,15870.35,17937.02,0.0,0.0
4500001501,10,5000002649,20230223,75965.23,85840.71,0.0,0.0
4500001501,20,5000002649,20230223,15870.35,17937.02,0.0,0.0
4500001502,10,5000002650,20230223,15870.35,17937.02,0.0,0.0
4500001502,20,5000002650,20230223,75965.23,85840.71,0.0,0.0
4500001503,10,5000002651,20230223,75965.23,85840.71,0.0,0.0
4500001503,20,5000002651,20230223,15870.35,17937.02,0.0,0.0
4500001504,10,5000002652,20230223,75965.23,85840.71,0.0,0.0
4500001504,20,5000002652,20230223,15870.35,17937.02,0.0,0.0
4500001505,10,5000002653,20230223,75965.23,85840.71,0.0,0.0
4500001505,20,5000002653,20230223,15870.35,17937.02,0.0,0.0
4500001506,10,,,846.02,846.02,0.0,0.0
4500001506,20,,,336.28,336.28,0.0,0.0
4500001506,30,,,548.67,548.67,0.0,0.0
4500001506,40,,,286.73,286.73,0.0,0.0
4500001506,50,,,230.09,230.09,0.0,0.0
4500001506,60,,,159.29,159.29,0.0,0.0
4500001506,70,,,154.87,154.87,0.0,0.0
4500001506,80,,,127.43,127.43,0.0,0.0
4500001506,90,,,29.2,29.2,0.0,0.0
4500001506,100,,,111.5,111.5,0.0,0.0
4500001506,110,,,0.0,0.0,0.0,0.0
4500001506,120,,,15.04,15.04,0.0,0.0
4500001507,10,,,2300.88,2300.88,0.0,0.0
4500001508,10,,,1327.43,1327.43,0.0,0.0
4500001509,10,5000008073,20230420,3318.4,3318.55,0.0,0.0
4500001511,10,5000007764,20230418,2125.0,2125.0,0.0,0.0
4500001511,20,5000007764,20230418,138.64,138.64,0.0,0.0
4500001513,30,,,40433.01,40433.0,0.0,0.0
4500001513,40,,,29682.04,29682.04,0.0,0.0
4500001513,50,,,18604.56,18604.56,0.0,0.0
4500001513,60,,,5120.86,5120.86,0.0,0.0
4500001513,70,,,13115.29,13115.29,0.0,0.0
4500001514,10,,,170353.98,167433.62,0.0,0.0
4500001514,20,,,1725.66,1725.66,0.0,0.0
4500001514,30,,,10353.98,10353.98,0.0,0.0
4500001514,40,,,18982.3,18982.3,0.0,0.0
4500001514,50,,,2123.89,2123.89,0.0,0.0
4500001514,60,,,4247.79,4247.79,0.0,0.0
4500001514,70,,,11946.9,11946.9,0.0,0.0
4500001514,80,,,1725.66,1725.66,0.0,0.0
4500001514,90,,,11946.9,11946.9,0.0,0.0
4500001515,10,,,442.48,442.48,0.0,0.0
4500001516,10,5000003208,20230302,62.64,62.64,0.0,0.0
4500001516,20,5000003208,20230302,15312.0,15312.0,0.0,0.0
4500001516,30,5000003208,20230302,62.54,62.54,0.0,0.0
4500001516,40,5000003208,20230302,420.0,429.0,0.0,0.0
4500001516,50,5000003208,20230302,429.0,429.0,0.0,0.0
4500001517,10,5000003197,20230302,150.0,150.0,0.0,0.0
4500001518,10,5000003875,20230309,5940.0,5940.0,0.0,0.0
4500001518,20,5000003875,20230309,5940.0,5940.0,0.0,0.0
4500001519,10,5000003203,20230302,5472.6,5472.73,0.0,0.0
4500001520,10,5000002746,20230227,2081.0,2081.0,0.0,0.0
4500001521,10,5000002749,20230227,2081.0,2081.0,0.0,0.0
4500001522,10,5000002750,20230227,1952.0,1952.0,0.0,0.0
4500001523,10,5000002751,20230227,2081.0,2081.0,0.0,0.0
4500001524,10,5000002752,20230227,2154.0,2154.0,0.0,0.0
4500001525,10,,,1637.17,1637.17,0.0,0.0
4500001526,10,5000002753,20230227,2081.0,2081.0,0.0,0.0
4500001527,10,5000002758,20230227,2185.0,2185.0,0.0,0.0
4500001528,10,5000002760,20230227,2185.0,2185.0,0.0,0.0
4500001529,10,5000002761,20230227,2185.0,2185.0,0.0,0.0
4500001530,10,5000002763,20230227,2081.0,2081.0,0.0,0.0
4500001531,10,5000002764,20230227,2185.0,2185.0,0.0,0.0
4500001532,10,5000002765,20230227,2362.0,2362.0,0.0,0.0
4500001533,10,5000002766,20230227,2185.0,2185.0,0.0,0.0
4500001534,10,5000002767,20230227,2056.0,2056.0,0.0,0.0
4500001535,10,5000002768,20230227,2258.0,2258.0,0.0,0.0
4500001536,10,5000002770,20230227,2081.0,2081.0,0.0,0.0
4500001537,10,5000002772,20230227,2056.0,2056.0,0.0,0.0
4500001538,10,5000002773,20230227,2154.0,2154.0,0.0,0.0
4500001539,10,5000002774,20230227,2185.0,2185.0,0.0,0.0
4500001540,10,5000002775,20230227,2185.0,2185.0,0.0,0.0
4500001541,10,5000002776,20230227,2185.0,2185.0,0.0,0.0
4500001542,10,5000002777,20230227,2417.0,2417.0,0.0,0.0
4500001544,10,5000002778,20230227,2185.0,2185.0,0.0,0.0
4500001545,10,5000002779,20230227,2185.0,2185.0,0.0,0.0
4500001546,10,5000002780,20230227,1984.0,1984.0,0.0,0.0
4500001547,10,5000002781,20230227,1952.0,1952.0,0.0,0.0
4500001548,10,5000004466,20230315,4270.0,4270.0,0.0,0.0
4500001549,10,5000002782,20230227,2081.0,2081.0,0.0,0.0
4500001550,10,5000002783,20230227,1952.0,1952.0,0.0,0.0
4500001551,10,5000002784,20230227,2118.0,2118.0,0.0,0.0
4500001552,10,5000002792,20230227,2081.0,2081.0,0.0,0.0
4500001553,10,5000002794,20230227,2154.0,2154.0,0.0,0.0
4500001554,10,5000002797,20230227,1952.0,1952.0,0.0,0.0
4500001555,10,5000002798,20230227,2185.0,2185.0,0.0,0.0
4500001556,10,5000002940,20230228,1952.0,1952.0,0.0,0.0
4500001557,10,5000002802,20230227,2185.0,2185.0,0.0,0.0
4500001558,10,5000002803,20230227,1952.0,1952.0,0.0,0.0
4500001559,10,5000002804,20230227,1952.0,1952.0,0.0,0.0
4500001560,10,5000002805,20230227,2258.0,2258.0,0.0,0.0
4500001561,10,5000002806,20230227,2081.0,2081.0,0.0,0.0
4500001562,10,5000002807,20230227,2185.0,2185.0,0.0,0.0
4500001563,10,5000002808,20230227,2081.0,2081.0,0.0,0.0
4500001564,10,5000002809,20230227,2185.0,2185.0,0.0,0.0
4500001565,10,5000002810,20230227,2486.0,2486.0,0.0,0.0
4500001566,10,5000002811,20230227,1952.0,1952.0,0.0,0.0
4500001567,10,5000002812,20230227,2185.0,2185.0,0.0,0.0
4500001568,10,5000002814,20230227,2186.0,2186.0,0.0,0.0
4500001569,10,5000002815,20230227,2362.0,2362.0,0.0,0.0
4500001570,10,5000002816,20230227,2185.0,2185.0,0.0,0.0
4500001571,10,5000002817,20230227,2154.0,2154.0,0.0,0.0
4500001572,10,,,1247.79,1247.75,0.0,0.0
4500001572,20,,,1247.79,1247.79,0.0,0.0
4500001572,30,,,1247.79,1247.79,0.0,0.0
4500001572,40,,,1380.53,1380.53,0.0,0.0
4500001572,50,,,1380.53,1380.53,0.0,0.0
4500001573,10,,,1247.79,1247.79,0.0,0.0
4500001573,20,,,1247.79,1247.79,0.0,0.0
4500001573,30,,,1247.79,1247.79,0.0,0.0
4500001573,40,,,1380.53,1380.53,0.0,0.0
4500001573,50,,,1380.53,1380.53,0.0,0.0
4500001573,60,,,1247.79,1247.79,0.0,0.0
4500001574,10,,,1247.79,1247.79,0.0,0.0
4500001574,20,,,1247.79,1247.79,0.0,0.0
4500001574,30,,,1247.79,1247.79,0.0,0.0
4500001574,40,,,1247.79,1247.79,0.0,0.0
4500001574,50,,,1247.79,1247.79,0.0,0.0
4500001574,60,,,1247.79,1247.79,0.0,0.0
4500001574,70,,,1247.79,1247.79,0.0,0.0
4500001575,10,,,13198.46,13198.46,0.0,0.0
4500001575,20,,,25663.67,25663.67,0.0,0.0
4500001575,30,,,20859.69,20859.69,0.0,0.0
4500001575,40,,,11188.41,11188.41,0.0,0.0
4500001575,60,,,2739.16,2739.16,0.0,0.0
4500001575,110,,,10408.85,10408.85,0.0,0.0
4500001576,10,5000002790,20230227,14385.6,14385.6,0.0,0.0
4500001576,20,5000002790,20230227,5328.0,5328.0,0.0,0.0
4500001576,30,5000002790,20230227,2289.6,2289.6,0.0,0.0
4500001577,10,,,13716.81,13716.81,0.0,0.0
4500001578,10,,,0.0,0.0,0.0,0.0
4500001578,20,,,0.0,0.0,0.0,0.0
4500001578,30,,,45.22,45.22,0.0,0.0
4500001578,40,,,0.0,0.0,0.0,0.0
4500001578,50,5000011605,20230530,900.0,900.0,0.0,0.0
4500001578,60,,,0.0,0.0,0.0,0.0
4500001578,70,,,0.0,0.0,0.0,0.0
4500001578,80,,,0.0,0.0,0.0,0.0
4500001578,90,,,0.0,0.0,0.0,0.0
4500001578,100,5000003200,20230302,15245.1,15245.45,0.0,0.0
4500001579,10,,,849.56,849.56,0.0,0.0
4500001579,20,,,1150.44,1150.44,0.0,0.0
4500001580,10,,,8495.58,8495.58,0.0,0.0
4500001581,10,,,902.65,902.65,0.0,0.0
4500001582,10,,,19441.75,0.0,0.0,0.0
4500001583,10,,,663.72,663.72,0.0,0.0
4500001583,20,,,619.47,619.47,0.0,0.0
4500001583,30,,,707.96,707.96,0.0,0.0
4500001583,40,,,1061.95,1061.95,0.0,0.0
4500001584,10,,,0.0,0.0,0.0,0.0
4500001585,10,5000002788,20230227,1200.0,1200.0,0.0,0.0
4500001585,20,5000002788,20230227,78.29,78.29,0.0,0.0
4500001586,10,5000007732,20230418,2750.0,2750.0,0.0,0.0
4500001586,20,5000007732,20230418,179.41,179.41,0.0,0.0
4500001587,10,5000002785,20230227,1200.0,1200.0,0.0,0.0
4500001587,20,5000002785,20230227,78.29,78.29,0.0,0.0
4500001588,10,5000002786,20230227,1350.0,1350.0,0.0,0.0
4500001588,20,5000002786,20230227,88.08,88.08,0.0,0.0
4500001589,10,5000002787,20230227,1350.0,1350.0,0.0,0.0
4500001589,20,5000002787,20230227,88.08,88.08,0.0,0.0
4500001590,10,5000007727,20230418,2750.0,2750.0,0.0,0.0
4500001590,20,5000007727,20230418,179.41,179.41,0.0,0.0
4500001590,30,5000007734,20230418,2750.0,2750.0,0.0,0.0
4500001590,40,5000007734,20230418,179.41,179.41,0.0,0.0
4500001591,10,,,20672.57,20672.57,0.0,0.0
4500001591,20,,,5168.14,5168.14,0.0,0.0
4500001591,30,,,17024.34,17024.34,0.0,0.0
4500001591,40,,,54477.88,54477.88,0.0,0.0
4500001591,50,,,47668.14,47668.14,0.0,0.0
4500001591,60,,,51073.01,51073.01,0.0,0.0
4500001591,70,,,49380.53,49380.53,0.0,0.0
4500001591,80,,,25646.02,25646.02,0.0,0.0
4500001591,90,,,73274.34,73274.34,0.0,0.0
4500001591,100,,,29309.73,29309.73,0.0,0.0
4500001592,10,,,1380.53,1380.53,0.0,0.0
4500001592,20,,,690.27,690.27,0.0,0.0
4500001592,30,,,1380.53,1380.53,0.0,0.0
4500001592,40,,,690.27,690.27,0.0,0.0
4500001592,50,,,256.64,256.64,0.0,0.0
4500001592,60,,,1026.55,1026.55,0.0,0.0
4500001592,70,,,1026.55,1026.55,0.0,0.0
4500001592,80,,,513.27,513.27,0.0,0.0
4500001592,90,,,7256.64,7256.64,0.0,0.0
4500001593,10,,,1380.53,1380.53,0.0,0.0
4500001593,20,,,1380.53,1380.53,0.0,0.0
4500001593,30,,,690.27,690.27,0.0,0.0
4500001593,40,,,10752.21,10752.21,0.0,0.0
4500001593,50,,,6451.33,6451.33,0.0,0.0
4500001593,60,,,12902.65,12902.65,0.0,0.0
4500001593,70,,,2150.44,2150.44,0.0,0.0
4500001593,80,,,4300.88,4300.88,0.0,0.0
4500001593,90,,,6451.33,6451.33,0.0,0.0
4500001593,100,,,10752.21,10752.21,0.0,0.0
4500001594,10,,,7600.0,7600.0,0.0,0.0
4500001594,20,,,7600.0,7600.0,0.0,0.0
4500001594,30,,,7600.0,7600.0,0.0,0.0
4500001594,40,,,300.0,300.0,0.0,0.0
4500001594,50,,,150.0,150.0,0.0,0.0
4500001594,60,,,450.0,450.0,0.0,0.0
4500001594,70,,,300.0,300.0,0.0,0.0
4500001594,80,,,80.0,81.45,0.0,0.0
4500001594,90,,,1200.0,1200.0,0.0,0.0
4500001594,100,,,1600.0,1600.0,0.0,0.0
4500001594,110,,,800.0,800.0,0.0,0.0
4500001594,120,,,900.0,900.0,0.0,0.0
4500001594,130,,,1200.0,1200.0,0.0,0.0
4500001594,140,,,2400.0,2400.0,0.0,0.0
4500001594,150,,,900.0,900.0,0.0,0.0
4500001594,160,,,2940.0,2940.0,0.0,0.0
4500001594,170,,,60.0,60.0,0.0,0.0
4500001594,190,,,1800.0,1750.0,0.0,0.0
4500001594,200,,,2700.0,2700.0,0.0,0.0
4500001594,210,,,900.0,800.0,0.0,0.0
4500001594,220,,,3400.0,3400.0,0.0,0.0
4500001594,230,,,4250.0,4250.0,0.0,0.0
4500001594,240,,,1700.0,1590.0,0.0,0.0
4500001594,280,,,200.0,200.0,0.0,0.0
4500001594,290,,,800.0,800.0,0.0,0.0
4500001594,300,,,300.0,300.0,0.0,0.0
4500001594,310,,,400.0,400.0,0.0,0.0
4500001594,320,,,600.0,600.0,0.0,0.0
4500001594,340,,,1400.0,1400.0,0.0,0.0
4500001594,350,,,700.0,700.0,0.0,0.0
4500001594,360,,,1300.0,1160.0,0.0,0.0
4500001594,370,,,1000.0,800.0,0.0,0.0
4500001594,380,,,300.0,240.0,0.0,0.0
4500001594,390,,,960.0,960.0,0.0,0.0
4500001594,400,,,840.0,840.0,0.0,0.0
4500001594,410,,,200.0,200.0,0.0,0.0
4500001594,420,,,300.0,300.0,0.0,0.0
4500001594,430,,,90.0,90.0,0.0,0.0
4500001594,440,,,120.0,120.0,0.0,0.0
4500001594,450,,,60.0,60.0,0.0,0.0
4500001595,10,,,672.57,672.57,0.0,0.0
4500001595,20,,,2017.7,2017.7,0.0,0.0
4500001595,30,,,19911.5,19911.5,0.0,0.0
4500001595,40,,,1274.34,1274.34,0.0,0.0
4500001595,50,,,1274.34,1274.34,0.0,0.0
4500001595,60,,,637.17,637.17,0.0,0.0
4500001595,70,,,33628.32,33628.32,0.0,0.0
4500001595,80,,,67256.64,67256.64,0.0,0.0
4500001595,90,,,33628.32,33628.32,0.0,0.0
4500001596,10,,,113.27,113.27,0.0,0.0
4500001596,20,,,707.96,707.96,0.0,0.0
4500001596,30,,,2831.86,2831.86,0.0,0.0
4500001596,40,,,707.96,707.96,0.0,0.0
4500001597,10,,,21681.42,21681.42,0.0,0.0
4500001597,20,,,10840.71,10840.71,0.0,0.0
4500001598,10,,,7985.84,7985.84,0.0,0.0
4500001598,20,,,212.39,212.39,0.0,0.0
4500001598,30,,,1699.11,1699.11,0.0,0.0
4500001599,10,,,1017.7,1017.7,0.0,0.0
4500001599,20,,,1017.7,1017.7,0.0,0.0
4500001599,30,,,1017.7,1017.7,0.0,0.0
4500001599,40,,,805.31,805.31,0.0,0.0
4500001599,50,,,230.09,230.06,0.0,0.0
4500001599,60,,,442.48,442.48,0.0,0.0
4500001599,70,,,1769.91,1769.91,0.0,0.0
4500001599,80,,,2654.87,2654.87,0.0,0.0
4500001599,90,,,2035.4,2035.4,0.0,0.0
4500001599,100,,,619.47,619.47,0.0,0.0
4500001599,110,,,88.5,88.5,0.0,0.0
4500001599,120,,,353.98,353.98,0.0,0.0
4500001599,130,,,442.48,442.48,0.0,0.0
4500001599,140,,,176.99,176.99,0.0,0.0
4500001599,150,,,227.43,227.43,0.0,0.0
4500001599,160,,,909.73,909.73,0.0,0.0
4500001599,170,,,1364.6,1364.6,0.0,0.0
4500001599,180,,,454.87,454.87,0.0,0.0
4500001599,190,,,3938.05,3938.05,0.0,0.0
4500001600,10,,,2654.87,2654.87,0.0,0.0
4500001600,20,,,2654.87,2654.87,0.0,0.0
4500001600,30,,,2654.87,2654.87,0.0,0.0
4500001600,40,,,1327.43,1327.42,0.0,0.0
4500001601,10,,,13274.34,13274.34,0.0,0.0
4500001601,20,,,5309.73,5309.73,0.0,0.0
4500001601,30,,,7964.6,7964.6,0.0,0.0
4500001601,40,,,53.1,53.1,0.0,0.0
4500001602,10,,,25486.74,25486.7,0.0,0.0
4500001603,10,,,16814.16,16814.16,0.0,0.0
4500001603,20,,,50442.48,50442.48,0.0,0.0
4500001603,30,,,1460.18,1460.18,0.0,0.0
4500001603,40,,,1460.18,1460.18,0.0,0.0
4500001603,50,,,1681.42,1681.42,0.0,0.0
4500001603,60,,,3362.83,3362.83,0.0,0.0
4500001603,70,,,840.71,840.71,0.0,0.0
4500001604,10,,,2123.89,2123.89,0.0,0.0
4500001604,20,,,2123.89,2123.89,0.0,0.0
4500001604,30,,,6477.88,6629.03,0.0,0.0
4500001604,40,,,8637.17,8637.17,0.0,0.0
4500001604,50,,,2159.29,2159.29,0.0,0.0
4500001604,60,,,1079.65,1079.65,0.0,0.0
4500001604,70,,,3238.94,3238.94,0.0,0.0
4500001604,80,,,1079.65,1079.65,0.0,0.0
4500001604,90,,,1079.65,1079.65,0.0,0.0
4500001605,10,,,495.58,495.58,0.0,0.0
4500001605,20,,,4707.96,4707.96,0.0,0.0
4500001605,40,,,4424.78,4424.78,0.0,0.0
4500001605,50,,,1681.42,1681.42,0.0,0.0
4500001605,60,,,1681.42,1681.42,0.0,0.0
4500001605,70,,,707.96,707.96,0.0,0.0
4500001605,80,,,1769.91,1769.91,0.0,0.0
4500001605,90,,,3539.82,3539.82,0.0,0.0
4500001605,100,,,1061.95,1061.95,0.0,0.0
4500001605,110,,,736.28,736.28,0.0,0.0
4500001605,120,,,2576.99,2576.99,0.0,0.0
4500001605,130,,,1288.5,1288.5,0.0,0.0
4500001605,140,,,1327.43,1327.43,0.0,0.0
4500001605,150,,,884.96,884.96,0.0,0.0
4500001605,160,,,309.73,309.73,0.0,0.0
4500001605,170,,,309.73,309.73,0.0,0.0
4500001605,180,,,61.95,61.95,0.0,0.0
4500001605,190,,,1274.34,1274.34,0.0,0.0
4500001605,200,,,424.78,424.78,0.0,0.0
4500001605,210,,,2123.89,2123.89,0.0,0.0
4500001605,220,,,1699.12,1699.12,0.0,0.0
4500001605,230,,,849.56,849.56,0.0,0.0
4500001605,240,,,6902.65,6902.65,0.0,0.0
4500001605,250,,,3451.33,3451.33,0.0,0.0
4500001605,260,,,6902.65,6902.65,0.0,0.0
4500001605,270,,,3451.33,3451.33,0.0,0.0
4500001605,280,,,3008.85,3008.85,0.0,0.0
4500001605,290,,,3008.85,3008.85,0.0,0.0
4500001605,300,,,3008.85,3008.85,0.0,0.0
4500001605,310,,,3008.85,3008.85,0.0,0.0
4500001605,320,,,955.75,955.75,0.0,0.0
4500001605,330,,,1433.63,1433.63,0.0,0.0
4500001605,340,,,287.61,287.61,0.0,0.0
4500001605,350,,,1725.66,1725.66,0.0,0.0
4500001605,360,,,862.83,862.83,0.0,0.0
4500001605,370,,,756.64,756.64,0.0,0.0
4500001605,380,,,663.72,663.72,0.0,0.0
4500001605,390,,,1327.43,1327.43,0.0,0.0
4500001605,400,,,663.72,663.72,0.0,0.0
4500001605,430,,,66.37,66.37,0.0,0.0
4500001605,440,,,66.37,66.37,0.0,0.0
4500001605,450,,,132.74,132.74,0.0,0.0
4500001605,460,,,132.74,132.74,0.0,0.0
4500001606,10,5000006916,20230406,4470.0,4470.0,0.0,0.0
4500001606,20,5000006916,20230406,250.94,250.94,0.0,0.0
4500001607,10,5000003301,20230303,225.0,226.7,0.0,0.0
4500001607,20,5000003301,20230303,109.2,109.1,0.0,0.0
4500001607,30,5000003301,20230303,537.5,537.68,0.0,0.0
4500001607,40,5000003301,20230303,42.0,42.0,0.0,0.0
4500001607,50,5000003301,20230303,50.7,50.7,0.0,0.0
4500001607,60,5000003301,20230303,45.0,45.09,0.0,0.0
4500001607,70,5000003301,20230303,1134.0,1134.6,0.0,0.0
4500001607,80,5000003301,20230303,19.9,19.95,0.0,0.0
4500001607,90,5000003301,20230303,479.0,478.98,0.0,0.0
4500001607,100,5000003301,20230303,200.4,200.32,0.0,0.0
4500001607,110,5000003301,20230303,1125.0,1125.24,0.0,0.0
4500001607,120,5000003301,20230303,1542.0,1541.88,0.0,0.0
4500001607,130,5000003301,20230303,64.41,64.13,0.0,0.0
4500001607,140,5000003301,20230303,1202.6,1202.66,0.0,0.0
4500001607,150,5000003301,20230303,1557.22,1557.29,0.0,0.0
4500001607,160,5000003301,20230303,144.8,396.8,0.0,0.0
4500001607,170,5000003301,20230303,204.4,204.48,0.0,0.0
4500001607,180,5000003301,20230303,311.36,311.36,0.0,0.0
4500001607,190,5000003301,20230303,140.0,140.06,0.0,0.0
4500001607,200,,,0.0,0.0,0.0,0.0
4500001607,210,5000003301,20230303,141.6,146.25,0.0,0.0
4500001607,220,5000003301,20230303,890.8,890.8,0.0,0.0
4500001607,230,5000003301,20230303,580.0,580.0,0.0,0.0
4500001607,240,5000003301,20230303,44.05,44.05,0.0,0.0
4500001607,250,5000003301,20230303,4400.0,4400.0,0.0,0.0
4500001607,260,5000003301,20230303,620.0,540.0,0.0,0.0
4500001608,10,5000007996,20230420,1490.0,1490.0,0.0,0.0
4500001609,10,5000007975,20230420,1500.0,1500.0,0.0,0.0
4500001609,20,5000007975,20230420,215.0,215.0,0.0,0.0
4500001610,10,5000003883,20230309,772.0,692.08,0.0,0.0
4500001611,10,5000004104,20230310,4470.0,4470.0,0.0,0.0
4500001611,20,5000004104,20230310,250.94,250.94,0.0,0.0
4500001612,10,5000002875,20230228,2009.0,2009.0,0.0,0.0
4500001613,10,5000002876,20230228,1952.0,1952.0,0.0,0.0
4500001614,10,5000002878,20230228,2185.0,2185.0,0.0,0.0
4500001615,10,5000002882,20230228,2258.0,2258.0,0.0,0.0
4500001616,10,5000002889,20230228,2129.0,2129.0,0.0,0.0
4500001617,10,5000002936,20230228,1952.0,1952.0,0.0,0.0
4500001618,10,5000002937,20230228,2113.0,2113.0,0.0,0.0
4500001619,10,5000002938,20230228,2154.0,2154.0,0.0,0.0
4500001620,10,5000002939,20230228,1952.0,1952.0,0.0,0.0
4500001622,10,,,8849.56,8849.56,0.0,0.0
4500001622,20,,,141.59,141.59,0.0,0.0
4500001622,30,,,141.59,141.59,0.0,0.0
4500001622,40,,,1560.44,1560.44,0.0,0.0
4500001622,50,,,1846.64,1846.64,0.0,0.0
4500001622,60,,,2280.99,2280.99,0.0,0.0
4500001622,70,,,2642.34,2642.34,0.0,0.0
4500001622,80,,,722.69,722.69,0.0,0.0
4500001623,10,5000002754,20230227,1103431.86,1085732.74,0.0,0.0
4500001624,30,,,4991.15,4991.15,0.0,0.0
4500001624,40,,,56150.44,56150.45,0.0,0.0
4500001624,50,,,2548.67,2548.67,0.0,0.0
4500001624,60,,,637.17,637.17,0.0,0.0
4500001624,70,,,2920.35,2920.35,0.0,0.0
4500001624,80,,,8761.06,8761.06,0.0,0.0
4500001624,90,,,2920.35,2920.35,0.0,0.0
4500001624,100,,,61141.59,61141.59,0.0,0.0
4500001624,110,,,637.17,637.17,0.0,0.0
4500001624,120,,,2548.67,2548.67,0.0,0.0
4500001624,130,,,4026.55,4026.55,0.0,0.0
4500001624,140,,,4026.55,4026.55,0.0,0.0
4500001624,150,,,31504.42,31504.42,0.0,0.0
4500001624,160,,,151869.91,151869.91,0.0,0.0
4500001624,200,,,1858.41,1858.41,0.0,0.0
4500001624,210,,,1858.41,1858.41,0.0,0.0
4500001624,220,,,5575.22,5575.22,0.0,0.0
4500001624,230,,,1398.23,1398.23,0.0,0.0
4500001624,240,,,2796.46,2796.46,0.0,0.0
4500001624,250,,,2796.46,2796.46,0.0,0.0
4500001624,260,,,6991.15,6991.15,0.0,0.0
4500001625,110,,,122.12,122.12,0.0,0.0
4500001625,120,,,40.71,40.71,0.0,0.0
4500001626,10,,,11946.9,11946.9,0.0,0.0
4500001626,20,,,11946.9,11946.9,0.0,0.0
4500001626,30,,,71238.94,70017.7,0.0,0.0
4500001626,40,,,4513.27,4513.27,0.0,0.0
4500001626,50,,,2933.63,2933.63,0.0,0.0
4500001627,10,,,12200.0,0.0,0.0,0.0
4500001628,10,,,172181.03,160895.36,0.0,0.0
4500001628,20,,,2265.54,0.0,0.0,0.0
4500001629,10,5000003341,20230303,2865.0,2865.0,0.0,0.0
4500001629,20,5000003341,20230303,1170.0,1170.0,0.0,0.0
4500001629,30,5000003341,20230303,3060.0,3060.0,0.0,0.0
4500001629,40,5000003341,20230303,740.0,740.0,0.0,0.0
4500001629,50,5000003341,20230303,1590.0,1590.0,0.0,0.0
4500001629,60,5000003341,20230303,10240.0,10240.0,0.0,0.0
4500001629,70,5000003341,20230303,2440.0,2440.0,0.0,0.0
4500001630,10,,,90351.33,90351.33,0.0,0.0
4500001631,10,,,10870.8,10870.8,0.0,0.0
4500001631,20,,,3672.57,3672.57,0.0,0.0
4500001631,30,,,75840.27,75840.27,0.0,0.0
4500001631,40,,,50560.18,50560.18,0.0,0.0
4500001631,50,,,76460.19,74336.27,0.0,0.0
4500001631,60,,,38230.09,37168.14,0.0,0.0
4500001632,10,,,3663.72,3663.72,0.0,0.0
4500001632,20,,,27433.63,27433.62,0.0,0.0
4500001633,10,,,8970.13,8970.13,0.0,0.0
4500001633,20,,,14774.34,14774.34,0.0,0.0
4500001633,30,,,9497.79,9497.79,0.0,0.0
4500001633,40,,,4748.89,4748.89,0.0,0.0
4500001633,50,,,3693.58,3693.58,0.0,0.0
4500001633,60,,,1055.31,1055.31,0.0,0.0
4500001633,70,,,4748.89,4748.89,0.0,0.0
4500001634,10,,,1061.95,1061.94,0.0,0.0
4500001634,20,,,1592.92,1592.92,0.0,0.0
4500001634,30,,,2654.87,2654.87,0.0,0.0
4500001634,40,,,1769.91,1769.91,0.0,0.0
4500001634,50,,,764.6,764.6,0.0,0.0
4500001634,60,,,212.39,212.39,0.0,0.0
4500001635,10,,,22389.38,22389.38,0.0,0.0
4500001635,20,,,22920.35,22920.35,0.0,0.0
4500001636,10,,,15497.36,15497.36,0.0,0.0
4500001636,20,,,2113.27,2113.27,0.0,0.0
4500001636,30,,,12831.86,12831.86,0.0,0.0
4500001637,10,,,2699.12,2699.12,0.0,0.0
4500001637,20,,,2699.12,2699.12,0.0,0.0
4500001637,30,,,557.52,557.52,0.0,0.0
4500001637,40,,,6.07,6.07,0.0,0.0
4500001637,50,,,11.27,11.27,0.0,0.0
4500001637,60,,,53.1,53.1,0.0,0.0
4500001637,70,,,53.1,53.1,0.0,0.0
4500001637,80,,,17.7,17.7,0.0,0.0
4500001637,90,,,53.1,53.1,0.0,0.0
4500001637,100,,,212.39,212.39,0.0,0.0
4500001637,110,,,120.8,120.8,0.0,0.0
4500001637,120,,,51.77,51.77,0.0,0.0
4500001637,130,,,778.76,778.76,0.0,0.0
4500001637,140,,,778.76,778.76,0.0,0.0
4500001637,150,,,53.98,53.98,0.0,0.0
4500001637,160,,,107.96,107.96,0.0,0.0
4500001637,170,,,707.96,707.96,0.0,0.0
4500001637,180,,,1415.93,1415.93,0.0,0.0
4500001637,190,,,486.73,486.73,0.0,0.0
4500001637,200,,,243.36,243.36,0.0,0.0
4500001637,210,,,76.99,76.99,0.0,0.0
4500001637,220,,,230.09,230.09,0.0,0.0
4500001637,230,,,230.09,230.09,0.0,0.0
4500001637,240,,,132.74,132.74,0.0,0.0
4500001637,250,,,132.74,132.74,0.0,0.0
4500001637,260,,,28.32,28.32,0.0,0.0
4500001637,270,,,28.32,28.32,0.0,0.0
4500001637,280,,,154.87,154.87,0.0,0.0
4500001637,290,,,309.73,309.73,0.0,0.0
4500001637,300,,,260.18,260.18,0.0,0.0
4500001637,310,,,164.78,164.78,0.0,0.0
4500001637,320,,,2168.14,2168.14,0.0,0.0
4500001637,330,,,433.63,433.63,0.0,0.0
4500001637,340,,,76.99,76.99,0.0,0.0
4500001637,350,,,51.33,51.33,0.0,0.0
4500001637,360,,,265.49,265.49,0.0,0.0
4500001637,370,,,132.74,132.74,0.0,0.0
4500001637,380,,,205.31,205.31,0.0,0.0
4500001637,390,,,148.67,148.67,0.0,0.0
4500001638,10,,,11823.01,11823.01,0.0,0.0
4500001638,20,,,9106.19,9106.19,0.0,0.0
4500001638,30,,,6070.8,6070.8,0.0,0.0
4500001639,10,,,8849.56,8849.56,0.0,0.0
4500001639,20,,,15929.2,15929.2,0.0,0.0
4500001640,10,,,432.0,420.0,0.0,0.0
4500001640,20,,,480.0,450.0,0.0,0.0
4500001640,30,,,451.2,451.2,0.0,0.0
4500001640,40,,,54.96,54.96,0.0,0.0
4500001641,10,,,368.41,368.41,0.0,0.0
4500001642,30,,,353.98,353.98,0.0,0.0
4500001642,60,,,410.62,410.62,0.0,0.0
4500001642,70,,,3152.65,3152.65,0.0,0.0
4500001642,90,,,489.84,489.84,0.0,0.0
4500001642,170,,,302.65,302.65,0.0,0.0
4500001642,180,,,358.78,358.78,0.0,0.0
4500001642,200,,,292.04,292.04,0.0,0.0
4500001642,210,,,575.22,575.23,0.0,0.0
4500001642,610,,,1128.32,1128.32,0.0,0.0
4500001642,630,,,2771.68,2771.68,0.0,0.0
4500001642,640,,,230.97,230.97,0.0,0.0
4500001642,660,,,230.97,230.97,0.0,0.0
4500001642,670,,,4465.49,4465.49,0.0,0.0
4500001642,700,,,1588.94,1588.94,0.0,0.0
4500001642,710,,,222.69,222.69,0.0,0.0
4500001642,740,,,2511.45,2511.45,0.0,0.0
4500001642,800,,,979.68,979.68,0.0,0.0
4500001642,810,,,1098.83,1098.83,0.0,0.0
4500001642,830,,,1403.33,1403.33,0.0,0.0
4500001642,840,,,58.41,58.41,0.0,0.0
4500001642,850,,,817.7,817.7,0.0,0.0
4500001642,860,,,3504.42,3504.42,0.0,0.0
4500001642,870,,,2628.32,2628.32,0.0,0.0
4500001642,890,,,862.83,862.83,0.0,0.0
4500001642,900,,,2628.32,2628.32,0.0,0.0
4500001642,910,,,2150.44,2150.44,0.0,0.0
4500001642,970,,,97.35,97.35,0.0,0.0
4500001642,980,,,866.37,866.37,0.0,0.0
4500001642,1000,,,1372.57,1372.57,0.0,0.0
4500001642,1010,,,584.07,584.07,0.0,0.0
4500001642,1120,,,336.28,336.28,0.0,0.0
4500001642,1130,,,1345.13,1345.15,0.0,0.0
4500001642,1150,,,2522.12,2522.12,0.0,0.0
4500001642,1190,,,8230.09,8230.09,0.0,0.0
4500001642,1220,,,1507.96,1507.96,0.0,0.0
4500001642,1230,,,615.93,615.93,0.0,0.0
4500001642,1240,,,929.2,929.21,0.0,0.0
4500001642,1250,,,929.2,929.2,0.0,0.0
4500001642,1260,,,3533.63,3533.63,0.0,0.0
4500001643,10,5000003354,20230303,36.96,36.96,0.0,0.0
4500001644,10,,,13805.31,13805.31,0.0,0.0
4500001645,90,,,366.37,366.37,0.0,0.0
4500001645,100,,,1933.81,1933.81,0.0,0.0
4500001645,130,,,248.5,248.5,0.0,0.0
4500001645,140,,,600.53,600.53,0.0,0.0
4500001645,150,,,1156.19,1156.19,0.0,0.0
4500001645,160,,,1742.92,1742.92,0.0,0.0
4500001645,170,,,3416.81,3416.81,0.0,0.0
4500001645,190,,,1318.41,1318.41,0.0,0.0
4500001645,200,,,9070.09,9070.09,0.0,0.0
4500001645,220,,,14592.21,14592.21,0.0,0.0
4500001645,230,,,8248.67,8248.67,0.0,0.0
4500001646,10,5000002943,20230228,2258.0,2258.0,0.0,0.0
4500001647,10,5000002945,20230228,1952.0,1952.0,0.0,0.0
4500001648,10,5000002946,20230228,2081.0,2081.0,0.0,0.0
4500001649,10,5000002947,20230228,2081.0,2081.0,0.0,0.0
4500001650,10,5000002948,20230228,2435.0,2435.0,0.0,0.0
4500001651,10,,,420376.0,353474.34,0.0,0.0
4500001652,10,5000002949,20230228,2081.0,2081.0,0.0,0.0
4500001653,10,5000002951,20230228,2081.0,2081.0,0.0,0.0
4500001654,10,5000002952,20230228,2329.0,2329.0,0.0,0.0
4500001655,10,5000002953,20230228,2113.0,2113.0,0.0,0.0
4500001656,10,5000002954,20230228,2185.0,2185.0,0.0,0.0
4500001657,10,5000002955,20230228,2081.0,2081.0,0.0,0.0
4500001658,10,5000002956,20230228,1952.0,1952.0,0.0,0.0
4500001659,10,5000002957,20230228,1952.0,1952.0,0.0,0.0
4500001660,10,5000002958,20230228,2081.0,2081.0,0.0,0.0
4500001662,10,,,1925.9,0.0,0.0,0.0
4500001662,20,,,2139.9,0.0,0.0,0.0
4500001662,30,,,960.2,0.0,0.0,0.0
4500001662,40,,,1680.2,0.0,0.0,0.0
4500001662,50,,,1480.0,0.0,0.0,0.0
4500001662,60,,,1560.0,0.0,0.0,0.0
4500001662,70,,,270.0,0.0,0.0,0.0
4500001662,80,,,540.0,0.0,0.0,0.0
4500001662,90,,,2502.0,2214.26,0.0,0.0
4500001662,100,,,1700.0,1504.42,0.0,0.0
4500001662,110,,,810.0,716.81,0.0,0.0
4500001662,120,,,810.0,716.81,0.0,0.0
4500001662,130,,,180.0,159.29,0.0,0.0
4500001662,140,,,260.0,230.1,0.0,0.0
4500001663,10,5000003396,20230303,1785.0,1785.0,0.0,0.0
4500001664,10,5000003343,20230303,160.0,160.0,0.0,0.0
4500001665,10,,,1247.79,1247.75,0.0,0.0
4500001665,20,,,1247.79,1247.79,0.0,0.0
4500001665,30,,,1247.79,1247.79,0.0,0.0
4500001665,40,,,1247.79,1247.79,0.0,0.0
4500001665,50,,,1247.79,1247.79,0.0,0.0
4500001665,60,,,1247.79,1247.79,0.0,0.0
4500001666,10,5000003351,20230303,21.84,21.84,0.0,0.0
4500001667,10,,,1247.79,1247.79,0.0,0.0
4500001667,20,,,1247.79,1247.79,0.0,0.0
4500001667,30,,,1247.79,1247.79,0.0,0.0
4500001667,40,,,1247.79,1247.79,0.0,0.0
4500001667,50,,,1380.53,1380.53,0.0,0.0
4500001667,60,,,1247.79,1247.79,0.0,0.0
4500001668,10,,,797.26,797.26,0.0,0.0
4500001669,10,,,1247.79,1247.79,0.0,0.0
4500001669,20,,,1380.53,1380.53,0.0,0.0
4500001669,30,,,1247.79,1247.79,0.0,0.0
4500001669,40,,,1247.79,1247.79,0.0,0.0
4500001669,50,,,1247.79,1247.79,0.0,0.0
4500001669,60,,,1247.79,1247.79,0.0,0.0
4500001670,10,,,0.0,0.0,0.0,0.0
4500001671,10,,,1380.53,1380.53,0.0,0.0
4500001671,20,,,1247.79,1247.79,0.0,0.0
4500001671,30,,,1380.53,1380.53,0.0,0.0
4500001671,40,,,1247.79,1247.79,0.0,0.0
4500001671,50,,,1247.79,1247.79,0.0,0.0
4500001672,60,,,16891.72,16891.72,0.0,0.0
4500001672,70,,,19710.05,19710.05,0.0,0.0
4500001672,80,,,18355.7,18355.7,0.0,0.0
4500001672,90,,,39069.48,39069.48,0.0,0.0
4500001672,100,,,27397.83,27397.82,0.0,0.0
4500001672,110,,,88407.08,88407.08,0.0,0.0
4500001674,10,,,1130.97,1130.97,0.0,0.0
4500001674,20,,,4275.08,4275.08,0.0,0.0
4500001674,30,,,5575.7,5575.7,0.0,0.0
4500001674,40,,,327.98,327.98,0.0,0.0
4500001675,10,,,6488.94,6488.94,0.0,0.0
4500001677,10,5000003107,20230228,235732.32,235732.32,0.0,0.0
4500001678,10,,,322123.89,322123.87,0.0,0.0
4500001678,20,,,217699.12,217699.12,0.0,0.0
4500001679,10,,,28530.97,28530.99,0.0,0.0
4500001679,20,,,83752.21,83752.24,0.0,0.0
4500001680,10,,,147469.03,147469.02,0.0,0.0
4500001680,20,,,283177.35,283177.35,0.0,0.0
4500001680,30,,,28317.73,33311.78,0.0,0.0
4500001680,40,,,208198.67,208198.67,0.0,0.0
4500001680,50,,,41639.73,35397.17,0.0,0.0
4500001680,60,,,7079.43,8327.95,0.0,0.0
4500001681,40,,,34524.11,34524.11,0.0,0.0
4500001681,80,,,343589.38,343589.38,0.0,0.0
4500001681,90,,,93706.19,93706.22,0.0,0.0
4500001682,10,,,1539.4,0.0,0.0,0.0
4500001683,10,5000002944,20230228,211.5,211.5,0.0,0.0
4500001684,10,5000002942,20230228,4756.0,4756.0,0.0,0.0
4500001684,20,5000002942,20230228,0.04,0.0,0.0,0.0
4500001684,30,5000002942,20230228,1500.0,1500.0,0.0,0.0
4500001685,10,5000002941,20230228,4680.0,4680.0,0.0,0.0
4500001686,10,5000003387,20230303,785.4,785.4,0.0,0.0
4500001686,20,5000003387,20230303,785.4,785.4,0.0,0.0
4500001686,30,5000003387,20230303,2100.0,2100.0,0.0,0.0
4500001687,10,5000002983,20230228,1800.0,1800.0,0.0,0.0
4500001688,10,5000002868,20230228,495709.89,495709.88,0.0,0.0
4500001689,10,5000002869,20230228,180679.3,180679.3,0.0,0.0
4500001690,10,5000002871,20230228,180679.3,180679.3,0.0,0.0
4500001691,370,,,707.96,707.96,0.0,0.0
4500001692,10,,,520.78,520.78,0.0,0.0
4500001693,10,,,10619.47,10619.47,0.0,0.0
4500001694,10,5000003286,20230303,1800.0,1800.0,0.0,0.0
4500001695,10,5000005436,20230324,2613.0,2612.93,2874.22,-2874.22
4500001695,20,,,0.0,0.0,0.0,0.0
4500001695,30,5000005436,20230324,100.0,534.0,0.0,0.0
4500001696,10,5000002984,20230228,446.0,446.0,0.0,0.0
4500001697,10,,,2123.89,2123.89,0.0,0.0
4500001698,10,5000006105,20230330,3900.0,3900.0,0.0,0.0
4500001698,20,5000006105,20230330,218.94,218.94,0.0,0.0
4500001699,10,,,2265.49,2265.49,0.0,0.0
4500001699,20,,,2654.87,2654.87,0.0,0.0
4500001699,30,,,2654.87,2654.87,0.0,0.0
4500001701,10,,,0.0,0.0,0.0,0.0
4500001702,10,5000003322,20230303,1952.0,1952.0,0.0,0.0
4500001703,10,5000003324,20230303,1952.0,1952.0,0.0,0.0
4500001704,10,5000003325,20230303,1952.0,1952.0,0.0,0.0
4500001705,10,5000003333,20230303,2009.0,2009.0,0.0,0.0
4500001706,10,,,1911.5,1911.5,0.0,0.0
4500001706,20,,,480.2,480.2,0.0,0.0
4500001706,30,,,460.18,460.18,0.0,0.0
4500001707,10,5000003334,20230303,2009.0,2009.0,0.0,0.0
4500001708,10,5000003337,20230303,1952.0,1952.0,0.0,0.0
4500001709,10,5000003338,20230303,1952.0,1952.0,0.0,0.0
4500001710,10,5000003362,20230303,2081.0,2081.0,0.0,0.0
4500001711,30,5000002975,20230228,919469.03,726771.68,0.0,0.0
4500001712,10,5000003340,20230303,2081.0,2081.0,0.0,0.0
4500001713,10,5000003342,20230303,2081.0,2081.0,0.0,0.0
4500001714,10,5000003344,20230303,1952.0,1952.0,0.0,0.0
4500001715,10,5000003346,20230303,2185.0,2185.0,0.0,0.0
4500001716,10,5000003386,20230303,2205.0,2205.0,0.0,0.0
4500001716,20,5000003386,20230303,6.0,6.0,0.0,0.0
4500001717,10,5000003347,20230303,2154.0,2154.0,0.0,0.0
4500001718,10,5000003355,20230303,2185.0,2185.0,0.0,0.0
4500001719,10,,,215676.99,206827.43,0.0,0.0
4500001720,10,5000003356,20230303,2185.0,2185.0,0.0,0.0
4500001721,10,5000003357,20230303,2154.0,2154.0,0.0,0.0
4500001722,10,5000003358,20230303,2056.0,2056.0,0.0,0.0
4500001723,10,5000003359,20230303,2082.0,2082.0,0.0,0.0
4500001724,10,5000003360,20230303,2113.0,2113.0,0.0,0.0
4500001725,10,5000003361,20230303,2056.0,2056.0,0.0,0.0
4500001726,10,5000003363,20230303,200.0,200.0,0.0,0.0
4500001726,20,5000003363,20230303,50.0,50.0,0.0,0.0
4500001727,10,5000003364,20230303,30420.0,780.0,0.0,0.0
4500001728,10,,,61.95,61.95,0.0,0.0
4500001729,10,5000003305,20230303,85.0,85.0,0.0,0.0
4500001729,20,5000003305,20230303,100.0,100.0,0.0,0.0
4500001729,30,5000003305,20230303,85.0,85.0,0.0,0.0
4500001729,40,5000003305,20230303,85.0,85.0,0.0,0.0
4500001730,10,5000003542,20230306,350.0,700.0,0.0,0.0
4500001730,20,5000003542,20230306,350.0,700.0,0.0,0.0
4500001730,30,5000003542,20230306,350.0,700.0,0.0,0.0
4500001730,40,5000003542,20230306,350.0,700.0,0.0,0.0
4500001730,50,5000003542,20230306,350.0,700.0,0.0,0.0
4500001730,60,5000003542,20230306,350.0,700.0,0.0,0.0
4500001730,70,5000003542,20230306,350.0,700.0,0.0,0.0
4500001730,80,5000003542,20230306,350.0,700.0,0.0,0.0
4500001730,90,5000003542,20230306,350.0,700.0,0.0,0.0
4500001730,100,5000003542,20230306,350.0,700.0,0.0,0.0
4500001731,10,,,12035.4,12035.4,0.0,0.0
4500001731,20,,,12938.05,12938.05,0.0,0.0
4500001732,10,,,158654.87,158654.87,0.0,0.0
4500001733,10,5000003006,20230228,232026.55,232026.55,0.0,0.0
4500001734,10,,,6265.22,0.0,0.0,0.0
4500001735,10,,,756.64,0.0,0.0,0.0
4500001736,10,,,1314.16,1314.16,0.0,0.0
4500001737,10,,,8254.87,8254.87,0.0,0.0
4500001737,20,,,10506.19,10506.19,0.0,0.0
4500001738,10,5000003059,20230228,361000.0,319469.03,0.0,0.0
4500001739,10,,,4212.39,4212.39,0.0,0.0
4500001739,20,,,3159.29,3159.29,0.0,0.0
4500001740,10,5000003071,20230228,514439.54,514439.54,0.0,0.0
4500001740,20,5000003068,20230228,502024.63,502024.63,0.0,0.0
4500001740,30,5000003071,20230228,507728.28,507728.28,0.0,0.0
4500001740,40,5000003068,20230228,757141.26,757141.26,0.0,0.0
4500001740,50,5000003068,20230228,759389.35,759389.35,0.0,0.0
4500001740,60,5000003068,20230228,551630.82,551630.82,0.0,0.0
4500001740,70,5000003068,20230228,502001.75,502001.75,0.0,0.0
4500001740,80,5000003068,20230228,589279.84,589279.84,0.0,0.0
4500001740,90,5000003068,20230228,610548.95,610548.95,0.0,0.0
4500001740,100,5000003071,20230228,505837.3,505837.3,0.0,0.0
4500001740,110,5000003068,20230228,502183.3,502183.3,0.0,0.0
4500001740,120,5000003068,20230228,610292.76,610292.76,0.0,0.0
4500001740,130,5000003068,20230228,605970.08,605970.08,0.0,0.0
4500001740,140,5000003068,20230228,595703.84,595703.84,0.0,0.0
4500001741,10,5000005194,20230321,4470.0,4470.0,0.0,0.0
4500001741,20,5000005194,20230321,250.94,250.94,0.0,0.0
4500001741,30,5000005462,20230324,4470.0,4470.0,0.0,0.0
4500001741,40,5000005462,20230324,250.94,250.94,0.0,0.0
4500001741,50,5000006503,20230403,4470.0,4470.0,0.0,0.0
4500001741,60,5000006503,20230403,250.94,250.94,0.0,0.0
4500001741,70,5000003962,20230309,4470.0,4470.0,0.0,0.0
4500001741,80,5000003962,20230309,250.94,250.94,0.0,0.0
4500001741,90,5000007720,20230418,4470.0,4470.0,0.0,0.0
4500001741,100,5000007720,20230418,250.94,250.94,0.0,0.0
4500001742,10,5000003946,20230309,1200.0,1200.0,0.0,0.0
4500001742,20,5000003946,20230309,67.37,67.37,0.0,0.0
4500001743,10,5000003949,20230309,1450.0,1450.0,0.0,0.0
4500001743,20,5000003949,20230309,81.4,81.4,0.0,0.0
4500001743,30,5000003949,20230309,1450.0,1450.0,0.0,0.0
4500001743,40,5000003949,20230309,81.4,81.4,0.0,0.0
4500001743,50,5000003949,20230309,1450.0,1450.0,0.0,0.0
4500001743,60,5000003949,20230309,81.4,81.4,0.0,0.0
4500001743,70,5000003949,20230309,1450.0,1450.0,0.0,0.0
4500001743,80,5000003949,20230309,81.4,81.4,0.0,0.0
4500001744,10,,,57522.12,57522.12,0.0,0.0
4500001745,10,5000006511,20230403,2750.0,2750.0,0.0,0.0
4500001745,20,5000006511,20230403,154.38,154.38,0.0,0.0
4500001746,10,,,566.37,566.37,0.0,0.0
4500001747,10,,,63918.14,63918.14,0.0,0.0
4500001747,20,,,1108.41,1108.41,0.0,0.0
4500001748,10,,,11893.81,11893.8,0.0,0.0
4500001748,20,,,353.98,353.98,0.0,0.0
4500001748,30,,,663.72,663.72,0.0,0.0
4500001748,40,,,132.74,132.74,0.0,0.0
4500001748,50,,,159.29,159.29,0.0,0.0
4500001748,60,,,34.34,34.34,0.0,0.0
4500001749,10,5000003950,20230309,1100.0,1100.0,0.0,0.0
4500001749,20,5000003950,20230309,61.75,61.75,0.0,0.0
4500001750,10,,,0.0,0.0,0.0,0.0
4500001750,20,,,0.0,0.0,0.0,0.0
4500001751,10,,,15690.27,15690.27,0.0,0.0
4500001751,20,,,67730.97,67730.97,0.0,0.0
4500001751,30,,,18525.66,18525.66,0.0,0.0
4500001752,10,,,8562.88,8562.87,0.0,0.0
4500001752,30,,,964.78,964.78,0.0,0.0
4500001752,40,,,2139.29,2139.29,0.0,0.0
4500001752,50,,,671.15,671.15,0.0,0.0
4500001752,70,,,33524.73,33524.73,0.0,0.0
4500001752,80,,,62046.27,62046.27,0.0,0.0
4500001752,90,,,139264.35,139264.35,0.0,0.0
4500001752,150,,,145185.84,145185.84,0.0,0.0
4500001752,160,,,58074.34,58074.33,0.0,0.0
4500001752,170,,,102990.27,102990.27,0.0,0.0
4500001753,10,5000009161,20230501,9000.0,9000.0,0.0,0.0
4500001753,20,5000009161,20230501,100.0,100.0,0.0,0.0
4500001755,10,,,2123.89,2123.89,0.0,0.0
4500001755,20,,,3185.84,3185.84,0.0,0.0
4500001755,30,,,4380.53,4380.53,0.0,0.0
4500001755,40,,,2920.35,2920.35,0.0,0.0
4500001755,50,,,3982.3,3982.3,0.0,0.0
4500001755,60,,,2654.87,2654.87,0.0,0.0
4500001756,10,5000005251,20230322,785.4,785.4,0.0,0.0
4500001756,20,5000005251,20230322,35.0,35.0,0.0,0.0
4500001757,10,5000003153,20230302,2250.0,2250.0,0.0,0.0
4500001758,10,5000003088,20230215,1458.41,1458.41,0.0,0.0
4500001759,10,5000003306,20230303,3450.0,3450.0,0.0,0.0
4500001760,10,,,174.44,174.41,0.0,0.0
4500001760,20,,,305.27,305.92,0.0,0.0
4500001760,30,,,436.11,430.0,0.0,0.0
4500001761,20,,,73324.78,73324.77,0.0,0.0
4500001761,30,,,25663.67,25663.67,0.0,0.0
4500001761,40,,,28740.02,28740.02,0.0,0.0
4500001761,50,,,22250.34,22250.34,0.0,0.0
4500001761,60,,,5967.15,5967.15,0.0,0.0
4500001761,70,,,20139.13,20139.13,0.0,0.0
4500001761,80,,,12326.15,12326.15,0.0,0.0
4500001761,90,,,13476.51,13476.51,0.0,0.0
4500001761,100,,,4664.95,4664.95,0.0,0.0
4500001761,150,,,24981.24,24981.24,0.0,0.0
4500001761,160,,,8318.58,8318.58,0.0,0.0
4500001763,10,5000003818,20230309,151.6,151.6,0.0,0.0
4500001763,20,5000003818,20230309,309.6,309.6,0.0,0.0
4500001763,30,5000003818,20230309,582.0,582.0,0.0,0.0
4500001763,40,5000003818,20230309,832.8,832.8,0.0,0.0
4500001763,50,5000003818,20230309,462.0,462.0,0.0,0.0
4500001763,60,5000003818,20230309,621.0,621.0,0.0,0.0
4500001763,70,5000003818,20230309,170.0,175.0,0.0,0.0
4500001763,80,5000003818,20230309,1732.8,1732.8,0.0,0.0
4500001763,90,5000003818,20230309,327.2,327.2,0.0,0.0
4500001763,100,5000003818,20230309,371.2,564.0,0.0,0.0
4500001763,110,5000003818,20230309,131.2,131.2,0.0,0.0
4500001763,120,5000003818,20230309,352.0,352.0,0.0,0.0
4500001763,130,5000003818,20230309,279.5,279.5,0.0,0.0
4500001763,140,5000003818,20230309,282.0,282.0,0.0,0.0
4500001763,150,5000003819,20230309,1781.6,1781.6,0.0,0.0
4500001763,160,5000003818,20230309,809.48,809.48,0.0,0.0
4500001763,170,5000003818,20230309,59.4,59.43,0.0,0.0
4500001763,180,5000003818,20230309,65.6,65.6,0.0,0.0
4500001763,190,5000003818,20230309,1700.0,1982.41,0.0,0.0
4500001763,200,5000003818,20230309,335.0,332.5,0.0,0.0
4500001763,210,5000003818,20230309,415.0,415.6,0.0,0.0
4500001763,220,5000003818,20230309,352.0,352.0,0.0,0.0
4500001763,230,5000003818,20230309,20.0,330.0,0.0,0.0
4500001765,10,5000065371,20240726,1926.6,1926.67,2119.34,-2119.34
4500001766,10,5000004465,20230315,3900.0,3900.0,0.0,0.0
4500001766,20,5000004465,20230315,218.94,218.94,0.0,0.0
4500001767,10,5000003728,20230308,1450.0,1450.0,0.0,0.0
4500001767,20,5000003728,20230308,81.4,81.4,0.0,0.0
4500001768,10,5000003730,20230308,1100.0,1100.0,0.0,0.0
4500001768,20,5000003730,20230308,61.75,61.75,0.0,0.0
4500001769,10,5000003307,20230303,444.29,444.29,0.0,0.0
4500001770,10,5000003308,20230303,247.5,247.5,0.0,0.0
4500001771,10,5000004101,20230310,2390.0,2390.0,0.0,0.0
4500001772,10,5000007995,20230420,333.6,333.6,0.0,0.0
4500001773,10,,,672.57,672.57,0.0,0.0
4500001773,20,,,74.34,74.34,0.0,0.0
4500001774,10,5000003207,20230302,198.65,198.65,0.0,0.0
4500001774,20,5000003207,20230302,198.65,198.65,0.0,0.0
4500001774,30,5000003207,20230302,148.99,148.99,0.0,0.0
4500001774,40,5000003207,20230302,24.84,24.84,0.0,0.0
4500001774,50,5000003207,20230302,297.98,297.98,0.0,0.0
4500001774,60,5000003207,20230302,24.84,24.84,0.0,0.0
4500001774,70,5000003207,20230302,511.35,511.35,0.0,0.0
4500001774,80,5000003207,20230302,511.35,511.35,0.0,0.0
4500001774,90,5000003207,20230302,716.09,716.09,0.0,0.0
4500001774,100,5000003207,20230302,605.85,605.85,0.0,0.0
4500001774,110,5000003207,20230302,579.6,579.6,0.0,0.0
4500001774,120,5000003207,20230302,100.0,100.0,0.0,0.0
4500001774,130,5000003207,20230302,36.58,36.59,0.0,0.0
4500001774,140,5000003207,20230302,36.59,36.59,0.0,0.0
4500001774,150,5000003207,20230302,26.59,36.59,0.0,0.0
4500001774,160,5000003207,20230302,36.59,36.59,0.0,0.0
4500001774,170,5000003207,20230302,36.59,36.59,0.0,0.0
4500001776,10,,,876.11,876.11,0.0,0.0
4500001777,10,5000003193,20230213,206814.16,206814.16,0.0,0.0
4500001778,10,,,1946.9,1946.9,0.0,0.0
4500001778,20,,,12743.36,12743.36,0.0,0.0
4500001779,10,,,530.97,530.97,0.0,0.0
4500001779,20,,,530.97,530.97,0.0,0.0
4500001779,30,,,530.97,530.97,0.0,0.0
4500001780,10,5000008007,20230420,180.0,180.0,0.0,0.0
4500001781,260,,,176.99,176.99,0.0,0.0
4500001782,10,,,696615.93,440732.74,0.0,0.0
4500001782,20,,,1362212.39,1103429.22,0.0,0.0
4500001783,10,5000003236,20230228,202831.86,202831.85,0.0,0.0
4500001784,10,5000003234,20230228,319469.03,319469.03,0.0,0.0
4500001785,10,5000003299,20230303,85.0,85.0,0.0,0.0
4500001786,10,5000003298,20230303,85.0,85.0,0.0,0.0
4500001787,10,5000003235,20230228,319469.03,319469.03,0.0,0.0
4500001788,10,5000003211,20230212,300619.47,162369.91,0.0,0.0
4500001790,10,5000003297,20230303,99.33,99.33,0.0,0.0
4500001790,20,5000003297,20230303,148.99,148.99,0.0,0.0
4500001790,30,5000003297,20230303,49.66,49.66,0.0,0.0
4500001790,40,5000003297,20230303,99.33,99.33,0.0,0.0
4500001790,50,5000003297,20230303,148.99,148.99,0.0,0.0
4500001790,60,5000003297,20230303,148.99,148.99,0.0,0.0
4500001790,70,5000003297,20230303,49.66,49.66,0.0,0.0
4500001790,80,5000003297,20230303,99.33,99.33,0.0,0.0
4500001790,90,5000003297,20230303,511.35,511.35,0.0,0.0
4500001790,100,5000003297,20230303,511.35,511.35,0.0,0.0
4500001790,110,5000003297,20230303,548.1,548.1,0.0,0.0
4500001790,120,5000003297,20230303,511.35,511.35,0.0,0.0
4500001790,130,5000003297,20230303,521.85,521.85,0.0,0.0
4500001790,140,5000003297,20230303,563.85,563.85,0.0,0.0
4500001790,150,5000003297,20230303,511.35,511.35,0.0,0.0
4500001790,160,5000003297,20230303,36.59,36.59,0.0,0.0
4500001790,170,5000003297,20230303,36.59,36.59,0.0,0.0
4500001790,180,5000003297,20230303,36.59,36.59,0.0,0.0
4500001790,190,5000003297,20230303,36.59,36.59,0.0,0.0
4500001790,200,5000005468,20230324,563.85,563.85,0.0,0.0
4500001791,10,5000003243,20230228,222200.0,122389.38,0.0,0.0
4500001792,10,,,14.51,14.51,0.0,0.0
4500001793,10,5000003244,20230228,196637.17,157699.12,0.0,0.0
4500001794,10,5000003245,20230228,196637.17,157699.12,0.0,0.0
4500001795,10,5000003239,20230228,235840.71,235840.71,0.0,0.0
4500001796,10,5000003240,20230228,235840.71,235840.71,0.0,0.0
4500001797,10,5000003241,20230228,235840.71,235840.71,0.0,0.0
4500001798,10,,,8141.59,8141.59,0.0,0.0
4500001799,10,,,610.62,610.62,0.0,0.0
4500001800,10,5000010166,20230516,4470.0,4470.0,0.0,0.0
4500001800,20,5000010166,20230516,250.94,250.94,0.0,0.0
4500001801,10,5000006139,20230330,3900.0,3900.0,0.0,0.0
4500001801,20,5000006139,20230330,218.94,218.94,0.0,0.0
4500001802,10,5000003302,20230303,3929.55,3929.55,0.0,0.0
4500001803,10,,,310.53,310.53,0.0,0.0
4500001803,20,,,154.78,154.78,0.0,0.0
4500001804,10,,,7584.07,7584.07,0.0,0.0
4500001804,20,,,7584.07,7584.07,0.0,0.0
4500001804,30,,,5654.87,5654.87,0.0,0.0
4500001804,40,,,5654.87,5654.87,0.0,0.0
4500001805,10,5000003654,20230307,375.0,375.0,0.0,0.0
4500001806,10,,,557.52,557.52,0.0,0.0
4500001807,10,,,27045.48,27045.48,0.0,0.0
4500001807,20,,,25593.96,25593.96,0.0,0.0
4500001807,30,,,23588.77,23588.77,0.0,0.0
4500001807,40,,,35270.87,35270.87,0.0,0.0
4500001807,50,,,31596.01,31596.01,0.0,0.0
4500001807,60,,,27658.85,27658.85,0.0,0.0
4500001807,70,,,24534.77,24534.77,0.0,0.0
4500001807,80,,,25232.23,25232.23,0.0,0.0
4500001807,90,,,30571.99,30571.99,0.0,0.0
4500001807,100,,,29547.65,29547.65,0.0,0.0
4500001807,110,,,30632.91,30632.91,0.0,0.0
4500001807,120,,,33254.33,33254.33,0.0,0.0
4500001807,130,,,31356.11,31356.11,0.0,0.0
4500001807,140,,,23385.95,23385.95,0.0,0.0
4500001807,150,,,27508.73,27508.73,0.0,0.0
4500001807,160,,,31939.42,31939.42,0.0,0.0
4500001807,170,,,37479.8,37479.8,0.0,0.0
4500001807,180,,,34510.5,34510.5,0.0,0.0
4500001808,10,5000006099,20230330,4470.0,4470.0,0.0,0.0
4500001808,20,5000006099,20230330,250.94,250.94,0.0,0.0
4500001808,30,5000007721,20230418,4470.0,4470.0,0.0,0.0
4500001808,40,5000007721,20230418,250.94,250.94,0.0,0.0
4500001809,10,5000003578,20230306,33600.0,800.0,0.0,0.0
4500001810,10,5000003590,20230306,18183.0,18183.0,0.0,0.0
4500001810,20,5000003590,20230306,59.41,59.41,0.0,0.0
4500001810,30,5000003590,20230306,59.56,59.56,0.0,0.0
4500001811,10,,,31276.93,31276.93,0.0,0.0
4500001811,20,,,31577.38,31577.38,0.0,0.0
4500001811,30,,,31310.23,31310.23,0.0,0.0
4500001811,40,,,31241.64,31241.64,0.0,0.0
4500001811,50,,,29940.23,29940.23,0.0,0.0
4500001811,60,,,32771.2,32771.2,0.0,0.0
4500001811,70,,,32771.2,32771.2,0.0,0.0
4500001811,80,,,32771.2,32771.2,0.0,0.0
4500001811,90,,,32771.2,32771.2,0.0,0.0
4500001811,100,,,34260.45,34260.45,0.0,0.0
4500001811,110,,,32771.2,32771.2,0.0,0.0
4500001811,120,,,32064.35,32064.35,0.0,0.0
4500001811,130,,,31056.02,31056.02,0.0,0.0
4500001811,140,,,29139.29,29139.29,0.0,0.0
4500001811,150,,,35270.87,35270.87,0.0,0.0
4500001812,10,,,32286.41,32286.41,0.0,0.0
4500001812,20,,,33865.92,33865.92,0.0,0.0
4500001812,30,,,35785.76,35785.76,0.0,0.0
4500001812,40,,,34920.21,34920.21,0.0,0.0
4500001812,50,,,32448.15,32448.15,0.0,0.0
4500001812,60,,,29171.45,29171.45,0.0,0.0
4500001812,70,,,30008.87,30008.87,0.0,0.0
4500001812,80,,,30674.85,30674.85,0.0,0.0
4500001812,90,,,30502.77,30502.77,0.0,0.0
4500001812,100,,,35457.15,35457.15,0.0,0.0
4500001812,110,,,48353.11,48353.11,0.0,0.0
4500001812,120,,,25280.64,25280.64,0.0,0.0
4500001812,130,,,26388.86,26388.86,0.0,0.0
4500001813,20,,,1189.38,1189.38,0.0,0.0
4500001815,10,5000004439,20230315,18000.0,18000.0,0.0,0.0
4500001816,10,,,4469.02,4469.02,0.0,0.0
4500001817,10,5000003628,20230228,30199.1,30199.12,0.0,0.0
4500001818,10,5000003454,20230303,1103429.16,1103429.22,0.0,0.0
4500001819,10,5000003456,20230215,6702.11,5931.07,0.0,0.0
4500001820,10,,,37168.14,37168.14,0.0,0.0
4500001821,10,,,6814.16,6814.16,0.0,0.0
4500001822,10,,,11150.44,11150.44,0.0,0.0
4500001822,20,,,5575.22,5575.22,0.0,0.0
4500001822,30,,,5464.6,5464.6,0.0,0.0
4500001822,40,,,5464.6,5464.6,0.0,0.0
4500001823,10,,,495.58,495.55,0.0,0.0
4500001823,20,,,637.17,637.17,0.0,0.0
4500001823,30,,,21907.08,21907.08,0.0,0.0
4500001823,40,,,21907.08,21907.08,0.0,0.0
4500001823,50,,,558.41,558.41,0.0,0.0
4500001823,60,,,5584.07,5584.07,0.0,0.0
4500001823,70,,,10163.01,10163.01,0.0,0.0
4500001823,80,,,446.73,446.73,0.0,0.0
4500001823,90,,,429.56,429.56,0.0,0.0
4500001823,100,,,644.34,644.34,0.0,0.0
4500001823,110,,,3436.46,3436.46,0.0,0.0
4500001823,120,,,3436.46,3436.46,0.0,0.0
4500001823,130,,,644.34,644.34,0.0,0.0
4500001824,10,,,1061.95,1061.94,0.0,0.0
4500001824,20,,,1061.95,1061.95,0.0,0.0
4500001825,10,,,42706.19,42706.19,0.0,0.0
4500001825,20,,,48807.08,48807.08,0.0,0.0
4500001826,10,,,3663.72,3663.72,0.0,0.0
4500001827,10,,,6371.68,6371.68,0.0,0.0
4500001828,10,,,29557.52,29557.52,0.0,0.0
4500001828,20,,,6070.8,6070.8,0.0,0.0
4500001828,30,,,6070.8,6070.8,0.0,0.0
4500001829,10,,,4748.89,4748.89,0.0,0.0
4500001829,20,,,9497.79,9497.79,0.0,0.0
4500001830,10,,,4656.64,4656.63,0.0,0.0
4500001830,20,,,18626.55,18626.55,0.0,0.0
4500001830,30,,,18020.35,18020.35,0.0,0.0
4500001831,10,,,15398.23,15398.23,0.0,0.0
4500001831,20,,,10265.49,10265.49,0.0,0.0
4500001832,10,,,90.87,90.87,0.0,0.0
4500001832,20,,,176.39,176.39,0.0,0.0
4500001832,30,,,2017.7,2017.7,0.0,0.0
4500001832,40,,,22.12,22.12,0.0,0.0
4500001832,50,,,78.35,78.35,0.0,0.0
4500001832,60,,,257.93,257.93,0.0,0.0
4500001832,70,,,509.73,509.73,0.0,0.0
4500001832,80,,,286.73,286.73,0.0,0.0
4500001832,90,,,1548.67,1548.67,0.0,0.0
4500001832,100,,,774.34,774.34,0.0,0.0
4500001832,110,,,9.29,9.29,0.0,0.0
4500001832,120,,,9.29,9.29,0.0,0.0
4500001832,130,,,2625.66,2625.66,0.0,0.0
4500001832,140,,,799.12,799.12,0.0,0.0
4500001832,150,,,623.89,623.89,0.0,0.0
4500001832,160,,,207.96,207.96,0.0,0.0
4500001832,170,,,99.82,99.82,0.0,0.0
4500001832,180,,,99.82,99.82,0.0,0.0
4500001832,190,,,6.94,6.94,0.0,0.0
4500001832,200,,,10.41,10.41,0.0,0.0
4500001832,220,,,626.55,626.55,0.0,0.0
4500001832,230,,,1461.95,1461.95,0.0,0.0
4500001832,240,,,26.55,26.55,0.0,0.0
4500001832,250,,,17.26,17.26,0.0,0.0
4500001832,260,,,51.77,51.77,0.0,0.0
4500001832,270,,,389.38,389.38,0.0,0.0
4500001832,280,,,53.98,53.98,0.0,0.0
4500001832,290,,,1769.91,1769.91,0.0,0.0
4500001832,300,,,1150.44,1150.44,0.0,0.0
4500001832,310,,,575.22,575.22,0.0,0.0
4500001832,320,,,84.41,84.41,0.0,0.0
4500001832,330,,,12.21,12.21,0.0,0.0
4500001832,340,,,109.91,109.91,0.0,0.0
4500001832,350,,,115.04,115.04,0.0,0.0
4500001832,360,,,53.1,53.1,0.0,0.0
4500001832,370,,,70.8,70.8,0.0,0.0
4500001832,380,,,70.8,70.8,0.0,0.0
4500001832,390,,,14.16,14.16,0.0,0.0
4500001832,400,,,201.33,201.33,0.0,0.0
4500001832,410,,,86.28,86.28,0.0,0.0
4500001832,420,,,2300.88,2300.88,0.0,0.0
4500001832,430,,,1150.44,1150.44,0.0,0.0
4500001832,440,,,867.26,867.26,0.0,0.0
4500001832,450,,,433.63,433.63,0.0,0.0
4500001832,460,,,52.21,52.21,0.0,0.0
4500001832,470,,,104.42,104.42,0.0,0.0
4500001832,480,,,221.24,221.24,0.0,0.0
4500001832,490,,,12.83,12.83,0.0,0.0
4500001832,500,,,26.55,26.55,0.0,0.0
4500001832,510,,,141.59,141.59,0.0,0.0
4500001832,520,,,988.05,988.05,0.0,0.0
4500001832,530,,,423.45,423.45,0.0,0.0
4500001832,540,,,191.15,191.15,0.0,0.0
4500001832,550,,,47.79,47.79,0.0,0.0
4500001833,20,,,6263.8,6264.77,0.0,0.0
4500001833,30,,,533.31,533.31,0.0,0.0
4500001833,80,,,430.97,398.0,0.0,0.0
4500001833,90,,,150.84,139.3,0.0,0.0
4500001833,100,,,517.17,517.17,0.0,0.0
4500001833,110,,,193.94,179.2,0.0,0.0
4500001834,10,,,42345.13,42345.13,0.0,0.0
4500001835,10,,,22920.35,22920.36,0.0,0.0
4500001836,10,,,8805.31,8805.31,0.0,0.0
4500001836,20,,,8805.31,8805.31,0.0,0.0
4500001836,30,,,12831.86,12831.86,0.0,0.0
4500001837,10,,,955.75,955.74,0.0,0.0
4500001837,20,,,238.94,238.94,0.0,0.0
4500001837,30,,,5044.25,5044.25,0.0,0.0
4500001838,10,,,1327.43,1327.43,0.0,0.0
4500001838,20,,,8250.0,8250.0,0.0,0.0
4500001838,30,,,1327.43,1327.43,0.0,0.0
4500001838,40,,,26548.67,26548.67,0.0,0.0
4500001839,50,,,0.0,0.0,0.0,0.0
4500001839,60,,,0.0,0.0,0.0,0.0
4500001839,70,,,0.0,0.0,0.0,0.0
4500001840,10,,,1238.94,1238.94,0.0,0.0
4500001840,20,,,4690.27,4690.27,0.0,0.0
4500001840,30,,,1172.57,1172.57,0.0,0.0
4500001840,40,,,1053.1,1053.1,0.0,0.0
4500001840,50,,,353.98,353.98,0.0,0.0
4500001840,60,,,584.07,584.07,0.0,0.0
4500001840,70,,,442.48,442.48,0.0,0.0
4500001840,80,,,353.98,353.98,0.0,0.0
4500001840,90,,,3097.35,3097.35,0.0,0.0
4500001840,100,,,1168.14,1168.14,0.0,0.0
4500001840,110,,,486.73,486.73,0.0,0.0
4500001840,120,,,154.87,154.87,0.0,0.0
4500001841,10,5000003466,20230303,3502831.86,3248348.66,0.0,0.0
4500001842,10,,,6902.65,6902.65,0.0,0.0
4500001842,20,,,6902.65,6902.65,0.0,0.0
4500001842,30,,,8628.32,8628.32,0.0,0.0
4500001842,40,,,17256.64,17256.64,0.0,0.0
4500001843,10,5000007683,20230418,2750.0,2750.0,0.0,0.0
4500001843,20,5000007683,20230418,154.38,154.38,0.0,0.0
4500001844,10,5000003734,20230308,1200.0,1200.0,0.0,0.0
4500001844,20,5000003734,20230308,67.37,67.37,0.0,0.0
4500001845,10,5000003729,20230308,1350.0,1350.0,0.0,0.0
4500001845,20,5000003729,20230308,75.79,75.79,0.0,0.0
4500001847,10,5000005771,20230328,450.0,450.0,0.0,0.0
4500001847,20,5000005771,20230328,450.0,450.0,0.0,0.0
4500001847,30,5000005771,20230328,450.0,450.0,0.0,0.0
4500001847,40,5000005771,20230328,450.0,450.0,0.0,0.0
4500001847,50,5000005771,20230328,450.0,450.0,0.0,0.0
4500001847,60,5000005771,20230328,450.0,450.0,0.0,0.0
4500001847,70,5000005771,20230328,450.0,450.0,0.0,0.0
4500001847,80,5000005771,20230328,450.0,450.0,0.0,0.0
4500001847,90,5000005771,20230328,450.0,450.0,0.0,0.0
4500001847,100,5000005771,20230328,450.0,450.0,0.0,0.0
4500001847,110,5000005771,20230328,450.0,450.0,0.0,0.0
4500001847,120,5000005771,20230328,450.0,450.0,0.0,0.0
4500001847,130,5000005771,20230328,450.0,450.0,0.0,0.0
4500001847,140,5000005771,20230328,450.0,450.0,0.0,0.0
4500001848,10,5000003733,20230308,1200.0,1200.0,0.0,0.0
4500001848,20,5000003733,20230308,67.37,67.37,0.0,0.0
4500001849,10,,,39157.2,39157.19,0.0,0.0
4500001849,20,,,178856.25,178856.25,0.0,0.0
4500001849,30,,,67480.35,67480.35,0.0,0.0
4500001850,10,,,1975.6,1975.6,0.0,0.0
4500001850,20,,,6469.36,6469.36,0.0,0.0
4500001850,30,,,5343.29,5343.29,0.0,0.0
4500001850,40,,,2461.47,2461.47,0.0,0.0
4500001850,100,,,55397.05,55397.05,0.0,0.0
4500001850,110,,,27498.14,27498.14,0.0,0.0
4500001850,120,,,9370.05,9370.05,0.0,0.0
4500001850,140,,,73343.15,73343.15,0.0,0.0
4500001850,150,,,37278.16,37278.16,0.0,0.0
4500001851,10,,,283.19,283.19,0.0,0.0
4500001852,30,,,14939.82,14939.82,0.0,0.0
4500001852,60,,,1241.59,1241.59,0.0,0.0
4500001852,200,,,101.77,101.77,0.0,0.0
4500001852,220,,,793.81,793.81,0.0,0.0
4500001852,240,,,15326.55,15326.55,0.0,0.0
4500001853,10,,,7221.24,0.0,0.0,0.0
4500001854,10,,,35681.42,35681.42,0.0,0.0
4500001854,20,,,23433.63,23433.63,0.0,0.0
4500001854,30,,,22300.88,22300.88,0.0,0.0
4500001854,50,,,13805.31,13805.31,0.0,0.0
4500001854,60,,,20601.77,20601.77,0.0,0.0
4500001854,70,,,18194.69,18194.69,0.0,0.0
4500001854,80,,,23575.22,23575.22,0.0,0.0
4500001854,90,,,17345.13,17345.13,0.0,0.0
4500001854,100,,,33451.33,33451.33,0.0,0.0
4500001854,110,,,43230.09,43230.09,0.0,0.0
4500001854,120,,,26761.06,26761.06,0.0,0.0
4500001854,130,,,36106.19,36106.19,0.0,0.0
4500001854,140,,,31292.04,31292.04,0.0,0.0
4500001854,150,,,22938.05,22938.05,0.0,0.0
4500001854,160,,,24212.39,24212.39,0.0,0.0
4500001854,170,,,17309.73,17309.73,0.0,0.0
4500001854,180,,,13946.9,13946.9,0.0,0.0
4500001855,10,,,77.43,77.43,0.0,0.0
4500001856,10,,,32.74,32.74,0.0,0.0
4500001856,20,,,73.45,73.45,0.0,0.0
4500001856,30,,,42.48,42.48,0.0,0.0
4500001857,10,,,1380.53,1380.53,0.0,0.0
4500001857,20,,,216.81,216.81,0.0,0.0
4500001857,30,,,6106.19,6106.19,0.0,0.0
4500001857,40,,,8150.44,8150.44,0.0,0.0
4500001857,50,,,2433.63,2433.63,0.0,0.0
4500001857,60,,,1561.06,1561.06,0.0,0.0
4500001857,70,,,3504.42,3504.42,0.0,0.0
4500001858,10,,,30711.5,30711.5,0.0,0.0
4500001858,20,,,19624.78,19624.78,0.0,0.0
4500001858,30,,,14362.83,14362.83,0.0,0.0
4500001858,50,,,5600.88,5600.88,0.0,0.0
4500001858,60,,,3031.42,3031.82,0.0,0.0
4500001858,70,,,3031.42,3031.82,0.0,0.0
4500001858,80,,,6541.59,6541.89,0.0,0.0
4500001858,90,,,6541.59,6541.89,0.0,0.0
4500001859,10,,,929.2,929.2,0.0,0.0
4500001859,20,,,902.65,902.65,0.0,0.0
4500001859,50,,,477.88,477.88,0.0,0.0
4500001859,60,,,1185.84,1185.84,0.0,0.0
4500001859,70,,,119.47,119.47,0.0,0.0
4500001859,80,,,1106.19,1106.19,0.0,0.0
4500001860,10,,,9769.91,9769.91,0.0,0.0
4500001861,10,,,66.37,66.37,0.0,0.0
4500001862,10,,,1150.44,1150.44,0.0,0.0
4500001862,20,,,879.65,879.65,0.0,0.0
4500001862,30,,,439.82,439.82,0.0,0.0
4500001862,40,,,702.65,702.65,0.0,0.0
4500001863,10,,,318.58,318.58,0.0,0.0
4500001864,10,,,1238.94,0.0,0.0,0.0
4500001865,10,,,1929.2,1929.2,0.0,0.0
4500001865,20,,,415.93,415.93,0.0,0.0
4500001866,10,,,681.42,681.42,0.0,0.0
4500001866,20,,,243.36,243.36,0.0,0.0
4500001866,30,,,18.05,18.05,0.0,0.0
4500001866,40,,,7.61,7.61,0.0,0.0
4500001866,50,,,5.84,5.84,0.0,0.0
4500001867,10,,,5752.21,5752.2,0.0,0.0
4500001867,20,,,176.99,176.98,0.0,0.0
4500001868,10,5000003861,20230309,880.0,880.0,0.0,0.0
4500001869,10,5000003862,20230309,880.0,880.0,0.0,0.0
4500001870,10,5000003860,20230309,600.0,600.0,0.0,0.0
4500001871,10,5000003859,20230309,880.0,880.0,0.0,0.0
4500001872,10,,,0.0,0.0,0.0,0.0
4500001873,10,5000003856,20230309,475.36,475.36,0.0,0.0
4500001874,10,,,0.0,0.0,0.0,0.0
4500001875,10,5000003842,20230309,82.0,82.0,0.0,0.0
4500001875,20,5000003842,20230309,60.0,60.0,0.0,0.0
4500001875,30,5000003842,20230309,87.78,87.78,0.0,0.0
4500001875,40,5000003842,20230309,60.0,60.0,0.0,0.0
4500001875,50,5000003842,20230309,158.0,158.0,0.0,0.0
4500001875,60,5000003842,20230309,1265.0,1265.0,0.0,0.0
4500001875,70,5000003842,20230309,240.0,240.0,0.0,0.0
4500001875,80,5000003842,20230309,700.0,700.0,0.0,0.0
4500001876,10,5000003821,20230309,34.2,34.2,0.0,0.0
4500001876,20,5000005705,20230328,22.1,22.1,0.0,0.0
4500001876,30,5000005705,20230328,30.52,30.5,0.0,0.0
4500001876,40,5000005705,20230328,308.6,308.6,0.0,0.0
4500001876,50,5000003821,20230309,221.4,221.45,0.0,0.0
4500001876,60,5000003821,20230309,250.0,250.0,0.0,0.0
4500001876,70,5000003821,20230309,65.0,65.0,0.0,0.0
4500001877,10,5000009782,20230510,1598.5,1598.5,0.0,0.0
4500001877,20,5000010885,20230524,975.0,975.0,0.0,0.0
4500001878,10,5000006712,20230405,6010.0,6010.25,0.0,0.0
4500001878,20,5000006712,20230405,68450.0,68450.0,0.0,0.0
4500001880,10,5000003732,20230308,1450.0,1450.0,0.0,0.0
4500001880,20,5000003732,20230308,99.0,99.0,0.0,0.0
4500001881,10,5000003863,20230309,2100.0,2100.0,0.0,0.0
4500001882,10,5000003864,20230309,3260.0,3260.0,0.0,0.0
4500001883,10,5000003865,20230309,1019.0,1019.0,0.0,0.0
4500001884,10,5000003867,20230309,1133.0,1133.0,0.0,0.0
4500001885,10,5000003731,20230308,1200.0,1200.0,0.0,0.0
4500001885,20,5000003731,20230308,81.93,81.93,0.0,0.0
4500001886,30,,,169.91,169.91,0.0,0.0
4500001886,220,,,1256.64,1256.64,0.0,0.0
4500001886,510,,,343.36,343.38,0.0,0.0
4500001886,610,,,22964.6,22964.6,0.0,0.0
4500001887,10,,,4247.79,4247.79,0.0,0.0
4500001888,10,,,513.27,0.0,0.0,0.0
4500001889,10,5000003561,20230306,1103431.86,1094582.3,0.0,0.0
4500001890,10,5000003810,20230228,3097.34,3097.35,0.0,0.0
4500001891,10,5000003869,20230309,1600.0,1600.0,0.0,0.0
4500001892,10,5000005197,20230321,4470.0,4470.0,0.0,0.0
4500001892,20,5000005197,20230321,305.19,305.19,0.0,0.0
4500001893,10,,,417.7,417.7,0.0,0.0
4500001893,20,,,584.07,584.07,0.0,0.0
4500001894,10,5000003870,20230309,500.0,500.0,0.0,0.0
4500001895,10,5000003741,20230308,51.55,51.55,0.0,0.0
4500001895,20,5000003741,20230308,225.6,225.6,0.0,0.0
4500001895,30,5000003741,20230308,67.5,67.5,0.0,0.0
4500001895,40,5000003741,20230308,154.5,154.5,0.0,0.0
4500001895,50,5000003741,20230308,322.0,322.0,0.0,0.0
4500001895,60,5000003741,20230308,45.0,45.0,0.0,0.0
4500001896,10,5000003871,20230309,409.09,409.09,0.0,0.0
4500001896,20,5000003871,20230309,150.0,150.0,0.0,0.0
4500001897,10,5000003742,20230308,56.22,56.22,0.0,0.0
4500001897,20,5000003742,20230308,128.0,128.0,0.0,0.0
4500001897,30,5000003742,20230308,53.4,53.4,0.0,0.0
4500001898,10,5000003743,20230308,60.0,60.0,0.0,0.0
4500001899,10,5000003735,20230308,1200.0,1200.0,0.0,0.0
4500001899,20,5000003735,20230308,81.93,81.93,0.0,0.0
4500001900,10,5000003588,20230228,26000.0,23008.85,0.0,0.0
4500001901,10,,,4424.8,4424.78,0.0,0.0
4500001901,20,,,3964.61,3964.6,0.0,0.0
4500001901,30,,,6371.68,6371.68,0.0,0.0
4500001901,40,,,7964.62,7964.6,0.0,0.0
4500001902,10,5000003740,20230308,8595.0,8595.0,0.0,0.0
4500001902,20,5000003740,20230308,740.0,740.0,0.0,0.0
4500001902,30,5000003740,20230308,13440.0,13440.0,0.0,0.0
4500001902,40,5000003740,20230308,5490.0,5490.0,0.0,0.0
4500001903,10,5000003739,20230308,150.0,150.0,0.0,0.0
4500001904,10,5000003738,20230308,2185.0,2185.0,0.0,0.0
4500001905,10,5000003748,20230308,2185.0,2185.0,0.0,0.0
4500001906,10,5000003747,20230308,2413.0,2413.0,0.0,0.0
4500001907,10,5000003746,20230308,2329.0,2329.0,0.0,0.0
4500001908,10,5000003745,20230308,2154.0,2154.0,0.0,0.0
4500001909,10,5000003744,20230308,2154.0,2154.0,0.0,0.0
4500001910,10,5000003755,20230308,2081.0,2081.0,0.0,0.0
4500001911,10,5000003754,20230308,2258.0,2258.0,0.0,0.0
4500001912,10,5000003753,20230308,2185.0,2185.0,0.0,0.0
4500001913,10,5000003752,20230308,2185.0,2185.0,0.0,0.0
4500001914,10,5000003751,20230308,2009.0,2009.0,0.0,0.0
4500001915,10,5000003750,20230308,2009.0,2009.0,0.0,0.0
4500001916,10,5000003756,20230308,2025.0,2025.0,0.0,0.0
4500001917,10,,,576.0,576.0,0.0,0.0
4500001917,20,,,576.0,576.0,0.0,0.0
4500001917,30,,,400.0,400.0,0.0,0.0
4500001917,40,,,816.0,816.0,0.0,0.0
4500001917,50,,,240.0,240.0,0.0,0.0
4500001918,10,5000003749,20230308,36980.0,860.0,0.0,0.0
4500001919,10,,,123661.99,123661.99,0.0,0.0
4500001919,20,,,123275.18,123275.18,0.0,0.0
4500001919,30,,,61946.9,61946.9,0.0,0.0
4500001919,40,,,14017.7,14017.7,0.0,0.0
4500001919,50,,,7876.11,7876.11,0.0,0.0
4500001919,60,,,15269.92,15269.92,0.0,0.0
4500001919,70,,,14601.77,14601.77,0.0,0.0
4500001919,80,,,2883.98,2883.98,0.0,0.0
4500001919,90,,,6283.19,6283.19,0.0,0.0
4500001919,100,,,75221.24,75221.24,0.0,0.0
4500001919,110,,,9070.8,9070.8,0.0,0.0
4500001919,120,,,13274.34,13274.34,0.0,0.0
4500001920,10,,,48672.57,48672.57,0.0,0.0
4500001921,10,,,95.58,95.58,0.0,0.0
4500001921,20,,,1274.34,1274.34,0.0,0.0
4500001921,30,,,796.46,796.46,0.0,0.0
4500001921,40,,,84.07,84.07,0.0,0.0
4500001922,10,,,637.17,637.17,0.0,0.0
4500001923,10,,,0.0,0.0,0.0,0.0
4500001923,20,,,0.0,0.0,0.0,0.0
4500001924,10,,,2230.09,2230.09,0.0,0.0
4500001925,10,,,353.98,353.98,0.0,0.0
4500001925,20,,,353.98,353.98,0.0,0.0
4500001925,30,,,433.63,433.63,0.0,0.0
4500001926,10,,,3539.82,3539.82,0.0,0.0
4500001926,20,,,7522.12,7522.11,0.0,0.0
4500001926,30,,,3761.06,3761.06,0.0,0.0
4500001926,60,,,16283.19,16283.19,0.0,0.0
4500001926,70,,,4152.21,4152.21,0.0,0.0
4500001926,80,,,3539.82,3539.82,0.0,0.0
4500001926,90,,,10690.27,10690.27,0.0,0.0
4500001927,10,,,159.29,159.29,0.0,0.0
4500001928,10,,,1839.82,1839.82,0.0,0.0
4500001928,20,,,2142.48,2142.48,0.0,0.0
4500001928,30,,,525.66,525.66,0.0,0.0
4500001928,40,,,7438.94,7438.93,0.0,0.0
4500001928,50,,,1991.15,1991.15,0.0,0.0
4500001928,60,,,371.68,371.68,0.0,0.0
4500001928,70,,,278.76,278.76,0.0,0.0
4500001928,80,,,371.68,371.68,0.0,0.0
4500001928,90,,,5591.15,5591.15,0.0,0.0
4500001928,100,,,23081.42,23081.42,0.0,0.0
4500001928,110,,,47309.73,47309.73,0.0,0.0
4500001928,120,,,10035.4,10035.4,0.0,0.0
4500001929,10,,,2863.72,2863.71,0.0,0.0
4500001929,20,,,1486.73,1486.73,0.0,0.0
4500001929,30,,,13808.85,13808.85,0.0,0.0
4500001929,40,,,2159.29,2159.29,0.0,0.0
4500001930,10,,,1102927.43,1085228.32,0.0,0.0
4500001931,10,,,3799.0,3799.0,0.0,0.0
4500001931,20,,,13000.0,13000.0,0.0,0.0
4500001932,10,,,16223.89,16223.89,0.0,0.0
4500001932,20,,,4292.92,4292.92,0.0,0.0
4500001932,80,,,1130.97,1130.97,0.0,0.0
4500001932,90,,,780.53,780.53,0.0,0.0
4500001933,30,,,3440.71,3440.71,0.0,0.0
4500001933,40,,,63.72,63.72,0.0,0.0
4500001933,50,,,13882.3,13882.31,0.0,0.0
4500001933,60,,,501.77,501.77,0.0,0.0
4500001934,10,,,17330.97,17330.97,0.0,0.0
4500001934,20,,,14017.7,14017.7,0.0,0.0
4500001934,30,,,28617.7,28780.53,0.0,0.0
4500001934,40,,,6338.5,6338.5,0.0,0.0
4500001934,50,,,45730.09,45730.09,0.0,0.0
4500001934,60,,,4347.35,4347.35,0.0,0.0
4500001934,70,,,12516.81,12516.81,0.0,0.0
4500001934,80,,,2407.08,2407.08,0.0,0.0
4500001935,10,,,7699.12,7699.11,0.0,0.0
4500001936,10,,,1898.23,1898.23,0.0,0.0
4500001936,20,,,19128.31,19128.31,0.0,0.0
4500001936,30,,,876.11,876.11,0.0,0.0
4500001937,10,,,11787.61,11787.61,0.0,0.0
4500001937,20,,,1309.73,1309.73,0.0,0.0
4500001939,20,,,10959.29,10959.29,0.0,0.0
4500001939,30,,,1019.47,1019.47,0.0,0.0
4500001939,40,,,7773.45,7773.45,0.0,0.0
4500001939,50,,,1911.5,1911.5,0.0,0.0
4500001940,10,,,1532.88,1532.87,0.0,0.0
4500001940,20,,,531.81,531.81,0.0,0.0
4500001940,30,,,5161.73,5161.73,0.0,0.0
4500001940,40,,,1220.04,1220.04,0.0,0.0
4500001941,10,,,28460.18,28460.18,0.0,0.0
4500001941,20,,,14230.09,14230.09,0.0,0.0
4500001942,10,,,4778.76,4778.76,0.0,0.0
4500001943,10,,,3849.56,3849.56,0.0,0.0
4500001944,10,,,2619.47,2619.47,0.0,0.0
4500001945,10,5000003653,20230301,62090.38,62090.38,0.0,0.0
4500001946,10,5000004911,20230317,1200.0,1200.0,0.0,0.0
4500001946,20,5000004911,20230317,81.93,81.93,0.0,0.0
4500001947,10,5000004863,20230317,12.0,12.0,0.0,0.0
4500001947,20,5000004863,20230317,12.0,12.0,0.0,0.0
4500001947,30,5000004863,20230317,32.0,32.0,0.0,0.0
4500001947,40,5000004863,20230317,8.0,8.0,0.0,0.0
4500001947,50,5000004863,20230317,77.0,77.0,0.0,0.0
4500001947,60,5000004863,20230317,120.26,120.26,0.0,0.0
4500001947,70,5000004863,20230317,98.24,98.24,0.0,0.0
4500001947,80,5000004863,20230317,11.0,11.0,0.0,0.0
4500001947,90,5000004863,20230317,7.5,7.5,0.0,0.0
4500001947,100,5000004863,20230317,0.0,0.0,0.0,0.0
4500001948,10,5000005187,20230321,892.5,892.5,0.0,0.0
4500001949,10,5000003680,20230307,1900.0,1900.0,0.0,0.0
4500001950,10,,,7691.04,7691.04,0.0,0.0
4500001950,30,,,11973.56,11973.56,0.0,0.0
4500001950,40,,,13080.6,13080.6,0.0,0.0
4500001950,60,,,12436.77,12436.77,0.0,0.0
4500001950,70,,,14074.25,14074.25,0.0,0.0
4500001950,80,,,5721.24,5721.24,0.0,0.0
4500001950,90,,,11442.48,11442.48,0.0,0.0
4500001950,100,,,2067.65,2067.65,0.0,0.0
4500001950,110,,,3089.47,3089.47,0.0,0.0
4500001951,10,5000003737,20230308,1100.0,1100.0,0.0,0.0
4500001951,20,5000003737,20230308,75.1,75.1,0.0,0.0
4500001952,10,5000003904,20230309,720.44,720.44,0.0,0.0
4500001952,20,5000003904,20230309,25.0,25.0,0.0,0.0
4500001953,10,5000003736,20230308,1200.0,1200.0,0.0,0.0
4500001953,20,5000003736,20230308,81.93,81.93,0.0,0.0
4500001954,10,5000007593,20230417,765.7,765.7,0.0,0.0
4500001955,10,,,115.04,115.04,0.0,0.0
4500001956,20,,,7492.83,7492.82,0.0,0.0
4500001956,50,,,3447.88,3447.88,0.0,0.0
4500001956,60,,,20183.36,20183.36,0.0,0.0
4500001956,70,,,6833.63,6833.63,0.0,0.0
4500001956,90,,,2867.26,2867.26,0.0,0.0
4500001956,100,,,383.63,383.63,0.0,0.0
4500001956,110,,,465.93,465.93,0.0,0.0
4500001956,200,,,8093.36,8093.36,0.0,0.0
4500001957,10,,,2265.49,2265.49,0.0,0.0
4500001958,10,,,254.87,254.87,0.0,0.0
4500001959,10,,,148.67,148.67,0.0,0.0
4500001959,20,,,2081.42,2081.42,0.0,0.0
4500001960,10,,,672.57,672.57,0.0,0.0
4500001962,10,5000003681,20230307,360.0,360.0,0.0,0.0
4500001963,10,5000003682,20230307,423.9,423.9,0.0,0.0
4500001963,20,5000003682,20230307,660.0,660.0,0.0,0.0
4500001963,30,5000003682,20230307,30.47,30.47,0.0,0.0
4500001963,40,5000003682,20230307,165.0,165.0,0.0,0.0
4500001963,50,5000003682,20230307,103.0,103.0,0.0,0.0
4500001963,60,5000003682,20230307,668.0,668.0,0.0,0.0
4500001963,70,5000003682,20230307,375.1,375.1,0.0,0.0
4500001963,80,5000003682,20230307,352.0,352.0,0.0,0.0
4500001963,90,5000003682,20230307,107.0,107.0,0.0,0.0
4500001963,100,5000003682,20230307,502.92,502.92,0.0,0.0
4500001963,110,5000003682,20230307,46.82,46.82,0.0,0.0
4500001964,10,5000003684,20230307,352.0,352.0,0.0,0.0
4500001964,20,5000003684,20230307,25.08,25.08,0.0,0.0
4500001965,10,5000003683,20230307,519.3,519.3,0.0,0.0
4500001965,20,5000003683,20230307,160.0,160.0,0.0,0.0
4500001965,30,5000003683,20230307,40.0,40.0,0.0,0.0
4500001965,40,5000003683,20230307,100.0,100.0,0.0,0.0
4500001965,50,5000003683,20230307,53.4,53.4,0.0,0.0
4500001965,60,5000003683,20230307,69.05,69.05,0.0,0.0
4500001965,70,5000003683,20230307,24.2,24.2,0.0,0.0
4500001966,10,,,5840.71,5840.71,0.0,0.0
4500001967,40,,,3989.38,3989.38,0.0,0.0
4500001967,220,,,81.42,81.42,0.0,0.0
4500001967,230,,,12212.39,12212.39,0.0,0.0
4500001968,10,,,7.08,7.08,0.0,0.0
4500001969,10,,,464.6,464.6,0.0,0.0
4500001970,10,,,0.0,0.0,0.0,0.0
4500001971,70,,,3185.84,3185.84,0.0,0.0
4500001971,80,,,21238.94,21238.94,0.0,0.0
4500001971,130,,,184070.8,184070.8,0.0,0.0
4500001971,140,,,47858.41,47858.41,0.0,0.0
4500001972,10,5000003685,20230307,1044.55,1044.55,0.0,0.0
4500001973,10,5000010132,20230516,4470.0,4470.0,0.0,0.0
4500001973,20,5000010132,20230516,305.19,305.19,0.0,0.0
4500001974,10,5000003895,20230309,250.0,250.0,0.0,0.0
4500001975,10,,,0.0,0.0,0.0,0.0
4500001975,20,,,0.0,0.0,0.0,0.0
4500001975,30,,,0.0,0.0,0.0,0.0
4500001975,40,,,42.48,42.48,0.0,0.0
4500001975,50,,,35.4,35.4,0.0,0.0
4500001975,60,,,230.09,230.09,0.0,0.0
4500001975,70,,,429.2,429.2,0.0,0.0
4500001975,80,,,17.26,17.26,0.0,0.0
4500001975,100,,,150.44,150.44,0.0,0.0
4500001975,110,,,6.19,6.19,0.0,0.0
4500001975,120,,,5.75,5.75,0.0,0.0
4500001975,130,,,21.02,21.02,0.0,0.0
4500001975,140,,,876.11,876.11,0.0,0.0
4500001975,150,,,0.0,0.0,0.0,0.0
4500001975,160,,,151.77,151.77,0.0,0.0
4500001977,10,5000003880,20230309,1293.0,1292.32,0.0,0.0
4500001979,10,5000003798,20230308,222.0,223.2,0.0,0.0
4500001979,20,5000003798,20230308,6750.0,6750.0,0.0,0.0
4500001979,30,5000003798,20230308,2890.28,2890.28,0.0,0.0
4500001979,40,5000003798,20230308,152.09,152.09,0.0,0.0
4500001980,10,5000003799,20230308,10135.2,10135.2,0.0,0.0
4500001981,10,,,10380.53,0.0,0.0,0.0
4500001982,10,,,920.35,920.35,0.0,0.0
4500001982,20,,,663.72,663.72,0.0,0.0
4500001983,10,,,185.84,185.84,0.0,0.0
4500001984,150,,,89823.01,88283.19,0.0,0.0
4500001986,10,,,0.0,0.0,0.0,0.0
4500001986,20,,,0.0,0.0,0.0,0.0
4500001986,30,,,0.0,0.0,0.0,0.0
4500001987,10,,,882.74,997.5,0.0,0.0
4500001987,20,,,9292.04,10500.0,0.0,0.0
4500001987,30,,,376.99,426.0,0.0,0.0
4500001987,40,,,513.27,580.0,0.0,0.0
4500001988,10,,,8141.59,8141.59,0.0,0.0
4500001989,10,,,1480.09,1480.09,0.0,0.0
4500001990,10,5000003917,20230309,1020.0,1020.0,0.0,0.0
4500001991,10,5000003827,20230309,251.7,251.7,0.0,0.0
4500001992,10,5000003828,20230309,335.6,335.6,0.0,0.0
4500001993,10,5000003830,20230309,419.5,419.5,0.0,0.0
4500001994,10,5000003831,20230309,293.65,293.65,0.0,0.0
4500001995,10,5000005196,20230321,14686.0,14686.0,0.0,0.0
4500001995,20,5000005196,20230321,2280.0,2280.0,0.0,0.0
4500001996,10,5000003832,20230309,96.26,96.27,0.0,0.0
4500001996,20,5000003832,20230309,1914.0,1914.0,0.0,0.0
4500001996,30,5000003832,20230309,1601.6,1601.6,0.0,0.0
4500001996,40,5000003832,20230309,983.97,983.97,0.0,0.0
4500001996,50,5000003832,20230309,1191.96,1188.05,0.0,0.0
4500001996,60,5000003832,20230309,973.5,973.5,0.0,0.0
4500001996,70,5000003832,20230309,91.26,91.26,0.0,0.0
4500001996,80,5000003832,20230309,80.1,80.1,0.0,0.0
4500001996,90,5000003832,20230309,244.35,244.35,0.0,0.0
4500001996,100,5000003832,20230309,374.08,374.08,0.0,0.0
4500001996,110,5000003832,20230309,60.0,60.0,0.0,0.0
4500001996,120,5000003832,20230309,687.0,687.0,0.0,0.0
4500001996,130,5000003832,20230309,47.73,47.73,0.0,0.0
4500001996,140,5000003832,20230309,70.2,70.2,0.0,0.0
4500001996,150,5000003832,20230309,95.31,95.32,0.0,0.0
4500001996,160,5000003832,20230309,168.66,168.66,0.0,0.0
4500001996,170,5000003832,20230309,80.97,80.97,0.0,0.0
4500001996,180,5000003832,20230309,46.26,46.26,0.0,0.0
4500001996,190,5000003832,20230309,268.5,268.5,0.0,0.0
4500001996,200,5000003832,20230309,36.0,36.0,0.0,0.0
4500001996,210,5000003832,20230309,448.0,448.0,0.0,0.0
4500001996,220,5000003832,20230309,189.54,189.54,0.0,0.0
4500001996,230,5000003832,20230309,203.4,203.4,0.0,0.0
4500001996,240,5000003832,20230309,379.08,379.09,0.0,0.0
4500001996,250,5000003832,20230309,406.35,406.36,0.0,0.0
4500001997,10,5000003833,20230309,182.94,182.94,0.0,0.0
4500001997,20,5000003833,20230309,167.64,167.64,0.0,0.0
4500001997,30,5000003833,20230309,158.4,158.4,0.0,0.0
4500001998,10,5000003834,20230309,25.08,25.08,0.0,0.0
4500001999,10,5000003835,20230309,2135.1,2135.1,0.0,0.0
4500001999,20,5000003835,20230309,242.0,242.0,0.0,0.0
4500001999,30,5000003835,20230309,407.0,407.0,0.0,0.0
4500001999,40,5000003835,20230309,379.5,379.5,0.0,0.0
4500002000,10,5000003836,20230309,1201.2,1201.2,0.0,0.0
4500002000,20,5000003836,20230309,60.0,60.0,0.0,0.0
4500002000,30,5000003836,20230309,180.8,180.8,0.0,0.0
4500002000,40,5000003836,20230309,52.28,52.28,0.0,0.0
4500002000,50,5000003836,20230309,46.1,46.1,0.0,0.0
4500002000,60,5000003836,20230309,51.86,51.86,0.0,0.0
4500002000,70,5000003836,20230309,39.26,39.26,0.0,0.0
4500002001,10,5000003837,20230309,54.81,54.81,0.0,0.0
4500002001,20,5000003837,20230309,270.0,270.0,0.0,0.0
4500002002,10,5000003838,20230309,1875.0,1875.0,0.0,0.0
4500002003,10,,,74.34,74.34,0.0,0.0
4500002003,20,,,87.61,87.61,0.0,0.0
4500002004,10,5000003839,20230309,2640.0,2640.0,0.0,0.0
4500002004,20,5000003839,20230309,834.0,834.0,0.0,0.0
4500002005,10,,,165663.72,0.0,0.0,0.0
4500002006,10,5000003840,20230309,341.76,341.76,0.0,0.0
4500002007,10,5000004917,20230317,1450.0,1450.0,0.0,0.0
4500002007,20,5000004917,20230317,99.0,99.0,0.0,0.0
4500002007,30,5000004917,20230317,1450.0,1450.0,0.0,0.0
4500002007,40,5000004917,20230317,99.0,99.0,0.0,0.0
4500002008,10,5000005439,20230324,2750.0,2750.0,0.0,0.0
4500002008,20,5000005439,20230324,187.76,187.76,0.0,0.0
4500002009,10,5000004919,20230317,1100.0,1100.0,0.0,0.0
4500002009,20,5000004919,20230317,75.1,75.1,0.0,0.0
4500002009,30,5000004919,20230317,1100.0,1100.0,0.0,0.0
4500002009,40,5000004919,20230317,75.1,75.1,0.0,0.0
4500002010,10,,,1938.05,1938.05,0.0,0.0
4500002010,20,,,46.02,46.01,0.0,0.0
4500002011,10,,,10353.98,10353.98,0.0,0.0
4500002012,10,,,424.78,424.78,0.0,0.0
4500002012,110,,,212.39,212.39,0.0,0.0
4500002012,120,,,309.73,309.73,0.0,0.0
4500002012,130,,,4690.27,4690.27,0.0,0.0
4500002013,10,,,164104.36,164104.36,0.0,0.0
4500002013,20,,,110047.57,110039.87,0.0,0.0
4500002013,30,,,675491.95,675486.08,0.0,0.0
4500002013,40,,,542256.45,542256.45,0.0,0.0
4500002013,50,,,75107.5,75107.5,0.0,0.0
4500002014,10,,,2123.89,2123.89,0.0,0.0
4500002014,20,,,4358.41,4358.41,0.0,0.0
4500002014,30,,,2283.19,2283.19,0.0,0.0
4500002014,40,,,3646.02,3646.02,0.0,0.0
4500002014,50,,,2615.04,2615.04,0.0,0.0
4500002014,60,,,287.61,287.61,0.0,0.0
4500002014,70,,,1141.59,1141.59,0.0,0.0
4500002014,80,,,530.97,530.97,0.0,0.0
4500002014,90,,,690.27,690.27,0.0,0.0
4500002014,110,,,2389.38,2389.38,0.0,0.0
4500002015,10,5000003841,20230309,1287.0,1287.0,0.0,0.0
4500002015,20,5000003841,20230309,2359.5,2359.5,0.0,0.0
4500002015,30,5000003841,20230309,400.4,400.4,0.0,0.0
4500002015,40,5000003841,20230309,400.4,400.4,0.0,0.0
4500002015,50,5000003841,20230309,327.99,327.99,0.0,0.0
4500002015,60,5000003841,20230309,594.0,594.0,0.0,0.0
4500002015,70,5000003841,20230309,324.5,324.5,0.0,0.0
4500002015,80,5000003841,20230309,230.0,230.0,0.0,0.0
4500002015,90,5000003841,20230309,15.0,15.0,0.0,0.0
4500002015,100,5000003841,20230309,475.2,475.2,0.0,0.0
4500002016,10,5000004921,20230317,1200.0,1200.0,0.0,0.0
4500002016,20,5000004921,20230317,81.93,81.93,0.0,0.0
4500002017,660,,,66717.45,66717.45,0.0,0.0
4500002018,10,,,175.22,175.22,0.0,0.0
4500002018,20,,,291.15,291.15,0.0,0.0
4500002019,10,5000004920,20230317,1200.0,1200.0,0.0,0.0
4500002019,20,5000004920,20230317,81.93,81.93,0.0,0.0
4500002020,10,,,496.46,0.0,0.0,0.0
4500002021,10,5000003824,20230309,90.0,90.68,0.0,0.0
4500002021,20,5000003824,20230309,958.0,957.96,0.0,0.0
4500002021,30,5000003824,20230309,299.22,299.23,0.0,0.0
4500002021,40,5000003824,20230309,38.16,38.16,0.0,0.0
4500002021,50,5000003824,20230309,960.8,960.87,0.0,0.0
4500002021,60,5000003824,20230309,496.0,495.6,0.0,0.0
4500002021,70,5000003824,20230309,300.0,300.0,0.0,0.0
4500002021,80,5000003824,20230309,372.0,371.25,0.0,0.0
4500002021,90,5000003824,20230309,370.0,370.0,0.0,0.0
4500002021,100,5000003824,20230309,293.1,293.1,0.0,0.0
4500002021,110,5000003824,20230309,400.0,400.0,0.0,0.0
4500002022,10,5000003826,20230309,175.0,159.09,0.0,0.0
4500002023,10,5000003844,20230228,64828.68,64828.68,0.0,0.0
4500002024,10,,,63485.23,63485.21,0.0,0.0
4500002025,10,,,56112.18,56112.18,0.0,0.0
4500002026,10,,,57856.31,57856.31,0.0,0.0
4500002027,10,5000003801,20230228,340.71,340.71,0.0,0.0
4500002028,10,,,55928.36,55928.36,0.0,0.0
4500002029,10,,,63664.61,63664.61,0.0,0.0
4500002030,10,,,59868.57,59868.57,0.0,0.0
4500002031,10,5000005252,20230322,785.4,785.4,0.0,0.0
4500002031,20,5000005252,20230322,35.0,35.0,0.0,0.0
4500002032,10,,,49499.94,49499.94,0.0,0.0
4500002033,10,,,69554.07,69554.07,0.0,0.0
4500002034,10,,,0.0,0.0,0.0,0.0
4500002035,10,,,65381.81,65381.81,0.0,0.0
4500002036,10,,,407.08,407.08,0.0,0.0
4500002037,10,,,65172.02,65172.02,0.0,0.0
4500002038,10,,,51613.22,51613.22,0.0,0.0
4500002039,10,,,49051.07,49051.07,0.0,0.0
4500002040,10,,,0.0,0.0,0.0,0.0
4500002040,20,,,0.0,0.0,0.0,0.0
4500002040,30,,,0.0,0.0,0.0,0.0
4500002041,10,,,7079.65,7079.65,0.0,0.0
4500002042,10,,,15.93,15.93,0.0,0.0
4500002042,20,,,15.93,15.93,0.0,0.0
4500002043,10,,,300.88,300.88,0.0,0.0
4500002043,20,,,1858.41,1858.41,0.0,0.0
4500002043,30,,,1725.66,1725.66,0.0,0.0
4500002044,10,5000006100,20230330,3900.0,3900.0,0.0,0.0
4500002044,20,5000006100,20230330,266.28,266.28,0.0,0.0
4500002045,10,5000006104,20230330,3900.0,3900.0,0.0,0.0
4500002045,20,5000006104,20230330,266.28,266.28,0.0,0.0
4500002046,10,5000006510,20230403,2750.0,2750.0,0.0,0.0
4500002046,20,5000006510,20230403,187.76,187.76,0.0,0.0
4500002047,10,,,477.88,477.88,0.0,0.0
4500002048,10,,,25663.72,25663.72,0.0,0.0
4500002048,20,,,51327.43,51327.43,0.0,0.0
4500002049,10,5000004098,20230310,85.0,85.0,0.0,0.0
4500002049,20,5000004098,20230310,85.0,85.0,0.0,0.0
4500002049,30,5000004098,20230310,85.0,85.0,0.0,0.0
4500002050,10,5000008011,20230420,6347.52,6347.52,0.0,0.0
4500002051,10,,,63.72,63.72,0.0,0.0
4500002051,20,,,0.0,0.0,0.0,0.0
4500002052,10,,,110820.11,110820.11,0.0,0.0
4500002053,20,,,72664.41,82111.54,0.0,0.0
4500002053,30,,,108896.71,123059.16,0.0,0.0
4500002053,40,,,9327.01,9327.01,0.0,0.0
4500002054,10,5000004913,20230317,1200.0,1200.0,0.0,0.0
4500002054,20,5000004913,20230317,81.93,81.93,0.0,0.0
4500002056,10,5000004909,20230317,1100.0,1100.0,0.0,0.0
4500002056,20,5000004909,20230317,75.1,75.1,0.0,0.0
4500002056,30,5000004909,20230317,1100.0,1100.0,0.0,0.0
4500002056,40,5000004909,20230317,75.1,75.1,0.0,0.0
4500002058,10,5000004908,20230317,1200.0,1200.0,0.0,0.0
4500002058,20,5000004908,20230317,81.93,81.93,0.0,0.0
4500002059,10,5000004095,20230310,107.52,107.52,0.0,0.0
4500002060,10,,,821.74,821.75,0.0,0.0
4500002060,20,,,13147.88,13147.88,0.0,0.0
4500002060,30,,,3628.29,3628.29,0.0,0.0
4500002060,40,,,1095.66,1095.66,0.0,0.0
4500002060,60,,,13426.09,13426.09,0.0,0.0
4500002060,70,,,18647.35,18647.35,0.0,0.0
4500002060,80,,,18541.9,18541.9,0.0,0.0
4500002060,90,,,29498.5,29498.5,0.0,0.0
4500002060,100,,,27130.17,27130.17,0.0,0.0
4500002060,110,,,25663.67,25663.67,0.0,0.0
4500002060,120,,,463.55,463.55,0.0,0.0
4500002060,130,,,22250.34,22250.34,0.0,0.0
4500002060,140,,,52973.45,52973.45,0.0,0.0
4500002060,150,,,18088.5,18088.5,0.0,0.0
4500002060,160,,,20817.7,20817.7,0.0,0.0
4500002060,170,,,21212.39,21212.39,0.0,0.0
4500002060,180,,,45132.75,45132.75,0.0,0.0
4500002063,10,,,122017.7,122017.7,0.0,0.0
4500002063,20,,,152522.12,152522.12,0.0,0.0
4500002063,30,,,152522.12,152522.12,0.0,0.0
4500002064,10,,,2110.62,2110.62,0.0,0.0
4500002064,20,,,2638.27,2638.27,0.0,0.0
4500002064,30,,,4748.89,4748.89,0.0,0.0
4500002064,40,,,1055.31,1055.31,0.0,0.0
4500002064,50,,,3693.58,3693.58,0.0,0.0
4500002064,60,,,1582.96,1582.96,0.0,0.0
4500002064,70,,,12663.72,12663.72,0.0,0.0
4500002065,10,,,43.36,43.36,0.0,0.0
4500002065,20,,,403.54,403.54,0.0,0.0
4500002065,30,,,159.29,159.29,0.0,0.0
4500002065,40,,,570.8,570.8,0.0,0.0
4500002065,50,,,8.67,8.67,0.0,0.0
4500002065,60,,,26.55,26.55,0.0,0.0
4500002065,70,,,17.7,17.7,0.0,0.0
4500002065,80,,,53.1,53.1,0.0,0.0
4500002065,90,,,34.51,34.51,0.0,0.0
4500002065,100,,,778.76,778.76,0.0,0.0
4500002065,110,,,26.99,26.99,0.0,0.0
4500002065,120,,,353.98,353.98,0.0,0.0
4500002065,130,,,243.36,243.36,0.0,0.0
4500002065,140,,,128.32,128.32,0.0,0.0
4500002065,150,,,30.53,30.53,0.0,0.0
4500002065,160,,,115.04,115.04,0.0,0.0
4500002065,170,,,53.1,53.1,0.0,0.0
4500002065,180,,,14.16,14.16,0.0,0.0
4500002065,190,,,154.87,154.87,0.0,0.0
4500002065,200,,,86.73,86.73,0.0,0.0
4500002065,210,,,346.9,346.9,0.0,0.0
4500002065,220,,,25.66,25.66,0.0,0.0
4500002065,230,,,66.37,66.37,0.0,0.0
4500002065,240,,,66.37,66.37,0.0,0.0
4500002065,250,,,70.8,70.8,0.0,0.0
4500002065,260,,,282.3,282.3,0.0,0.0
4500002065,270,,,119.47,119.47,0.0,0.0
4500002066,10,5000004914,20230317,1450.0,1450.0,0.0,0.0
4500002066,20,5000004914,20230317,99.0,99.0,0.0,0.0
4500002067,10,,,597.35,597.35,0.0,0.0
4500002067,20,,,6371.68,6371.68,0.0,0.0
4500002068,10,5000005218,20230321,4470.0,4470.0,0.0,0.0
4500002068,20,5000005218,20230321,305.19,305.19,0.0,0.0
4500002069,30,5000006777,20230405,1490.0,1490.0,0.0,0.0
4500002069,40,5000006777,20230405,1490.0,1490.0,0.0,0.0
4500002070,10,5000004102,20230310,23770.8,23769.64,0.0,0.0
4500002070,20,5000004088,20230310,8563.2,8563.1,0.0,0.0
4500002071,10,5000004084,20230310,472.68,472.68,0.0,0.0
4500002071,20,5000004084,20230310,254.6,254.6,0.0,0.0
4500002072,10,5000004081,20230310,301.76,301.76,0.0,0.0
4500002072,20,5000004081,20230310,370.94,370.94,0.0,0.0
4500002072,30,5000004081,20230310,179.07,179.07,0.0,0.0
4500002072,40,5000004081,20230310,72.24,72.24,0.0,0.0
4500002072,50,5000004081,20230310,41.56,41.56,0.0,0.0
4500002072,60,5000004081,20230310,192.94,192.94,0.0,0.0
4500002073,10,,,1832.74,1832.74,0.0,0.0
4500002073,20,,,4472.57,4472.57,0.0,0.0
4500002073,30,,,2101.77,2101.77,0.0,0.0
4500002073,40,,,884.96,884.96,0.0,0.0
4500002073,50,,,884.96,884.95,0.0,0.0
4500002074,10,,,2185.84,2185.84,0.0,0.0
4500002075,10,,,134.51,134.51,0.0,0.0
4500002076,10,,,4247.79,4247.79,0.0,0.0
4500002076,20,,,265.49,265.49,0.0,0.0
4500002076,30,,,663.72,663.72,0.0,0.0
4500002076,40,,,132.74,132.74,0.0,0.0
4500002076,50,,,35.4,35.4,0.0,0.0
4500002076,60,,,159.29,159.29,0.0,0.0
4500002077,10,5000004455,20230315,2845.6,2846.8,0.0,0.0
4500002077,20,5000004455,20230315,1601.6,1601.6,0.0,0.0
4500002077,30,5000004455,20230315,983.97,983.97,0.0,0.0
4500002077,40,5000004455,20230315,1201.2,1201.2,0.0,0.0
4500002077,50,5000004455,20230315,973.5,973.5,0.0,0.0
4500002077,60,5000004455,20230315,594.0,594.0,0.0,0.0
4500002077,70,5000004455,20230315,325.8,325.8,0.0,0.0
4500002077,80,5000004455,20230315,52.4,53.4,0.0,0.0
4500002077,90,5000004455,20230315,127.08,127.09,0.0,0.0
4500002077,100,5000004455,20230315,80.0,80.0,0.0,0.0
4500002077,110,5000004455,20230315,252.72,252.72,0.0,0.0
4500002077,120,5000004455,20230315,107.96,107.96,0.0,0.0
4500002077,130,5000004455,20230315,61.68,61.68,0.0,0.0
4500002077,140,5000004455,20230315,93.64,93.64,0.0,0.0
4500002077,150,5000004455,20230315,128.0,128.0,0.0,0.0
4500002077,160,5000004455,20230315,271.2,271.2,0.0,0.0
4500002077,170,5000004455,20230315,179.0,179.0,0.0,0.0
4500002077,180,5000004455,20230315,168.66,168.66,0.0,0.0
4500002077,190,5000004455,20230315,916.0,916.0,0.0,0.0
4500002077,200,5000004455,20230315,31.82,31.82,0.0,0.0
4500002077,210,5000004455,20230315,34.0,34.0,0.0,0.0
4500002077,220,5000004455,20230315,2500.0,2500.0,0.0,0.0
4500002078,10,5000004431,20230315,42240.0,42240.0,0.0,0.0
4500002078,20,,,0.0,0.0,0.0,0.0
4500002078,30,5000004431,20230315,250.0,0.0,0.0,0.0
4500002078,40,,,0.0,0.0,0.0,0.0
4500002078,50,5000004431,20230315,500.0,0.0,0.0,0.0
4500002078,60,5000004431,20230315,32880.0,33280.0,0.0,0.0
4500002078,70,5000004431,20230315,19580.0,19580.0,0.0,0.0
4500002078,80,5000004431,20230315,46592.0,46592.0,0.0,0.0
4500002078,90,5000004431,20230315,19580.0,19580.0,0.0,0.0
4500002078,100,5000004431,20230315,4032.0,4032.0,0.0,0.0
4500002078,110,5000004431,20230315,6912.0,6912.0,0.0,0.0
4500002078,120,5000004431,20230315,5696.0,5696.0,0.0,0.0
4500002078,130,5000004433,20230315,26040.0,26040.0,0.0,0.0
4500002079,10,5000004688,20230316,22968.0,22968.0,0.0,0.0
4500002079,20,5000004688,20230316,59.05,59.05,0.0,0.0
4500002079,30,5000004688,20230316,62.64,62.64,0.0,0.0
4500002080,10,5000004687,20230316,2186.0,2186.0,0.0,0.0
4500002081,10,5000004686,20230316,2130.0,2130.0,0.0,0.0
4500002082,10,5000004685,20230316,909.0,909.0,0.0,0.0
4500002083,10,5000004444,20230315,2154.0,2154.0,0.0,0.0
4500002084,10,5000004446,20230315,2081.0,2081.0,0.0,0.0
4500002085,10,5000004447,20230315,2185.0,2185.0,0.0,0.0
4500002086,10,5000004448,20230315,2258.0,2258.0,0.0,0.0
4500002087,10,5000004449,20230315,2113.0,2113.0,0.0,0.0
4500002088,10,5000004450,20230315,2154.0,2154.0,0.0,0.0
4500002089,10,5000004451,20230315,2154.0,2154.0,0.0,0.0
4500002090,10,5000004643,20230316,2165.0,2165.0,0.0,0.0
4500002091,10,5000004647,20230316,2056.0,2056.0,0.0,0.0
4500002092,10,5000004651,20230316,2185.0,2185.0,0.0,0.0
4500002093,10,5000004655,20230316,2129.0,2129.0,0.0,0.0
4500002094,10,5000004669,20230316,2258.0,2258.0,0.0,0.0
4500002095,10,5000004673,20230316,829.0,829.0,0.0,0.0
4500002096,10,5000004677,20230316,1880.0,1880.0,0.0,0.0
4500002097,10,5000004678,20230316,2056.0,2056.0,0.0,0.0
4500002098,10,5000004679,20230316,2056.0,2056.0,0.0,0.0
4500002099,10,5000004681,20230316,2081.0,2081.0,0.0,0.0
4500002100,10,5000004682,20230316,2056.0,2056.0,0.0,0.0
4500002101,10,5000004683,20230316,2056.0,2056.0,0.0,0.0
4500002102,10,5000004684,20230316,1013.0,1013.0,0.0,0.0
4500002103,10,5000006101,20230330,3900.0,3900.0,0.0,0.0
4500002103,20,5000006101,20230330,266.28,266.28,0.0,0.0
4500002104,10,5000004912,20230317,1450.0,1450.0,0.0,0.0
4500002104,20,5000004912,20230317,99.0,99.0,0.0,0.0
4500002105,10,5000004915,20230317,1100.0,1100.0,0.0,0.0
4500002105,20,5000004915,20230317,75.1,75.1,0.0,0.0
4500002106,10,5000004453,20230315,103.6,103.6,0.0,0.0
4500002106,20,5000004453,20230315,51.55,51.55,0.0,0.0
4500002107,10,5000004454,20230315,87.68,87.68,0.0,0.0
4500002110,10,,,0.0,0.0,0.0,0.0
4500002110,20,,,0.0,0.0,0.0,0.0
4500002111,10,,,2654.87,2654.87,0.0,0.0
4500002112,10,,,1557.52,1557.52,0.0,0.0
4500002112,20,,,1557.52,1557.51,0.0,0.0
4500002112,30,,,1557.52,1557.52,0.0,0.0
4500002112,40,,,2168.14,2748.67,0.0,0.0
4500002112,50,,,1415.93,1415.93,0.0,0.0
4500002113,10,,,6415.93,6415.93,0.0,0.0
4500002114,10,,,1725.66,1725.66,0.0,0.0
4500002115,10,5000006106,20230330,3900.0,3900.0,0.0,0.0
4500002115,20,5000006106,20230330,266.28,266.28,0.0,0.0
4500002116,10,,,286.73,286.73,0.0,0.0
4500002116,20,,,353.98,353.98,0.0,0.0
4500002116,30,,,424.78,424.78,0.0,0.0
4500002118,10,,,0.0,0.0,0.0,0.0
4500002118,20,,,0.0,0.0,0.0,0.0
4500002118,30,,,0.0,0.0,0.0,0.0
4500002118,40,,,0.0,0.0,0.0,0.0
4500002119,10,,,3676.26,3676.25,0.0,0.0
4500002119,20,,,2431.65,2431.65,0.0,0.0
4500002119,30,,,1467.32,1467.32,0.0,0.0
4500002120,10,,,2265.49,2265.49,0.0,0.0
4500002121,10,5000004284,20230313,398141.59,398141.59,0.0,0.0
4500002122,10,,,1227.02,1227.02,0.0,0.0
4500002122,20,,,13686.33,13686.33,0.0,0.0
4500002122,30,,,12746.88,12746.88,0.0,0.0
4500002122,40,,,28354.52,28354.52,0.0,0.0
4500002122,50,,,6995.14,6995.14,0.0,0.0
4500002122,60,,,29682.04,29682.04,0.0,0.0
4500002122,70,,,976.28,976.28,0.0,0.0
4500002122,80,,,13115.29,13115.29,0.0,0.0
4500002123,10,5000004916,20230317,1200.0,1200.0,0.0,0.0
4500002123,20,5000004916,20230317,81.93,81.93,0.0,0.0
4500002124,10,,,3504.42,3504.42,0.0,0.0
4500002125,10,5000007677,20230418,2125.0,2125.0,0.0,0.0
4500002125,20,5000007677,20230418,145.09,145.09,0.0,0.0
4500002126,10,5000004438,20230315,500.0,500.0,0.0,0.0
4500002126,20,5000004438,20230315,500.0,500.0,0.0,0.0
4500002126,30,5000004438,20230315,136.36,136.36,0.0,0.0
4500002126,40,5000004438,20230315,136.36,136.36,0.0,0.0
4500002126,50,5000004438,20230315,318.18,318.18,0.0,0.0
4500002126,60,5000004438,20230315,136.36,136.36,0.0,0.0
4500002126,70,5000004438,20230315,136.36,136.36,0.0,0.0
4500002126,80,5000004438,20230315,318.18,318.18,0.0,0.0
4500002127,10,5000004440,20230315,232.4,232.4,0.0,0.0
4500002127,20,5000004440,20230315,81.73,81.73,0.0,0.0
4500002128,10,5000004441,20230315,502.35,502.51,0.0,0.0
4500002129,10,5000005302,20230322,24145.11,24145.11,0.0,0.0
4500002129,20,5000005302,20230322,24094.35,24094.35,0.0,0.0
4500002129,30,5000005302,20230322,30855.88,30855.88,0.0,0.0
4500002129,40,5000005302,20230322,32669.43,32669.43,0.0,0.0
4500002129,50,5000005302,20230322,35251.19,35251.19,0.0,0.0
4500002129,60,5000005302,20230322,31367.76,31367.76,0.0,0.0
4500002129,70,5000005302,20230322,23324.04,23324.04,0.0,0.0
4500002129,80,5000005302,20230322,27405.76,27405.76,0.0,0.0
4500002129,90,5000005302,20230322,23750.91,23750.91,0.0,0.0
4500002129,100,5000005302,20230322,25041.88,25041.88,0.0,0.0
4500002129,110,5000005302,20230322,30829.71,30829.71,0.0,0.0
4500002129,120,5000005302,20230322,26236.95,26236.95,0.0,0.0
4500002129,130,5000005302,20230322,24704.13,24704.13,0.0,0.0
4500002129,140,5000005302,20230322,33691.68,33691.68,0.0,0.0
4500002129,150,5000005302,20230322,34161.91,34161.91,0.0,0.0
4500002129,160,5000005302,20230322,30699.16,30699.16,0.0,0.0
4500002129,170,5000005302,20230322,28965.49,28965.49,0.0,0.0
4500002129,180,5000005302,20230322,35185.31,35185.31,0.0,0.0
4500002129,190,5000005302,20230322,32091.25,32091.25,0.0,0.0
4500002129,200,5000005302,20230322,121.72,121.73,0.0,0.0
4500002129,210,5000005302,20230322,58.0,58.0,0.0,0.0
4500002129,220,5000005302,20230322,101.96,101.96,0.0,0.0
4500002130,10,,,991.15,1120.0,0.0,0.0
4500002131,10,,,1247.79,1247.79,0.0,0.0
4500002131,20,,,1380.53,1380.53,0.0,0.0
4500002131,30,,,1247.79,1247.79,0.0,0.0
4500002131,40,,,1380.53,1380.53,0.0,0.0
4500002131,50,,,1380.53,1380.53,0.0,0.0
4500002131,60,,,1380.53,1380.53,0.0,0.0
4500002132,10,,,1247.79,1247.79,0.0,0.0
4500002132,20,,,1380.53,1380.53,0.0,0.0
4500002132,30,,,1380.53,1380.53,0.0,0.0
4500002132,40,,,1247.79,1247.79,0.0,0.0
4500002132,50,,,1380.53,1380.53,0.0,0.0
4500002133,10,,,55962.05,63230.86,0.0,0.0
4500002134,10,5000004133,20230310,1665486.8,1665486.8,0.0,0.0
4500002134,20,5000004175,20230310,2535398.1,2535398.1,0.0,0.0
4500002134,30,5000004136,20230310,85840.71,85840.71,0.0,0.0
4500002135,10,,,9203.54,9203.54,0.0,0.0
4500002135,20,,,5663.72,5663.72,0.0,0.0
4500002135,30,,,920.35,920.35,0.0,0.0
4500002135,40,,,12743.36,12743.36,0.0,0.0
4500002135,80,,,318.58,318.58,0.0,0.0
4500002135,100,,,920.35,920.35,0.0,0.0
4500002135,110,,,5523.45,5523.45,0.0,0.0
4500002135,120,,,3473.45,3473.45,0.0,0.0
4500002135,140,,,862.83,862.83,0.0,0.0
4500002135,160,,,1769.91,1769.91,0.0,0.0
4500002135,190,,,225.66,225.66,0.0,0.0
4500002135,200,,,7699.12,7699.12,0.0,0.0
4500002135,210,,,4792.04,4792.04,0.0,0.0
4500002135,230,,,3442.12,3442.12,0.0,0.0
4500002135,240,,,1460.18,1460.18,0.0,0.0
4500002135,250,,,4300.88,4300.88,0.0,0.0
4500002135,260,,,243.36,243.36,0.0,0.0
4500002135,270,,,4203.54,4203.54,0.0,0.0
4500002135,280,,,467.26,467.26,0.0,0.0
4500002135,290,,,1415.93,1415.93,0.0,0.0
4500002135,320,,,4247.79,4247.78,0.0,0.0
4500002135,340,,,5663.72,5663.72,0.0,0.0
4500002135,360,,,3587.79,3587.79,0.0,0.0
4500002135,380,,,2598.05,2598.05,0.0,0.0
4500002135,400,,,1805.31,1805.31,0.0,0.0
4500002135,420,,,529.56,529.56,0.0,0.0
4500002135,460,,,106.19,106.19,0.0,0.0
4500002135,470,,,106.19,106.19,0.0,0.0
4500002135,480,,,849.56,849.56,0.0,0.0
4500002135,490,,,35.4,35.4,0.0,0.0
4500002135,500,,,2123.89,2123.89,0.0,0.0
4500002135,510,,,2123.89,2123.9,0.0,0.0
4500002135,570,,,353.98,353.99,0.0,0.0
4500002135,600,,,5309.73,5309.73,0.0,0.0
4500002135,610,,,15929.2,15929.2,0.0,0.0
4500002135,640,,,2761.06,2761.07,0.0,0.0
4500002135,660,,,1415.93,1415.93,0.0,0.0
4500002135,710,,,22964.6,22964.6,0.0,0.0
4500002135,740,,,4862.83,4862.83,0.0,0.0
4500002135,760,,,2084.07,2084.07,0.0,0.0
4500002135,770,,,676.99,676.99,0.0,0.0
4500002135,780,,,1353.98,1353.98,0.0,0.0
4500002135,790,,,1061.95,1061.95,0.0,0.0
4500002135,800,,,1061.95,1061.94,0.0,0.0
4500002135,850,,,5296.46,5296.46,0.0,0.0
4500002135,860,,,7.96,7.96,0.0,0.0
4500002135,870,,,310.62,310.62,0.0,0.0
4500002135,880,,,1253.98,1253.98,0.0,0.0
4500002135,910,,,1522.12,1522.12,0.0,0.0
4500002135,920,,,2283.19,2283.19,0.0,0.0
4500002135,930,,,1150.44,1150.44,0.0,0.0
4500002135,940,,,862.83,862.83,0.0,0.0
4500002135,950,,,2867.26,2867.26,0.0,0.0
4500002135,970,,,1473.45,1473.45,0.0,0.0
4500002135,980,,,2190.27,2190.26,0.0,0.0
4500002135,990,,,730.09,730.09,0.0,0.0
4500002135,1000,,,632.74,632.74,0.0,0.0
4500002135,1010,,,632.74,632.74,0.0,0.0
4500002135,1020,,,146.02,146.02,0.0,0.0
4500002135,1030,,,973.45,973.45,0.0,0.0
4500002135,1040,,,584.07,584.07,0.0,0.0
4500002135,1080,,,944.42,944.42,0.0,0.0
4500002135,1100,,,307.96,307.97,0.0,0.0
4500002135,1150,,,4026.55,4026.55,0.0,0.0
4500002135,1160,,,4601.77,4601.77,0.0,0.0
4500002135,1200,,,2522.12,2522.12,0.0,0.0
4500002135,1210,,,1646.02,1646.02,0.0,0.0
4500002135,1220,,,3292.04,3292.03,0.0,0.0
4500002135,1240,,,8230.09,8230.09,0.0,0.0
4500002135,1280,,,637.17,637.17,0.0,0.0
4500002136,10,,,151681.42,151681.42,0.0,0.0
4500002137,10,,,3840.71,3840.71,0.0,0.0
4500002137,20,,,3716.81,3716.81,0.0,0.0
4500002138,10,,,9292.04,9292.04,0.0,0.0
4500002139,10,,,424.78,424.78,0.0,0.0
4500002139,20,,,2743.36,2743.36,0.0,0.0
4500002140,10,,,16.37,16.37,0.0,0.0
4500002140,20,,,21.24,23.11,0.0,0.0
4500002144,10,5000005109,20230320,1450.0,1450.0,0.0,0.0
4500002144,20,5000005109,20230320,99.0,99.0,0.0,0.0
4500002145,10,5000005463,20230324,3900.0,3900.0,0.0,0.0
4500002145,20,5000005463,20230324,266.28,266.28,0.0,0.0
4500002146,10,5000005110,20230320,1350.0,1350.0,0.0,0.0
4500002146,20,5000005110,20230320,92.17,92.17,0.0,0.0
4500002146,30,5000005110,20230320,1350.0,1350.0,0.0,0.0
4500002146,40,5000005110,20230320,92.17,92.17,0.0,0.0
4500002149,10,5000005107,20230320,1450.0,1450.0,0.0,0.0
4500002149,20,5000005107,20230320,99.0,99.0,0.0,0.0
4500002150,10,5000005106,20230320,1450.0,1450.0,0.0,0.0
4500002150,20,5000005106,20230320,99.0,99.0,0.0,0.0
4500002151,10,,,89823.01,88283.19,0.0,0.0
4500002152,10,,,3185.84,3185.83,0.0,0.0
4500002152,20,,,2389.38,2389.38,0.0,0.0
4500002153,10,,,398.23,0.0,0.0,0.0
4500002154,10,,,30.97,30.97,0.0,0.0
4500002155,10,,,750.44,750.44,0.0,0.0
4500002156,10,,,3159.29,0.0,0.0,0.0
4500002157,80,,,50893.81,50893.81,0.0,0.0
4500002157,90,,,16964.6,16964.6,0.0,0.0
4500002158,10,,,9734.51,9734.52,0.0,0.0
4500002159,10,,,11.95,11.95,0.0,0.0
4500002160,10,,,39823.01,39823.01,0.0,0.0
4500002160,20,,,7964.6,7964.6,0.0,0.0
4500002160,30,,,3318.58,3318.58,0.0,0.0
4500002160,50,,,637.17,637.17,0.0,0.0
4500002161,10,,,7008.85,7008.85,0.0,0.0
4500002161,20,,,5256.64,5256.64,0.0,0.0
4500002162,10,,,84281.42,84281.41,0.0,0.0
4500002162,20,,,29498.5,29498.5,0.0,0.0
4500002162,30,,,57193.33,57193.33,0.0,0.0
4500002162,40,,,25663.67,25663.67,0.0,0.0
4500002162,50,,,32448.41,32448.41,0.0,0.0
4500002162,60,,,22250.34,22250.34,0.0,0.0
4500002162,70,,,7458.94,7458.94,0.0,0.0
4500002162,80,,,16409.66,16409.66,0.0,0.0
4500002162,90,,,8204.83,8204.83,0.0,0.0
4500002162,100,,,18647.35,18647.33,0.0,0.0
4500002162,110,,,1820.51,1820.51,0.0,0.0
4500002162,120,,,13147.89,13147.89,0.0,0.0
4500002162,130,,,9848.22,9848.22,0.0,0.0
4500002162,140,,,5701.6,5701.6,0.0,0.0
4500002162,150,,,1095.66,1095.66,0.0,0.0
4500002162,160,,,1643.5,1643.5,0.0,0.0
4500002162,170,,,27610.62,27610.62,0.0,0.0
4500002162,180,,,29911.5,29911.5,0.0,0.0
4500002162,200,,,3843.27,3843.27,0.0,0.0
4500002162,210,,,21025.88,21025.88,0.0,0.0
4500002162,220,,,27451.33,27451.33,0.0,0.0
4500002162,230,,,3327.43,3327.43,0.0,0.0
4500002163,10,,,2654.87,2654.87,0.0,0.0
4500002163,20,,,2654.87,2654.87,0.0,0.0
4500002163,30,,,17274.34,17274.34,0.0,0.0
4500002163,40,,,10796.46,10796.46,0.0,0.0
4500002163,50,,,5398.23,5398.23,0.0,0.0
4500002163,60,,,5398.23,5398.23,0.0,0.0
4500002163,70,,,10796.46,10796.46,0.0,0.0
4500002163,80,,,10796.46,10796.46,0.0,0.0
4500002163,90,,,2743.36,2743.36,0.0,0.0
4500002163,100,,,24690.27,24690.27,0.0,0.0
4500002163,110,,,1486.73,1486.73,0.0,0.0
4500002163,120,,,1238.94,1238.94,0.0,0.0
4500002163,130,,,743.36,743.36,0.0,0.0
4500002163,140,,,743.36,743.36,0.0,0.0
4500002164,10,,,4646.02,4646.02,0.0,0.0
4500002164,60,,,7.08,7.08,0.0,0.0
4500002164,70,,,13628.32,13628.32,0.0,0.0
4500002164,220,,,1946.9,1946.9,0.0,0.0
4500002164,230,,,1592.92,1592.92,0.0,0.0
4500002164,240,,,344.25,344.25,0.0,0.0
4500002164,250,,,344.25,344.25,0.0,0.0
4500002164,260,,,1032.74,1032.74,0.0,0.0
4500002165,10,,,38.94,38.94,0.0,0.0
4500002165,20,,,26.55,26.55,0.0,0.0
4500002166,10,,,825.66,0.0,0.0,0.0
4500002168,10,,,424.78,424.78,0.0,0.0
4500002169,10,,,84281.42,84281.42,0.0,0.0
4500002170,30,,,21096.02,21096.02,0.0,0.0
4500002170,100,,,3706.05,3706.05,0.0,0.0
4500002170,110,,,183.19,183.19,0.0,0.0
4500002170,120,,,15224.78,15224.78,0.0,0.0
4500002170,130,,,5310.76,5310.76,0.0,0.0
4500002170,140,,,4921.68,4921.68,0.0,0.0
4500002171,10,,,63044.25,63044.25,0.0,0.0
4500002171,20,,,6765.49,6765.49,0.0,0.0
4500002171,30,,,23986.73,23986.73,0.0,0.0
4500002172,10,,,8849.56,8849.56,0.0,0.0
4500002172,20,,,2831.86,2831.86,0.0,0.0
4500002172,30,,,566.37,566.37,0.0,0.0
4500002172,40,,,566.37,566.37,0.0,0.0
4500002172,50,,,5110.62,5110.62,0.0,0.0
4500002172,60,,,1703.54,1703.54,0.0,0.0
4500002172,70,,,2823.01,2823.01,0.0,0.0
4500002172,80,,,2823.01,2823.01,0.0,0.0
4500002172,90,,,2477.88,2477.88,0.0,0.0
4500002173,10,,,51068.14,51068.14,0.0,0.0
4500002174,10,,,3672.57,3672.57,0.0,0.0
4500002174,20,,,3525.66,3525.67,0.0,0.0
4500002174,30,,,75840.27,75840.27,0.0,0.0
4500002174,40,,,50560.18,50560.18,0.0,0.0
4500002174,50,,,74336.28,74336.28,0.0,0.0
4500002174,60,,,37168.14,37168.14,0.0,0.0
4500002175,10,,,1393.81,1393.81,0.0,0.0
4500002175,20,,,278.76,278.76,0.0,0.0
4500002175,30,,,4203.54,4203.54,0.0,0.0
4500002175,40,,,4203.54,4203.54,0.0,0.0
4500002176,10,,,5840.71,5840.71,0.0,0.0
4500002176,20,,,8761.06,8761.06,0.0,0.0
4500002177,10,,,3663.72,3663.72,0.0,0.0
4500002177,20,,,27433.63,27433.63,0.0,0.0
4500002178,10,,,12743.36,12743.36,0.0,0.0
4500002179,10,,,11823.01,11823.01,0.0,0.0
4500002179,20,,,16391.15,16391.15,0.0,0.0
4500002179,30,,,7892.04,7892.04,0.0,0.0
4500002180,10,,,9497.79,9497.79,0.0,0.0
4500002180,20,,,14246.68,14246.68,0.0,0.0
4500002180,30,,,9497.79,9497.82,0.0,0.0
4500002180,40,,,4748.89,4748.89,0.0,0.0
4500002180,50,,,4748.89,4748.89,0.0,0.0
4500002180,60,,,4748.89,4748.89,0.0,0.0
4500002180,70,,,4748.89,4748.89,0.0,0.0
4500002181,10,,,1061.95,1061.95,0.0,0.0
4500002181,20,,,1592.92,1592.92,0.0,0.0
4500002181,30,,,3097.35,3097.35,0.0,0.0
4500002181,40,,,1327.43,1327.43,0.0,0.0
4500002181,50,,,488.5,488.5,0.0,0.0
4500002181,60,,,488.5,488.5,0.0,0.0
4500002182,10,,,7989.82,7989.82,0.0,0.0
4500002182,20,,,7989.82,7989.82,0.0,0.0
4500002183,10,,,3632.74,3632.74,0.0,0.0
4500002183,20,,,3632.74,3632.74,0.0,0.0
4500002183,30,,,1672.57,1672.57,0.0,0.0
4500002183,40,,,1672.57,1672.57,0.0,0.0
4500002184,10,,,10176.99,10176.99,0.0,0.0
4500002184,20,,,45840.71,45840.71,0.0,0.0
4500002185,30,,,24654.87,24654.87,0.0,0.0
4500002185,40,,,10566.37,10566.37,0.0,0.0
4500002185,50,,,12831.86,12831.86,0.0,0.0
4500002186,10,,,2522.12,2522.12,0.0,0.0
4500002186,20,,,2973.45,2973.45,0.0,0.0
4500002187,10,,,35575.22,0.0,0.0,0.0
4500002187,20,,,28460.17,0.0,0.0,0.0
4500002188,10,,,18123.91,18123.91,0.0,0.0
4500002189,10,,,13.27,13.27,0.0,0.0
4500002189,20,,,2017.7,2017.7,0.0,0.0
4500002189,30,,,159.29,159.29,0.0,0.0
4500002189,40,,,159.29,159.29,0.0,0.0
4500002189,50,,,154.87,154.87,0.0,0.0
4500002189,60,,,309.73,309.73,0.0,0.0
4500002189,70,,,18.58,18.58,0.0,0.0
4500002189,80,,,18.58,18.58,0.0,0.0
4500002189,90,,,1141.59,1141.59,0.0,0.0
4500002189,100,,,1141.59,1141.59,0.0,0.0
4500002189,110,,,415.93,415.93,0.0,0.0
4500002189,120,,,207.96,207.96,0.0,0.0
4500002189,130,,,2699.12,2699.12,0.0,0.0
4500002189,140,,,2699.12,2699.12,0.0,0.0
4500002189,150,,,557.52,557.52,0.0,0.0
4500002189,160,,,557.52,557.52,0.0,0.0
4500002189,170,,,601.77,601.77,0.0,0.0
4500002189,180,,,601.77,601.77,0.0,0.0
4500002189,190,,,99.82,99.82,0.0,0.0
4500002189,200,,,99.82,99.82,0.0,0.0
4500002189,210,,,133.63,133.63,0.0,0.0
4500002189,220,,,8.67,8.67,0.0,0.0
4500002189,230,,,8.67,8.67,0.0,0.0
4500002189,240,,,69.03,69.03,0.0,0.0
4500002189,250,,,37.17,37.17,0.0,0.0
4500002189,260,,,8.85,8.85,0.0,0.0
4500002189,270,,,8.85,8.85,0.0,0.0
4500002189,280,,,336.28,336.28,0.0,0.0
4500002189,290,,,5.75,5.75,0.0,0.0
4500002189,300,,,106.19,106.19,0.0,0.0
4500002189,310,,,159.29,159.29,0.0,0.0
4500002189,320,,,138.05,138.05,0.0,0.0
4500002189,330,,,34.51,34.51,0.0,0.0
4500002189,340,,,778.76,778.76,0.0,0.0
4500002189,350,,,778.76,778.76,0.0,0.0
4500002189,360,,,161.95,161.95,0.0,0.0
4500002189,370,,,107.96,107.96,0.0,0.0
4500002189,380,,,1769.91,1769.91,0.0,0.0
4500002189,390,,,1769.91,1769.91,0.0,0.0
4500002189,400,,,575.22,575.22,0.0,0.0
4500002189,410,,,575.22,575.22,0.0,0.0
4500002189,420,,,243.36,243.36,0.0,0.0
4500002189,430,,,243.36,243.36,0.0,0.0
4500002189,440,,,128.32,128.32,0.0,0.0
4500002189,450,,,128.32,128.32,0.0,0.0
4500002189,460,,,61.06,61.06,0.0,0.0
4500002189,470,,,230.09,230.09,0.0,0.0
4500002189,480,,,230.09,230.09,0.0,0.0
4500002189,490,,,132.74,132.74,0.0,0.0
4500002189,500,,,132.74,132.74,0.0,0.0
4500002189,510,,,35.4,35.4,0.0,0.0
4500002189,520,,,28.32,28.32,0.0,0.0
4500002189,530,,,28.32,28.32,0.0,0.0
4500002189,540,,,115.04,115.04,0.0,0.0
4500002189,550,,,172.57,172.57,0.0,0.0
4500002189,560,,,154.87,154.87,0.0,0.0
4500002189,570,,,154.87,154.87,0.0,0.0
4500002189,580,,,4.42,4.42,0.0,0.0
4500002189,590,,,433.63,433.63,0.0,0.0
4500002189,600,,,433.63,433.63,0.0,0.0
4500002189,610,,,2601.77,2601.77,0.0,0.0
4500002189,620,,,867.26,867.26,0.0,0.0
4500002189,630,,,104.42,104.42,0.0,0.0
4500002189,640,,,104.42,104.42,0.0,0.0
4500002189,650,,,553.1,553.1,0.0,0.0
4500002189,660,,,76.99,76.99,0.0,0.0
4500002189,670,,,51.33,51.33,0.0,0.0
4500002189,680,,,199.12,199.12,0.0,0.0
4500002189,690,,,66.37,66.37,0.0,0.0
4500002189,700,,,212.39,212.39,0.0,0.0
4500002189,710,,,141.59,141.59,0.0,0.0
4500002189,720,,,846.9,846.9,0.0,0.0
4500002189,730,,,564.6,564.6,0.0,0.0
4500002189,740,,,47.79,47.79,0.0,0.0
4500002190,10,5000004362,20230314,389203.54,350111.5,0.0,0.0
4500002190,20,5000004362,20230314,186007.08,176737.17,0.0,0.0
4500002190,30,5000004362,20230314,367642.48,355828.32,0.0,0.0
4500002191,10,,,2548.67,2548.67,0.0,0.0
4500002192,10,,,16725.66,16725.66,0.0,0.0
4500002193,80,,,4778.76,4779.76,0.0,0.0
4500002194,10,,,70884.96,70884.95,0.0,0.0
4500002194,20,,,31061.95,31061.95,0.0,0.0
4500002195,10,,,9853.1,9853.1,0.0,0.0
4500002195,20,,,5027.43,5027.43,0.0,0.0
4500002195,30,,,2101.77,2101.77,0.0,0.0
4500002196,30,,,29502.21,28996.5,0.0,0.0
4500002196,100,,,17256.64,17256.64,0.0,0.0
4500002196,120,,,360995.57,354807.08,0.0,0.0
4500002196,130,,,88119.47,86608.86,0.0,0.0
4500002196,140,,,12759.29,12759.29,0.0,0.0
4500002196,150,,,8362.83,8362.83,0.0,0.0
4500002196,180,,,10393.81,10393.81,0.0,0.0
4500002196,190,,,1553.1,1553.1,0.0,0.0
4500002196,200,,,2345.13,2345.13,0.0,0.0
4500002196,260,,,25884.96,25884.96,0.0,0.0
4500002197,20,,,31858.41,31858.41,0.0,0.0
4500002198,30,,,158654.87,158654.86,0.0,0.0
4500002199,20,,,222777.88,222777.88,0.0,0.0
4500002199,60,,,121380.53,121380.53,0.0,0.0
4500002200,10,,,73324.78,73324.78,0.0,0.0
4500002200,20,,,42140.71,42140.71,0.0,0.0
4500002200,30,,,37294.69,37294.69,0.0,0.0
4500002201,10,,,494190.27,494190.27,0.0,0.0
4500002201,20,,,21922.12,21922.12,0.0,0.0
4500002201,30,,,411823.01,411823.01,0.0,0.0
4500002202,10,,,17256.64,17256.64,0.0,0.0
4500002202,20,,,17256.64,17256.64,0.0,0.0
4500002202,30,,,11946.9,11946.9,0.0,0.0
4500002202,40,,,14336.28,14336.28,0.0,0.0
4500002202,50,,,11725.66,11725.66,0.0,0.0
4500002202,60,,,89668.14,88130.97,0.0,0.0
4500002203,10,,,194.69,194.69,0.0,0.0
4500002204,10,,,100884.96,100884.96,0.0,0.0
4500002205,10,,,1230.09,1230.09,0.0,0.0
4500002206,10,,,0.0,0.0,0.0,0.0
4500002206,20,,,0.0,0.0,0.0,0.0
4500002206,30,,,0.0,0.0,0.0,0.0
4500002207,10,,,36283.19,36283.19,0.0,0.0
4500002208,10,,,132212.39,132212.39,0.0,0.0
4500002208,20,,,38938.05,38938.05,0.0,0.0
4500002209,10,,,203.54,203.54,0.0,0.0
4500002210,10,,,283.19,283.19,0.0,0.0
4500002211,10,,,407.08,407.08,0.0,0.0
4500002211,20,,,203.54,203.54,0.0,0.0
4500002211,30,,,101.77,101.77,0.0,0.0
4500002211,40,,,10176.99,10176.99,0.0,0.0
4500002211,50,,,3053.1,3053.1,0.0,0.0
4500002211,60,,,1725.66,1725.66,0.0,0.0
4500002211,70,,,575.22,575.22,0.0,0.0
4500002211,150,,,3283.19,3283.19,0.0,0.0
4500002211,160,,,1407.08,1407.08,0.0,0.0
4500002212,90,,,10752.21,10752.21,0.0,0.0
4500002212,100,,,10752.21,10752.21,0.0,0.0
4500002212,110,,,884.96,884.96,0.0,0.0
4500002212,130,,,530.97,530.97,0.0,0.0
4500002212,140,,,3982.3,3982.3,0.0,0.0
4500002212,150,,,796.46,796.46,0.0,0.0
4500002212,160,,,2212.39,2212.39,0.0,0.0
4500002213,10,,,991.15,1120.0,0.0,0.0
4500002213,20,,,495.58,560.0,0.0,0.0
4500002214,10,5000004413,20230314,191150.44,191150.44,0.0,0.0
4500002214,20,5000004413,20230314,191150.44,191150.44,0.0,0.0
4500002214,30,5000004413,20230314,206814.16,206814.16,0.0,0.0
4500002214,40,5000004413,20230314,206814.16,206814.16,0.0,0.0
4500002214,50,5000004413,20230314,206814.16,206814.16,0.0,0.0
4500002214,60,5000004413,20230314,206814.16,206814.16,0.0,0.0
4500002214,70,5000004413,20230314,206814.16,206814.16,0.0,0.0
4500002214,80,5000004413,20230314,120707.96,120707.96,0.0,0.0
4500002214,90,5000004413,20230314,120707.96,120707.96,0.0,0.0
4500002214,100,5000004413,20230314,191150.44,191150.44,0.0,0.0
4500002214,110,5000004413,20230314,128495.58,128495.58,0.0,0.0
4500002214,120,5000004413,20230314,128495.58,128495.58,0.0,0.0
4500002214,130,5000004413,20230314,128495.58,128495.58,0.0,0.0
4500002214,140,5000004413,20230314,120707.96,120707.96,0.0,0.0
4500002214,150,5000004413,20230314,120707.96,120707.96,0.0,0.0
4500002214,160,5000004413,20230314,120707.96,120707.96,0.0,0.0
4500002214,170,5000004413,20230314,360366.97,347610.62,0.0,0.0
4500002214,180,5000004413,20230314,191150.44,65309.73,0.0,0.0
4500002214,190,5000004413,20230314,76460.18,77345.13,0.0,0.0
4500002214,200,5000004413,20230314,76460.18,76460.18,0.0,0.0
4500002215,10,5000004414,20230314,120707.96,120707.96,0.0,0.0
4500002215,20,5000004414,20230314,128495.58,128495.58,0.0,0.0
4500002215,30,5000004414,20230314,128495.58,128495.58,0.0,0.0
4500002215,40,5000004414,20230314,128495.58,128495.58,0.0,0.0
4500002215,50,5000004414,20230314,128495.58,128495.58,0.0,0.0
4500002215,60,5000004414,20230314,128495.58,128495.58,0.0,0.0
4500002215,70,5000004414,20230314,128495.58,128495.58,0.0,0.0
4500002216,10,,,2654.87,2654.86,0.0,0.0
4500002216,20,,,2654.87,2654.87,0.0,0.0
4500002217,10,5000005108,20230320,1200.0,1200.0,0.0,0.0
4500002217,20,5000005108,20230320,74.65,74.65,0.0,0.0
4500002218,10,5000004443,20230315,3120.0,3120.0,0.0,0.0
4500002218,20,5000004443,20230315,2373.0,2373.0,0.0,0.0
4500002219,10,5000005111,20230320,1450.0,1450.0,0.0,0.0
4500002219,20,5000005111,20230320,90.2,90.2,0.0,0.0
4500002220,10,5000004531,20230316,436.8,436.8,0.0,0.0
4500002221,10,,,5911.5,5911.5,0.0,0.0
4500002222,10,5000009196,20230503,2750.0,2750.0,0.0,0.0
4500002222,20,5000009196,20230503,171.07,171.07,0.0,0.0
4500002222,30,,,0.0,0.0,0.0,0.0
4500002222,40,,,0.0,0.0,0.0,0.0
4500002222,50,5000009196,20230503,2750.0,2750.0,0.0,0.0
4500002222,60,5000009196,20230503,171.07,171.07,0.0,0.0
4500002222,70,5000009186,20230503,2750.0,2750.0,0.0,0.0
4500002222,80,5000009186,20230503,171.07,171.07,0.0,0.0
4500002223,10,,,10619.47,10619.46,0.0,0.0
4500002225,10,,,707.96,707.96,0.0,0.0
4500002225,20,,,6460.18,6460.18,0.0,0.0
4500002226,10,,,1103431.86,1103431.86,0.0,0.0
4500002226,20,,,0.0,0.0,0.0,0.0
4500002227,10,5000005112,20230320,1100.0,1100.0,0.0,0.0
4500002227,20,5000005112,20230320,68.43,68.43,0.0,0.0
4500002228,10,5000004534,20230316,11700.0,11700.0,0.0,0.0
4500002228,20,5000004534,20230316,9950.0,9950.0,0.0,0.0
4500002228,30,5000004534,20230316,12600.0,12600.0,0.0,0.0
4500002228,40,5000004534,20230316,25636.0,25636.0,0.0,0.0
4500002228,50,5000004534,20230316,27180.0,27180.0,0.0,0.0
4500002228,60,5000004534,20230316,7305.0,7305.0,0.0,0.0
4500002228,70,5000004534,20230316,884.0,884.0,0.0,0.0
4500002228,80,5000004534,20230316,906.0,906.0,0.0,0.0
4500002228,90,5000004534,20230316,3896.0,3896.0,0.0,0.0
4500002228,100,5000004534,20230316,4158.0,4158.0,0.0,0.0
4500002228,110,5000004534,20230316,28267.26,28268.0,0.0,0.0
4500002228,120,5000004535,20230316,1236.56,1236.56,0.0,0.0
4500002228,130,5000004535,20230316,17311.84,17311.84,0.0,0.0
4500002228,140,5000004535,20230316,0.15,0.0,0.0,0.0
4500002229,10,5000004528,20230316,352.0,352.0,0.0,0.0
4500002230,10,5000004527,20230316,328.0,328.0,0.0,0.0
4500002231,10,5000004526,20230316,352.0,352.0,0.0,0.0
4500002231,20,5000004526,20230316,875.0,875.0,0.0,0.0
4500002231,30,5000004526,20230316,875.0,875.0,0.0,0.0
4500002231,40,5000004526,20230316,370.0,370.0,0.0,0.0
4500002232,10,5000004524,20230316,894.0,894.0,0.0,0.0
4500002232,20,5000004524,20230316,894.0,894.0,0.0,0.0
4500002233,70,,,309.73,309.26,0.0,0.0
4500002233,80,,,309.73,309.73,0.0,0.0
4500002233,90,,,309.73,309.73,0.0,0.0
4500002233,100,,,619.47,619.47,0.0,0.0
4500002233,110,,,0.0,0.0,0.0,0.0
4500002234,10,,,2477.88,2477.88,0.0,0.0
4500002235,30,,,6529.2,6529.2,0.0,0.0
4500002235,40,,,16789.38,16789.37,0.0,0.0
4500002235,50,,,11564.96,11564.96,0.0,0.0
4500002235,60,,,4063.36,4063.36,0.0,0.0
4500002235,70,,,7362.83,7362.83,0.0,0.0
4500002235,80,,,5522.12,5522.12,0.0,0.0
4500002235,620,,,132178.46,132178.46,0.0,0.0
4500002235,720,,,147472.57,147472.57,0.0,0.0
4500002235,730,,,4019.47,4019.47,0.0,0.0
4500002235,740,,,9530.97,9530.97,0.0,0.0
4500002236,10,,,19646.02,19646.02,0.0,0.0
4500002236,20,,,19646.02,19646.02,0.0,0.0
4500002236,30,,,28141.59,28141.59,0.0,0.0
4500002236,40,,,28141.59,28141.6,0.0,0.0
4500002236,50,,,1592.92,1592.92,0.0,0.0
4500002236,60,,,1061.95,1061.95,0.0,0.0
4500002237,10,,,1685.63,0.0,0.0,0.0
4500002238,20,,,15398.23,15398.23,0.0,0.0
4500002238,40,,,42477.88,42477.87,0.0,0.0
4500002238,50,,,42477.88,42477.88,0.0,0.0
4500002238,60,,,2376.99,2376.99,0.0,0.0
4500002238,70,,,1398.23,1398.23,0.0,0.0
4500002238,80,,,6637.17,6637.17,0.0,0.0
4500002238,90,,,2212.39,2212.39,0.0,0.0
4500002238,180,,,13867.43,13867.43,0.0,0.0
4500002238,190,,,15304.25,15304.25,0.0,0.0
4500002238,220,,,13274.34,13274.33,0.0,0.0
4500002238,230,,,13274.34,13274.34,0.0,0.0
4500002238,260,,,26433.63,26433.63,0.0,0.0
4500002238,270,,,14628.32,14628.32,0.0,0.0
4500002238,280,,,16893.81,16893.81,0.0,0.0
4500002239,10,,,0.0,0.0,0.0,0.0
4500002239,20,,,0.0,0.0,0.0,0.0
4500002239,30,,,0.0,0.0,0.0,0.0
4500002239,40,,,0.0,0.0,0.0,0.0
4500002240,10,5000005114,20230320,1100.0,1100.0,0.0,0.0
4500002240,20,5000005114,20230320,68.43,68.43,0.0,0.0
4500002242,10,,,23177.43,23177.43,0.0,0.0
4500002242,20,,,42140.71,42140.71,0.0,0.0
4500002243,10,,,286.1,286.1,0.0,0.0
4500002244,10,,,353.98,353.98,0.0,0.0
4500002245,10,,,5522.12,5522.12,0.0,0.0
4500002245,20,,,2761.06,2761.06,0.0,0.0
4500002246,10,,,318.58,318.58,0.0,0.0
4500002246,20,,,95.58,95.58,0.0,0.0
4500002246,30,,,823.01,823.01,0.0,0.0
4500002246,40,,,134.51,134.51,0.0,0.0
4500002247,10,5000004502,20230316,182752.87,182752.87,0.0,0.0
4500002248,10,5000004503,20230316,182752.87,182752.87,0.0,0.0
4500002250,10,5000004514,20230316,182752.87,182752.87,0.0,0.0
4500002251,10,5000004516,20230316,182752.87,182752.87,0.0,0.0
4500002252,10,5000004518,20230316,166823.66,166823.66,0.0,0.0
4500002253,10,5000004519,20230316,166823.66,166823.66,0.0,0.0
4500002254,10,5000004520,20230316,182752.87,182752.87,0.0,0.0
4500002255,10,5000004521,20230316,168592.95,168592.95,0.0,0.0
4500002256,10,5000004522,20230316,168592.95,168592.95,0.0,0.0
4500002257,10,,,1840.71,1840.71,0.0,0.0
4500002257,20,,,169.91,169.91,0.0,0.0
4500002258,10,5000004871,20230317,780.0,780.0,0.0,0.0
4500002259,10,5000006661,20230404,4470.0,4470.0,0.0,0.0
4500002259,20,5000006661,20230404,278.06,278.06,0.0,0.0
4500002260,10,,,336.28,336.28,0.0,0.0
4500002261,10,,,2265.49,2265.49,0.0,0.0
4500002261,20,,,2654.87,2654.87,0.0,0.0
4500002261,30,,,283.19,283.19,0.0,0.0
4500002261,40,,,5309.73,5309.73,0.0,0.0
4500002261,50,,,283.19,283.19,0.0,0.0
4500002262,10,5000004795,20230317,2258.0,2258.0,0.0,0.0
4500002263,10,5000004796,20230317,2009.0,2009.0,0.0,0.0
4500002264,10,5000004797,20230317,2258.0,2258.0,0.0,0.0
4500002265,10,5000004798,20230317,1952.0,1952.0,0.0,0.0
4500002266,10,5000004799,20230317,1952.0,1952.0,0.0,0.0
4500002267,10,5000004800,20230317,2269.0,2269.0,0.0,0.0
4500002268,10,5000004801,20230317,798.0,798.0,0.0,0.0
4500002269,10,5000004802,20230317,2081.0,2081.0,0.0,0.0
4500002270,10,5000004803,20230317,2185.0,2185.0,0.0,0.0
4500002271,10,5000004804,20230317,2154.0,2154.0,0.0,0.0
4500002273,10,5000004805,20230317,798.0,798.0,0.0,0.0
4500002274,10,5000004806,20230317,2081.0,2081.0,0.0,0.0
4500002275,10,5000004807,20230317,902.0,902.0,0.0,0.0
4500002276,10,5000004808,20230317,1952.0,1952.0,0.0,0.0
4500002277,10,5000004809,20230317,2185.0,2185.0,0.0,0.0
4500002278,10,5000004689,20230316,182752.87,182752.87,0.0,0.0
4500002279,10,5000004810,20230317,2081.0,2081.0,0.0,0.0
4500002280,10,5000004849,20230317,1056.0,1056.0,0.0,0.0
4500002281,10,5000004848,20230317,2056.0,2056.0,0.0,0.0
4500002282,10,5000004690,20230316,182752.87,182752.87,0.0,0.0
4500002283,10,5000004811,20230317,2113.0,2113.0,0.0,0.0
4500002284,10,5000004812,20230317,2185.0,2185.0,0.0,0.0
4500002285,10,5000004814,20230317,2185.0,2185.0,0.0,0.0
4500002286,10,5000004691,20230316,182752.87,182752.87,0.0,0.0
4500002287,10,5000004815,20230317,2081.0,2081.0,0.0,0.0
4500002288,10,5000004816,20230317,902.0,902.0,0.0,0.0
4500002289,10,5000004692,20230316,168592.95,168592.95,0.0,0.0
4500002290,10,5000004817,20230317,1086.0,1086.0,0.0,0.0
4500002291,10,5000004818,20230317,2129.0,2129.0,0.0,0.0
4500002292,10,5000004740,20230316,177111.88,177111.88,0.0,0.0
4500002293,10,5000004819,20230317,2081.0,2081.0,0.0,0.0
4500002294,10,5000004820,20230317,986.0,986.0,0.0,0.0
4500002295,10,5000004821,20230317,2081.0,2081.0,0.0,0.0
4500002296,10,5000004822,20230317,871.0,871.0,0.0,0.0
4500002297,10,5000004823,20230317,2009.0,2009.0,0.0,0.0
4500002298,10,5000004824,20230317,2185.0,2185.0,0.0,0.0
4500002299,10,5000004825,20230317,2258.0,2258.0,0.0,0.0
4500002300,10,5000004826,20230317,2185.0,2185.0,0.0,0.0
4500002301,10,5000011604,20230530,5000.0,5000.0,0.0,0.0
4500002302,10,5000004827,20230317,902.0,902.0,0.0,0.0
4500002303,10,5000004828,20230317,2185.0,2185.0,0.0,0.0
4500002304,10,5000004829,20230317,2185.0,2185.0,0.0,0.0
4500002305,10,5000004830,20230317,2081.0,2081.0,0.0,0.0
4500002306,10,5000004831,20230317,2081.0,2081.0,0.0,0.0
4500002307,10,5000004832,20230317,2113.0,2113.0,0.0,0.0
4500002308,10,5000004856,20230317,145.2,145.2,0.0,0.0
4500002308,20,5000004856,20230317,20.0,20.0,0.0,0.0
4500002309,10,5000004859,20230317,21161.7,21440.38,0.0,0.0
4500002309,20,5000004859,20230317,335.42,353.42,0.0,0.0
4500002310,10,5000004872,20230317,1359.9,1360.01,0.0,0.0
4500002310,20,5000004872,20230317,40.74,40.74,0.0,0.0
4500002311,10,5000004874,20230317,1755.0,1755.0,0.0,0.0
4500002311,20,5000004874,20230317,4095.0,4095.0,0.0,0.0
4500002311,30,5000004874,20230317,3060.0,3060.0,0.0,0.0
4500002311,40,5000004874,20230317,740.0,740.0,0.0,0.0
4500002311,50,5000004874,20230317,585.0,585.0,0.0,0.0
4500002311,60,5000004874,20230317,7930.0,7930.0,0.0,0.0
4500002311,70,5000004874,20230317,19840.0,19840.0,0.0,0.0
4500002311,80,5000004874,20230317,660.0,660.0,0.0,0.0
4500002312,10,5000004880,20230317,11.64,11.64,0.0,0.0
4500002312,20,5000004880,20230317,12.36,12.36,0.0,0.0
4500002312,30,5000004880,20230317,12.4,12.4,0.0,0.0
4500002313,10,,,20318.58,20318.58,0.0,0.0
4500002313,20,,,5946.91,5946.91,0.0,0.0
4500002314,10,5000004883,20230317,5000.0,5000.0,0.0,0.0
4500002314,20,5000004883,20230317,1012.0,1012.0,0.0,0.0
4500002314,30,5000004884,20230317,1620.0,1620.0,0.0,0.0
4500002315,10,,,471902.65,452654.86,0.0,0.0
4500002316,10,5000005652,20230328,3048.0,3048.0,0.0,0.0
4500002316,20,5000005652,20230328,247.8,247.8,0.0,0.0
4500002316,30,5000005652,20230328,672.0,672.0,0.0,0.0
4500002317,10,5000004891,20230317,110.0,110.0,0.0,0.0
4500002317,20,5000004891,20230317,330.0,330.0,0.0,0.0
4500002318,10,5000004734,20230316,405.0,358.41,0.0,0.0
4500002319,10,5000004737,20230316,207813.0,189706.19,0.0,0.0
4500002320,10,,,283.19,283.19,0.0,0.0
4500002321,10,5000004864,20230317,167636.0,167636.0,0.0,0.0
4500002322,10,5000004837,20230317,180679.3,180679.3,0.0,0.0
4500002323,10,5000004838,20230317,181810.07,181810.07,0.0,0.0
4500002324,10,5000004865,20230317,182365.4,182365.4,0.0,0.0
4500002325,10,5000004839,20230317,180679.3,180679.3,0.0,0.0
4500002326,10,5000004866,20230317,193044.63,193044.63,0.0,0.0
4500002327,10,,,6230.09,6230.09,0.0,0.0
4500002327,20,,,18265.49,18265.49,0.0,0.0
4500002327,30,,,4566.37,4566.37,0.0,0.0
4500002327,40,,,4646.02,4646.02,0.0,0.0
4500002327,50,,,4646.02,4646.02,0.0,0.0
4500002327,60,,,991.15,991.15,0.0,0.0
4500002327,70,,,15858.41,15858.41,0.0,0.0
4500002327,80,,,2973.45,2973.45,0.0,0.0
4500002327,90,,,23362.83,23362.83,0.0,0.0
4500002327,100,,,1557.52,1557.52,0.0,0.0
4500002327,110,,,26265.49,26265.49,0.0,0.0
4500002327,120,,,26265.49,26265.49,0.0,0.0
4500002328,10,5000004840,20230317,187764.33,187764.33,0.0,0.0
4500002329,10,5000004843,20230317,187764.33,187764.33,0.0,0.0
4500002330,10,5000004846,20230317,180679.3,180679.3,0.0,0.0
4500002331,10,5000004847,20230317,184730.42,184730.42,0.0,0.0
4500002332,10,,,60.18,60.18,0.0,0.0
4500002333,10,5000004850,20230317,184487.06,184487.06,0.0,0.0
4500002334,10,5000004851,20230317,184907.42,184907.42,0.0,0.0
4500002335,10,5000004852,20230317,181810.07,181810.07,0.0,0.0
4500002336,10,5000004854,20230317,180679.3,180679.3,0.0,0.0
4500002337,20,,,2891.15,2891.15,0.0,0.0
4500002337,30,,,2920.35,2920.35,0.0,0.0
4500002337,40,,,6725.66,6725.66,0.0,0.0
4500002337,50,,,1681.42,1681.42,0.0,0.0
4500002337,60,,,21238.94,21238.94,0.0,0.0
4500002337,70,,,2212.39,2212.38,0.0,0.0
4500002338,10,5000005217,20230321,4470.0,4470.0,0.0,0.0
4500002338,20,5000005217,20230321,278.06,278.06,0.0,0.0
4500002339,10,5000005115,20230320,1350.0,1350.0,0.0,0.0
4500002339,20,5000005115,20230320,83.98,83.98,0.0,0.0
4500002341,10,5000005113,20230320,1200.0,1200.0,0.0,0.0
4500002341,20,5000005113,20230320,74.65,74.65,0.0,0.0
4500002342,10,,,123893.81,121769.91,0.0,0.0
4500002342,20,,,10619.47,10619.47,0.0,0.0
4500002342,30,,,11946.9,11946.9,0.0,0.0
4500002343,10,5000005087,20230320,444.29,444.29,0.0,0.0
4500002344,10,,,51681.42,51681.42,0.0,0.0
4500002344,20,,,51681.42,51681.42,0.0,0.0
4500002344,30,,,34048.67,34048.67,0.0,0.0
4500002344,40,,,68097.36,68097.36,0.0,0.0
4500002344,50,,,32920.35,32920.34,0.0,0.0
4500002344,60,,,36637.18,36637.18,0.0,0.0
4500002345,10,,,5840.71,5840.71,0.0,0.0
4500002346,10,,,1167610.62,1085732.74,0.0,0.0
4500002347,10,,,0.0,0.0,0.0,0.0
4500002347,20,,,0.0,0.0,0.0,0.0
4500002348,10,,,1203.54,1203.54,0.0,0.0
4500002348,20,,,252.21,252.21,0.0,0.0
4500002348,30,,,212.39,212.39,0.0,0.0
4500002348,40,,,44.25,44.25,0.0,0.0
4500002348,50,,,42.48,42.48,0.0,0.0
4500002348,60,,,309.73,309.73,0.0,0.0
4500002348,70,,,49.56,49.56,0.0,0.0
4500002348,80,,,1924.78,1924.78,0.0,0.0
4500002348,90,,,530.97,530.97,0.0,0.0
4500002348,100,,,265.49,265.49,0.0,0.0
4500002348,110,,,601.77,601.77,0.0,0.0
4500002348,120,,,212.39,212.39,0.0,0.0
4500002348,130,,,893.81,893.81,0.0,0.0
4500002348,140,,,1132.74,1132.74,0.0,0.0
4500002348,150,,,4823.01,4823.01,0.0,0.0
4500002348,160,,,1592.92,1592.92,0.0,0.0
4500002348,170,,,204.42,204.42,0.0,0.0
4500002348,180,,,1287.61,1287.61,0.0,0.0
4500002348,190,,,336.28,336.28,0.0,0.0
4500002348,200,,,124.78,124.78,0.0,0.0
4500002348,210,,,508.85,508.85,0.0,0.0
4500002348,220,,,119.47,119.47,0.0,0.0
4500002348,230,,,1721.24,1721.24,0.0,0.0
4500002348,240,,,150.44,150.44,0.0,0.0
4500002348,250,,,467.26,467.26,0.0,0.0
4500002348,260,,,115.04,115.04,0.0,0.0
4500002348,270,,,57.52,57.52,0.0,0.0
4500002348,280,,,207.96,207.96,0.0,0.0
4500002348,290,,,2787.61,2787.61,0.0,0.0
4500002348,300,,,265.49,265.49,0.0,0.0
4500002349,10,5000005055,20230320,20551.68,20551.44,0.0,0.0
4500002349,20,5000005055,20230320,18403.2,18402.3,0.0,0.0
4500002349,30,5000005055,20230320,1241.28,1240.63,0.0,0.0
4500002349,40,5000005055,20230320,936.0,935.57,0.0,0.0
4500002349,50,5000005055,20230320,936.0,935.57,0.0,0.0
4500002350,30,,,44601.77,44601.77,0.0,0.0
4500002350,40,,,38230.09,38230.09,0.0,0.0
4500002350,50,,,40141.59,40141.59,0.0,0.0
4500002350,60,,,26477.88,26477.88,0.0,0.0
4500002350,70,,,68814.16,68814.16,0.0,0.0
4500002350,80,,,30300.88,30300.88,0.0,0.0
4500002350,90,,,22654.87,22654.87,0.0,0.0
4500002350,100,,,15575.22,15575.22,0.0,0.0
4500002350,110,,,23415.93,23415.93,0.0,0.0
4500002350,120,,,20283.19,18159.29,0.0,0.0
4500002350,130,,,20814.16,20814.16,0.0,0.0
4500002350,140,,,20070.8,20070.8,0.0,0.0
4500002350,150,,,13221.24,13221.24,0.0,0.0
4500002350,160,,,9079.65,9079.65,0.0,0.0
4500002350,170,,,8017.7,8017.7,0.0,0.0
4500002350,180,,,39026.55,39026.55,0.0,0.0
4500002350,190,,,32743.36,32743.36,0.0,0.0
4500002350,200,,,25663.72,25663.72,0.0,0.0
4500002350,220,,,27433.63,27433.63,0.0,0.0
4500002350,230,,,21681.42,21681.42,0.0,0.0
4500002350,240,,,21946.9,21946.9,0.0,0.0
4500002350,250,,,16371.68,16371.68,0.0,0.0
4500002350,260,,,13362.83,13362.83,0.0,0.0
4500002350,270,,,47.55,47.55,0.0,0.0
4500002350,280,,,34690.27,34690.27,0.0,0.0
4500002350,290,,,33451.33,33451.33,0.0,0.0
4500002350,300,,,22831.86,22831.86,0.0,0.0
4500002350,310,,,884.96,884.96,0.0,0.0
4500002350,320,,,884.96,884.96,0.0,0.0
4500002351,10,,,0.0,0.0,0.0,0.0
4500002351,20,,,0.0,0.0,0.0,0.0
4500002352,10,5000005306,20230322,85.0,85.0,0.0,0.0
4500002353,10,5000005203,20230321,9251.0,9251.0,0.0,0.0
4500002353,20,5000005203,20230321,45.36,45.36,0.0,0.0
4500002353,30,5000005203,20230321,429.0,429.0,0.0,0.0
4500002353,40,5000005203,20230321,429.0,429.0,0.0,0.0
4500002353,50,5000005203,20230321,429.0,429.0,0.0,0.0
4500002353,60,5000005203,20230321,429.0,429.0,0.0,0.0
4500002353,70,5000005203,20230321,429.0,429.0,0.0,0.0
4500002353,80,5000005203,20230321,429.0,429.0,0.0,0.0
4500002353,90,5000005203,20230321,429.0,429.0,0.0,0.0
4500002353,100,5000005203,20230321,429.0,429.0,0.0,0.0
4500002355,10,,,0.0,0.0,0.0,0.0
4500002355,20,,,0.0,0.0,0.0,0.0
4500002356,10,,,0.0,0.0,0.0,0.0
4500002356,20,,,0.0,0.0,0.0,0.0
4500002357,10,5000005200,20230321,136.36,136.36,0.0,0.0
4500002357,20,5000005200,20230321,136.36,136.36,0.0,0.0
4500002357,30,5000005200,20230321,136.36,136.36,0.0,0.0
4500002357,40,5000005200,20230321,270.0,270.0,0.0,0.0
4500002357,50,5000005200,20230321,270.0,270.0,0.0,0.0
4500002357,60,5000005200,20230321,136.36,136.36,0.0,0.0
4500002357,70,5000005200,20230321,136.36,136.36,0.0,0.0
4500002357,80,5000005200,20230321,318.18,318.18,0.0,0.0
4500002357,90,5000005200,20230321,500.0,500.0,0.0,0.0
4500002357,100,5000005200,20230321,500.0,500.0,0.0,0.0
4500002357,110,5000005200,20230321,500.0,500.0,0.0,0.0
4500002357,120,5000005200,20230321,136.36,136.36,0.0,0.0
4500002357,130,5000005200,20230321,318.18,318.18,0.0,0.0
4500002357,140,5000005200,20230321,270.0,270.0,0.0,0.0
4500002357,150,5000005200,20230321,318.18,318.18,0.0,0.0
4500002357,160,5000005200,20230321,318.18,318.18,0.0,0.0
4500002358,10,5000009148,20230501,2750.0,2750.0,0.0,0.0
4500002358,20,5000009148,20230501,171.07,171.07,0.0,0.0
4500002359,10,5000004922,20230317,1700.0,1700.0,0.0,0.0
4500002360,10,5000004923,20230317,1700.0,1700.0,0.0,0.0
4500002361,10,,,12042.48,12042.48,0.0,0.0
4500002361,20,,,13380.53,13380.53,0.0,0.0
4500002361,80,,,4205.31,4205.31,0.0,0.0
4500002361,90,,,1146.9,1146.9,0.0,0.0
4500002362,10,,,1637.17,1637.17,0.0,0.0
4500002362,20,,,1592.92,1592.92,0.0,0.0
4500002363,10,,,2580.53,2580.53,0.0,0.0
4500002364,310,,,5475.08,5475.08,0.0,0.0
4500002365,60,,,30317.31,30317.31,0.0,0.0
4500002365,70,,,169363.54,169363.54,0.0,0.0
4500002366,280,,,121.39,121.39,0.0,0.0
4500002366,290,,,22178.12,21900.31,0.0,0.0
4500002367,10,,,19497.35,19497.36,0.0,0.0
4500002367,40,,,1839.82,1839.82,0.0,0.0
4500002367,50,,,3846.9,3846.9,0.0,0.0
4500002368,10,,,2253.98,2253.98,0.0,0.0
4500002368,20,,,8729.2,8686.72,0.0,0.0
4500002368,30,,,2102.65,2102.65,0.0,0.0
4500002368,40,,,743.36,743.36,0.0,0.0
4500002368,50,,,371.68,371.68,0.0,0.0
4500002368,60,,,371.68,371.68,0.0,0.0
4500002368,70,,,37274.34,37243.38,0.0,0.0
4500002369,10,,,3503.72,3503.72,0.0,0.0
4500002369,20,,,1188.76,1188.76,0.0,0.0
4500002370,10,,,7699.12,7699.12,0.0,0.0
4500002371,10,,,14601.77,14601.77,0.0,0.0
4500002371,20,,,11681.42,11681.42,0.0,0.0
4500002372,10,,,84.96,79263.71,0.0,0.0
4500002372,20,,,77.87,63235.4,0.0,0.0
4500002373,10,,,5415.93,5415.92,0.0,0.0
4500002373,20,,,2106.19,2106.19,0.0,0.0
4500002374,10,,,6024.78,6024.78,0.0,0.0
4500002374,20,,,14145.13,14145.13,0.0,0.0
4500002374,30,,,12732.74,12732.74,0.0,0.0
4500002375,10,,,9557.52,9557.52,0.0,0.0
4500002375,20,,,17203.54,17203.54,0.0,0.0
4500002375,30,,,52555.75,52555.75,0.0,0.0
4500002375,50,,,24889.38,24889.38,0.0,0.0
4500002375,60,,,18252.21,18252.21,0.0,0.0
4500002375,70,,,7221.24,7221.24,0.0,0.0
4500002375,80,,,4814.16,4814.16,0.0,0.0
4500002376,10,,,6031.86,6031.86,0.0,0.0
4500002376,20,,,867.26,867.26,0.0,0.0
4500002376,30,,,4955.75,4955.75,0.0,0.0
4500002376,40,,,3185.84,3185.84,0.0,0.0
4500002376,50,,,28672.57,28672.57,0.0,0.0
4500002377,30,,,460.18,460.18,0.0,0.0
4500002377,40,,,667.26,667.26,0.0,0.0
4500002378,10,,,849.56,849.56,0.0,0.0
4500002378,20,,,3398.23,3398.23,0.0,0.0
4500002378,30,,,849.56,849.56,0.0,0.0
4500002378,40,,,2601.77,3472.57,0.0,0.0
4500002378,50,,,1699.12,1699.13,0.0,0.0
4500002379,10,,,2389.38,2389.38,0.0,0.0
4500002380,90,,,1106.62,1106.64,0.0,0.0
4500002380,100,,,6010.09,6010.09,0.0,0.0
4500002380,120,,,33484.78,33484.78,0.0,0.0
4500002381,10,,,14512.39,14512.4,0.0,0.0
4500002381,130,,,2070.79,2070.79,0.0,0.0
4500002381,140,,,13942.48,13942.48,0.0,0.0
4500002381,150,,,12212.39,12212.39,0.0,0.0
4500002382,10,,,5557.54,0.0,0.0,0.0
4500002382,20,,,43488.9,0.0,0.0,0.0
4500002383,10,5000005117,20230320,1200.0,1200.0,0.0,0.0
4500002383,20,5000005117,20230320,74.65,74.65,0.0,0.0
4500002385,10,5000005116,20230320,1350.0,1350.0,0.0,0.0
4500002385,20,5000005116,20230320,83.98,83.98,0.0,0.0
4500002386,10,5000006914,20230406,3900.0,3900.0,0.0,0.0
4500002386,20,5000006914,20230406,242.61,242.61,0.0,0.0
4500002387,10,5000005130,20230320,1200.0,1200.0,0.0,0.0
4500002387,20,5000005130,20230320,74.65,74.65,0.0,0.0
4500002388,10,5000006103,20230330,3900.0,3900.0,0.0,0.0
4500002388,20,5000006103,20230330,242.61,242.61,0.0,0.0
4500002389,10,,,0.0,0.0,0.0,0.0
4500002390,10,5000007744,20230418,1500.0,1500.0,0.0,0.0
4500002391,10,,,181.42,0.0,0.0,0.0
4500002392,10,,,6902.65,6902.65,0.0,0.0
4500002392,20,,,8407.08,8407.08,0.0,0.0
4500002392,30,,,9292.04,9292.04,0.0,0.0
4500002394,40,,,81.42,81.4,0.0,0.0
4500002394,50,,,86.73,86.73,0.0,0.0
4500002395,10,,,821.74,0.0,0.0,0.0
4500002395,20,,,745.89,0.0,0.0,0.0
4500002395,40,,,3292.04,0.0,0.0,0.0
4500002396,10,5000005035,20230318,8495.58,8495.58,0.0,0.0
4500002396,20,5000005035,20230318,1221.24,1221.24,0.0,0.0
4500002396,30,5000005035,20230318,1460.18,1460.18,0.0,0.0
4500002397,10,,,1039.82,1039.82,0.0,0.0
4500002398,10,,,3511.5,3511.5,0.0,0.0
4500002399,10,5000005303,20230322,30378.44,30378.44,0.0,0.0
4500002399,20,5000005303,20230322,29376.12,29376.12,0.0,0.0
4500002399,30,5000005303,20230322,32814.51,32814.51,0.0,0.0
4500002399,40,5000005303,20230322,32379.84,32379.84,0.0,0.0
4500002399,50,5000005303,20230322,33598.07,33598.07,0.0,0.0
4500002399,60,5000005303,20230322,34423.81,34423.81,0.0,0.0
4500002399,70,5000005303,20230322,27495.54,27495.54,0.0,0.0
4500002399,80,5000005303,20230322,24107.77,24107.77,0.0,0.0
4500002399,90,5000005303,20230322,28965.49,28965.49,0.0,0.0
4500002399,100,5000005303,20230322,31586.27,31586.27,0.0,0.0
4500002399,110,5000005303,20230322,30721.11,30721.11,0.0,0.0
4500002399,120,5000005303,20230322,24549.45,24549.45,0.0,0.0
4500002399,130,5000005303,20230322,25811.91,25811.91,0.0,0.0
4500002399,140,5000005303,20230322,32748.66,32748.66,0.0,0.0
4500002399,150,5000005303,20230322,30701.43,30701.43,0.0,0.0
4500002399,160,5000005303,20230322,28562.93,28562.93,0.0,0.0
4500002399,170,5000005303,20230322,29149.38,29149.38,0.0,0.0
4500002400,10,5000005348,20230323,30289.64,30289.64,0.0,0.0
4500002400,20,5000005348,20230323,29553.39,29553.39,0.0,0.0
4500002400,30,5000005348,20230323,32565.25,32565.25,0.0,0.0
4500002400,40,5000005348,20230323,28512.55,28512.55,0.0,0.0
4500002400,50,5000005348,20230323,33830.33,33830.33,0.0,0.0
4500002400,60,5000005348,20230323,32565.25,32565.25,0.0,0.0
4500002400,70,5000005348,20230323,31066.88,31066.88,0.0,0.0
4500002400,80,5000005348,20230323,25258.34,25258.34,0.0,0.0
4500002400,90,5000005348,20230323,24709.15,24709.15,0.0,0.0
4500002400,100,5000005348,20230323,31035.68,31035.68,0.0,0.0
4500002400,110,5000005348,20230323,29666.96,29666.96,0.0,0.0
4500002400,120,5000005348,20230323,32862.04,32862.04,0.0,0.0
4500002400,130,5000005348,20230323,27041.31,27041.31,0.0,0.0
4500002400,140,5000005348,20230323,31710.94,31710.94,0.0,0.0
4500002400,150,5000005348,20230323,30897.89,30897.89,0.0,0.0
4500002400,160,5000005348,20230323,32565.25,32565.25,0.0,0.0
4500002400,170,5000005348,20230323,32565.25,32565.25,0.0,0.0
4500002401,10,5000005304,20230322,3955.0,3955.0,0.0,0.0
4500002401,20,5000005304,20230322,3955.0,3955.0,0.0,0.0
4500002402,40,,,1272.35,1272.35,0.0,0.0
4500002402,50,,,4113.92,4113.92,0.0,0.0
4500002402,110,,,2417.46,2417.46,0.0,0.0
4500002403,10,,,53044.25,53044.25,0.0,0.0
4500002403,20,,,81430.09,81430.09,0.0,0.0
4500002406,10,5000009146,20230501,2750.0,2750.0,0.0,0.0
4500002406,20,5000009146,20230501,166.9,166.9,0.0,0.0
4500002408,10,5000005776,20230328,10150.0,10150.0,0.0,0.0
4500002410,10,5000005195,20230321,15115.5,15115.38,0.0,0.0
4500002410,20,5000005195,20230321,270.19,270.19,0.0,0.0
4500002411,10,,,4528.32,4528.32,0.0,0.0
4500002411,20,,,1401.77,1401.77,0.0,0.0
4500002412,10,,,36833.77,36833.77,0.0,0.0
4500002413,10,,,265.49,265.49,0.0,0.0
4500002413,20,,,862.83,862.83,0.0,0.0
4500002413,30,,,230.09,230.09,0.0,0.0
4500002413,40,,,132.74,132.74,0.0,0.0
4500002413,50,,,49.56,49.56,0.0,0.0
4500002413,60,,,44.25,44.25,0.0,0.0
4500002413,70,,,53.1,53.1,0.0,0.0
4500002413,80,,,61.95,61.95,0.0,0.0
4500002413,90,,,876.11,876.11,0.0,0.0
4500002413,100,,,159.29,159.29,0.0,0.0
4500002413,110,,,159.29,159.29,0.0,0.0
4500002413,120,,,26.55,26.55,0.0,0.0
4500002413,130,,,88.5,88.5,0.0,0.0
4500002413,140,,,88.5,88.5,0.0,0.0
4500002413,150,,,12.39,12.39,0.0,0.0
4500002413,160,,,159.29,159.29,0.0,0.0
4500002413,170,,,26.55,26.55,0.0,0.0
4500002413,180,,,161.95,161.95,0.0,0.0
4500002413,190,,,252.21,252.21,0.0,0.0
4500002413,200,,,247.79,247.79,0.0,0.0
4500002413,210,,,144.25,144.25,0.0,0.0
4500002413,220,,,823.01,823.01,0.0,0.0
4500002413,230,,,1008.85,1008.85,0.0,0.0
4500002413,240,,,247.79,247.79,0.0,0.0
4500002413,250,,,292.04,292.04,0.0,0.0
4500002413,260,,,336.28,336.28,0.0,0.0
4500002413,270,,,530.97,530.97,0.0,0.0
4500002413,280,,,115.04,115.04,0.0,0.0
4500002413,290,,,132.74,132.74,0.0,0.0
4500002413,300,,,61.95,61.95,0.0,0.0
4500002413,310,,,199.12,199.12,0.0,0.0
4500002413,320,,,548.67,548.67,0.0,0.0
4500002413,330,,,88.5,88.5,0.0,0.0
4500002413,340,,,159.29,159.29,0.0,0.0
4500002414,10,,,1035.4,1035.4,0.0,0.0
4500002414,20,,,286.73,286.73,0.0,0.0
4500002414,30,,,1442.48,1442.48,0.0,0.0
4500002414,40,,,2362.83,2362.83,0.0,0.0
4500002415,10,,,4460.18,4460.18,0.0,0.0
4500002416,10,,,1415.93,1415.93,0.0,0.0
4500002416,20,,,1415.93,1415.93,0.0,0.0
4500002416,30,,,2831.86,2831.86,0.0,0.0
4500002417,10,,,796.46,796.46,0.0,0.0
4500002417,20,,,7168.14,7168.14,0.0,0.0
4500002417,30,,,13539.82,13539.82,0.0,0.0
4500002417,40,,,2389.38,2389.38,0.0,0.0
4500002418,10,5000007664,20230418,4470.0,4470.0,0.0,0.0
4500002418,20,5000007664,20230418,271.28,271.28,0.0,0.0
4500002419,10,,,3494.69,0.0,0.0,0.0
4500002420,10,5000005206,20230321,145.1,145.1,0.0,0.0
4500002421,10,,,0.0,0.0,0.0,0.0
4500002421,20,,,0.0,0.0,0.0,0.0
4500002421,30,5000005464,20230324,3900.0,3900.0,0.0,0.0
4500002421,40,5000005464,20230324,236.69,236.69,0.0,0.0
4500002422,10,5000005294,20230322,700.0,700.0,0.0,0.0
4500002423,10,,,0.0,0.0,0.0,0.0
4500002424,10,5000005209,20230321,364.0,364.0,0.0,0.0
4500002425,10,5000005096,20230320,191150.44,191150.44,0.0,0.0
4500002425,20,5000005096,20230320,191150.44,191150.44,0.0,0.0
4500002425,30,5000005096,20230320,128495.58,128495.58,0.0,0.0
4500002426,10,5000010160,20230516,4470.0,4470.0,0.0,0.0
4500002426,20,5000010160,20230516,271.28,271.28,0.0,0.0
4500002427,10,5000005293,20230322,481.2,481.25,0.0,0.0
4500002428,10,5000086001,20241231,2750.0,2750.0,0.0,0.0
4500002428,20,5000086001,20241231,166.9,166.9,0.0,0.0
4500002429,10,5000005295,20230322,1700.0,1700.0,0.0,0.0
4500002430,10,5000005296,20230322,1700.0,1700.0,0.0,0.0
4500002431,10,5000005297,20230322,2750.0,2750.0,0.0,0.0
4500002433,10,5000005299,20230322,1600.0,1600.0,0.0,0.0
4500002434,10,5000005300,20230322,2400.0,2400.0,0.0,0.0
4500002435,100,,,953.52,953.52,0.0,0.0
4500002436,10,5000006713,20230405,792.0,792.0,0.0,0.0
4500002436,20,5000006714,20230405,3641.0,3641.0,0.0,0.0
4500002436,30,5000006714,20230405,18304.0,18304.0,0.0,0.0
4500002437,10,5000005210,20230321,5367.6,5367.34,0.0,0.0
4500002438,20,,,62470.8,62470.8,0.0,0.0
4500002438,40,,,71925.22,71925.22,0.0,0.0
4500002438,50,,,294288.5,294288.5,0.0,0.0
4500002438,90,,,274871.5,274871.5,0.0,0.0
4500002438,100,,,106194.69,106194.69,0.0,0.0
4500002438,110,,,23008.85,23008.85,0.0,0.0
4500002438,120,,,12530.44,0.0,0.0,0.0
4500002439,10,5000005212,20230321,40800.0,40800.0,0.0,0.0
4500002440,10,,,104840.71,104840.71,0.0,0.0
4500002441,10,,,566.37,566.37,0.0,0.0
4500002442,10,5000005213,20230321,1952.0,1952.0,0.0,0.0
4500002443,10,5000005247,20230322,2360.0,2360.0,0.0,0.0
4500002444,10,5000005248,20230322,2284.0,2284.0,0.0,0.0
4500002445,10,5000005249,20230322,2185.0,2185.0,0.0,0.0
4500002446,10,,,50654.87,50654.87,0.0,0.0
4500002447,10,5000005287,20230322,570.6,570.6,0.0,0.0
4500002447,20,5000005287,20230322,16.0,41.0,0.0,0.0
4500002448,10,,,1176.99,1176.99,0.0,0.0
4500002448,20,,,17.7,17.7,0.0,0.0
4500002448,30,,,1592.92,1592.92,0.0,0.0
4500002449,10,,,11575.22,11575.22,0.0,0.0
4500002449,20,,,2893.81,2893.81,0.0,0.0
4500002450,10,5000005147,20230320,392800.0,324070.8,0.0,0.0
4500002450,20,5000005147,20230320,191150.44,191150.44,0.0,0.0
4500002450,30,5000005147,20230320,206814.16,206814.16,0.0,0.0
4500002450,40,5000005147,20230320,206814.16,206814.16,0.0,0.0
4500002451,10,,,1247.79,1247.77,0.0,0.0
4500002451,20,,,1247.79,1247.79,0.0,0.0
4500002452,10,,,1247.79,1247.79,0.0,0.0
4500002453,10,5000005148,20230320,1102927.43,1102927.44,0.0,0.0
4500002454,10,,,1247.79,1247.79,0.0,0.0
4500002454,20,,,1247.79,1247.79,0.0,0.0
4500002454,30,,,1247.79,1247.79,0.0,0.0
4500002454,40,,,1247.79,1247.79,0.0,0.0
4500002454,100,,,1380.53,1380.53,0.0,0.0
4500002455,10,,,1380.53,1380.53,0.0,0.0
4500002455,20,,,1247.79,1247.79,0.0,0.0
4500002455,30,,,1247.79,1247.79,0.0,0.0
4500002455,40,,,1247.79,1247.79,0.0,0.0
4500002455,50,,,1380.53,1380.53,0.0,0.0
4500002456,10,,,101.77,101.77,0.0,0.0
4500002457,10,,,1380.53,1380.51,0.0,0.0
4500002457,20,,,1380.53,1380.53,0.0,0.0
4500002457,30,,,1247.79,1247.79,0.0,0.0
4500002457,40,,,1380.53,1380.53,0.0,0.0
4500002457,50,,,1247.79,1247.79,0.0,0.0
4500002457,60,,,1247.79,1247.79,0.0,0.0
4500002458,10,,,1247.79,1247.79,0.0,0.0
4500002458,20,,,1380.53,1380.53,0.0,0.0
4500002458,30,,,1380.53,1380.53,0.0,0.0
4500002458,40,,,1247.79,1247.79,0.0,0.0
4500002458,50,,,1247.79,1247.79,0.0,0.0
4500002459,10,5000005280,20230322,2205.0,2205.0,0.0,0.0
4500002459,20,5000005280,20230322,6.0,6.0,0.0,0.0
4500002460,10,,,0.0,0.0,0.0,0.0
4500002460,20,,,0.0,0.0,0.0,0.0
4500002461,10,,,0.0,0.0,0.0,0.0
4500002461,20,,,0.0,0.0,0.0,0.0
4500002462,10,5000006650,20230404,395.0,359.09,0.0,0.0
4500002463,10,,,1526.55,1526.55,0.0,0.0
4500002464,10,5000005278,20230322,153.64,153.64,0.0,0.0
4500002464,20,5000005278,20230322,105.0,105.0,0.0,0.0
4500002465,10,5000005279,20230322,22.18,22.18,0.0,0.0
4500002466,10,5000005282,20230322,582.5,582.5,0.0,0.0
4500002467,90,,,26460.18,26460.18,0.0,0.0
4500002467,100,,,8743.43,8743.43,0.0,0.0
4500002467,110,,,208.18,208.18,0.0,0.0
4500002467,120,,,9982.3,9982.3,0.0,0.0
4500002467,130,,,415.93,415.93,0.0,0.0
4500002469,10,5000010218,20230516,2750.0,2750.0,0.0,0.0
4500002469,20,5000010218,20230516,166.9,166.9,0.0,0.0
4500002470,10,5000006913,20230406,3900.0,3900.0,0.0,0.0
4500002470,20,5000006913,20230406,236.69,236.69,0.0,0.0
4500002471,10,5000005366,20230323,450.0,450.0,0.0,0.0
4500002471,20,5000005366,20230323,250.0,250.0,0.0,0.0
4500002471,30,5000005366,20230323,640.0,640.0,0.0,0.0
4500002471,40,5000005366,20230323,100.0,100.0,0.0,0.0
4500002471,50,5000005366,20230323,640.0,640.0,0.0,0.0
4500002471,60,5000005366,20230323,100.0,100.0,0.0,0.0
4500002472,10,5000005298,20230322,150.0,150.0,0.0,0.0
4500002473,10,5000005301,20230322,16.5,16.5,0.0,0.0
4500002474,10,5000005305,20230322,20.0,20.0,0.0,0.0
4500002474,20,5000005305,20230322,150.0,150.0,0.0,0.0
4500002474,30,5000005305,20230322,50.0,50.0,0.0,0.0
4500002475,10,5000005263,20230322,2150.0,2150.0,0.0,0.0
4500002476,10,5000005309,20230322,150.0,159.09,0.0,0.0
4500002477,10,5000005236,20230321,2.3,0.0,0.0,0.0
4500002478,10,,,282.3,282.3,0.0,0.0
4500002479,40,,,134867.26,134867.26,0.0,0.0
4500002480,10,,,349469.03,349469.05,0.0,0.0
4500002481,40,,,9380.53,9380.53,0.0,0.0
4500002482,10,5000005292,20230322,150.03,150.03,0.0,0.0
4500002482,20,5000005292,20230322,150.03,150.03,0.0,0.0
4500002482,30,5000005292,20230322,50.0,50.0,0.0,0.0
4500002482,40,5000005292,20230322,150.03,150.03,0.0,0.0
4500002482,50,5000005292,20230322,150.03,150.03,0.0,0.0
4500002482,60,5000005292,20230322,150.03,150.03,0.0,0.0
4500002483,10,,,1548.67,1548.67,0.0,0.0
4500002484,10,,,2964.6,2964.6,0.0,0.0
4500002485,10,5000010167,20230516,3900.0,3900.0,0.0,0.0
4500002485,20,5000010167,20230516,236.69,236.69,0.0,0.0
4500002486,10,5000009145,20230501,2750.0,2750.0,0.0,0.0
4500002486,20,5000009145,20230501,166.9,166.9,0.0,0.0
4500002486,30,5000009145,20230501,2750.0,2750.0,0.0,0.0
4500002486,40,5000009145,20230501,166.9,166.9,0.0,0.0
4500002488,10,,,0.0,0.0,0.0,0.0
4500002488,20,,,0.0,0.0,0.0,0.0
4500002490,10,5000005383,20230323,3800.7,3800.7,0.0,0.0
4500002491,10,5000005375,20230323,1145.1,1145.1,0.0,0.0
4500002491,20,5000005375,20230323,862.5,862.5,0.0,0.0
4500002492,10,5000005312,20230322,199.1,199.1,0.0,0.0
4500002493,10,,,0.0,0.0,0.0,0.0
4500002494,10,5000005311,20230322,256.0,256.0,0.0,0.0
4500002495,10,5000005467,20230324,939.85,241.5,0.0,0.0
4500002495,20,5000005467,20230324,896.05,231.4,0.0,0.0
4500002495,30,5000005467,20230324,249.6,249.6,0.0,0.0
4500002496,10,5000005308,20230322,1320.0,1320.0,0.0,0.0
4500002496,20,5000005308,20230322,559.09,559.09,0.0,0.0
4500002496,30,5000005308,20230322,442.0,442.0,0.0,0.0
4500002497,10,5000005307,20230322,54.81,54.81,0.0,0.0
4500002497,20,5000005307,20230322,270.0,270.0,0.0,0.0
4500002498,10,5000005379,20230323,356.13,356.13,0.0,0.0
4500002499,10,5000005378,20230323,197.85,197.85,0.0,0.0
4500002500,10,5000005377,20230323,158.28,158.28,0.0,0.0
4500002501,10,5000005380,20230323,395.7,395.7,0.0,0.0
4500002502,10,5000005314,20230322,258.0,258.0,0.0,0.0
4500002502,20,5000005314,20230322,267.0,267.0,0.0,0.0
4500002502,30,5000005314,20230322,99.95,99.95,0.0,0.0
4500002502,40,5000005314,20230322,130.7,130.7,0.0,0.0
4500002502,50,5000005314,20230322,129.65,129.65,0.0,0.0
4500002502,60,5000005314,20230322,101.44,101.44,0.0,0.0
4500002502,70,5000005314,20230322,53.6,53.6,0.0,0.0
4500002502,80,5000005314,20230322,157.5,157.5,0.0,0.0
4500002502,90,5000005314,20230322,135.6,135.6,0.0,0.0
4500002502,100,5000005314,20230322,63.18,63.18,0.0,0.0
4500002502,110,5000005314,20230322,80.97,80.97,0.0,0.0
4500002502,120,5000005314,20230322,42.72,42.72,0.0,0.0
4500002502,130,5000005314,20230322,72.82,72.82,0.0,0.0
4500002502,140,5000005314,20230322,73.76,73.76,0.0,0.0
4500002503,10,5000005291,20230322,763.56,763.63,0.0,0.0
4500002504,10,5000005290,20230322,763.56,840.0,0.0,0.0
4500002506,10,5000005289,20230322,2920.0,2920.0,0.0,0.0
4500002506,20,5000005289,20230322,1530.0,1530.0,0.0,0.0
4500002506,30,5000005289,20230322,765.0,765.0,0.0,0.0
4500002506,40,5000005289,20230322,1480.0,1480.0,0.0,0.0
4500002506,50,5000005289,20230322,1830.0,1830.0,0.0,0.0
4500002506,60,5000005289,20230322,3200.0,3200.0,0.0,0.0
4500002506,70,5000005289,20230322,6210.0,6210.0,0.0,0.0
4500002507,10,5000005288,20230322,585.0,585.0,0.0,0.0
4500002507,20,5000005288,20230322,2340.0,2340.0,0.0,0.0
4500002507,30,5000005288,20230322,3825.0,3825.0,0.0,0.0
4500002507,40,5000005288,20230322,2190.0,2190.0,0.0,0.0
4500002507,50,5000005288,20230322,3660.0,3660.0,0.0,0.0
4500002507,60,5000005288,20230322,4480.0,4480.0,0.0,0.0
4500002507,70,5000005288,20230322,740.0,740.0,0.0,0.0
4500002507,80,5000005288,20230322,765.0,765.0,0.0,0.0
4500002508,10,,,2212.39,2212.39,0.0,0.0
4500002509,10,5000005316,20230322,4400.0,4400.0,0.0,0.0
4500002510,10,5000005315,20230322,4450.0,4450.0,0.0,0.0
4500002513,10,5000009147,20230501,2750.0,2750.0,0.0,0.0
4500002513,20,5000009147,20230501,166.9,166.9,0.0,0.0
4500002513,30,5000009147,20230501,2750.0,2750.0,0.0,0.0
4500002513,40,5000009147,20230501,166.9,166.9,0.0,0.0
4500002514,10,,,65026.55,65026.55,0.0,0.0
4500002516,10,,,0.0,0.0,0.0,0.0
4500002516,20,,,0.0,0.0,0.0,0.0
4500002518,10,,,442.48,442.48,0.0,0.0
4500002519,10,5000007688,20230418,2750.0,2750.0,0.0,0.0
4500002519,20,5000007688,20230418,166.9,166.9,0.0,0.0
4500002519,30,5000010219,20230516,2750.0,2750.0,0.0,0.0
4500002519,40,5000010219,20230516,166.9,166.9,0.0,0.0
4500002520,10,5000007725,20230418,2750.0,2500.0,0.0,0.0
4500002520,20,5000007725,20230418,166.9,151.73,0.0,0.0
4500002520,30,5000009144,20230501,2750.0,2750.0,0.0,0.0
4500002520,40,5000009144,20230501,166.9,166.9,0.0,0.0
4500002521,10,5000005382,20230323,227.27,227.27,0.0,0.0
4500002521,20,5000005382,20230323,168.18,168.18,0.0,0.0
4500002521,30,5000005382,20230323,350.0,350.0,0.0,0.0
4500002522,10,,,7867.26,7867.26,0.0,0.0
4500002522,20,,,5309.73,5309.73,0.0,0.0
4500002524,10,,,730.09,730.09,0.0,0.0
4500002525,10,,,1061.95,1061.94,0.0,0.0
4500002525,20,,,1061.95,1061.95,0.0,0.0
4500002526,10,,,5840.71,5840.71,0.0,0.0
4500002527,10,,,3318.58,3318.58,0.0,0.0
4500002527,20,,,13274.34,13274.32,0.0,0.0
4500002527,30,,,13274.34,13274.34,0.0,0.0
4500002527,40,,,13274.35,13274.35,0.0,0.0
4500002527,50,,,6637.17,6637.17,0.0,0.0
4500002527,60,,,39823.01,39823.01,0.0,0.0
4500002527,70,,,19911.5,19911.5,0.0,0.0
4500002528,10,,,79.82,79.82,0.0,0.0
4500002528,20,,,79.82,79.82,0.0,0.0
4500002528,30,,,36.11,36.11,0.0,0.0
4500002529,10,,,2815.49,2815.49,0.0,0.0
4500002530,10,,,43.81,43.81,0.0,0.0
4500002531,10,,,730.09,730.09,0.0,0.0
4500002531,20,,,108.41,108.41,0.0,0.0
4500002532,10,,,403.54,403.54,0.0,0.0
4500002532,20,,,477.88,477.88,0.0,0.0
4500002532,30,,,318.58,318.58,0.0,0.0
4500002532,40,,,774.34,774.34,0.0,0.0
4500002532,50,,,774.34,774.34,0.0,0.0
4500002532,60,,,318.58,318.58,0.0,0.0
4500002532,70,,,9.29,9.29,0.0,0.0
4500002532,80,,,1141.59,1141.59,0.0,0.0
4500002532,90,,,1141.59,1141.59,0.0,0.0
4500002532,100,,,103.98,103.98,0.0,0.0
4500002532,110,,,539.82,539.82,0.0,0.0
4500002532,120,,,300.88,300.88,0.0,0.0
4500002532,130,,,99.82,99.82,0.0,0.0
4500002532,140,,,99.82,99.82,0.0,0.0
4500002532,150,,,33.41,33.41,0.0,0.0
4500002532,160,,,33.41,33.41,0.0,0.0
4500002532,170,,,26.02,26.02,0.0,0.0
4500002532,180,,,17.35,17.35,0.0,0.0
4500002532,190,,,58.41,58.41,0.0,0.0
4500002532,200,,,47.79,47.79,0.0,0.0
4500002532,210,,,8.85,8.85,0.0,0.0
4500002532,220,,,26.55,26.55,0.0,0.0
4500002532,250,,,313.27,313.27,0.0,0.0
4500002532,260,,,208.85,208.85,0.0,0.0
4500002532,300,,,4.42,4.42,0.0,0.0
4500002532,310,,,61.95,61.95,0.0,0.0
4500002532,320,,,4.42,4.42,0.0,0.0
4500002532,330,,,470.8,470.8,0.0,0.0
4500002532,340,,,0.0,0.0,0.0,0.0
4500002532,350,,,106.19,106.19,0.0,0.0
4500002532,360,,,159.29,159.29,0.0,0.0
4500002532,370,,,127.7,127.7,0.0,0.0
4500002532,380,,,44.87,44.87,0.0,0.0
4500002532,390,,,389.38,389.38,0.0,0.0
4500002532,400,,,778.76,778.76,0.0,0.0
4500002532,410,,,26.99,26.99,0.0,0.0
4500002532,420,,,80.97,80.97,0.0,0.0
4500002532,430,,,707.96,707.96,0.0,0.0
4500002532,440,,,1769.91,1769.91,0.0,0.0
4500002532,450,,,730.09,730.09,0.0,0.0
4500002532,460,,,243.36,243.36,0.0,0.0
4500002532,470,,,128.32,128.32,0.0,0.0
4500002532,480,,,128.32,128.32,0.0,0.0
4500002532,490,,,122.12,122.12,0.0,0.0
4500002532,500,,,115.04,115.04,0.0,0.0
4500002532,510,,,230.09,230.09,0.0,0.0
4500002532,520,,,132.74,132.74,0.0,0.0
4500002532,530,,,132.74,132.74,0.0,0.0
4500002532,540,,,92.04,92.04,0.0,0.0
4500002532,550,,,49.56,49.56,0.0,0.0
4500002532,560,,,14.16,14.16,0.0,0.0
4500002532,570,,,28.32,28.32,0.0,0.0
4500002532,580,,,115.04,115.04,0.0,0.0
4500002532,590,,,57.52,57.52,0.0,0.0
4500002532,600,,,232.3,232.3,0.0,0.0
4500002532,610,,,232.3,232.3,0.0,0.0
4500002532,620,,,57.52,57.52,0.0,0.0
4500002532,630,,,30.97,30.97,0.0,0.0
4500002532,640,,,62.65,62.65,0.0,0.0
4500002532,650,,,93.98,93.98,0.0,0.0
4500002532,660,,,0.0,0.0,0.0,0.0
4500002532,670,,,0.0,0.0,0.0,0.0
4500002532,680,,,76.99,76.99,0.0,0.0
4500002532,690,,,25.66,25.66,0.0,0.0
4500002532,700,,,265.49,265.49,0.0,0.0
4500002532,710,,,132.74,132.74,0.0,0.0
4500002532,720,,,205.31,205.31,0.0,0.0
4500002532,730,,,148.67,148.67,0.0,0.0
4500002532,740,,,282.3,282.3,0.0,0.0
4500002533,70,,,7168.14,7168.14,0.0,0.0
4500002533,90,,,4247.79,4247.79,0.0,0.0
4500002533,100,,,7699.12,7699.12,0.0,0.0
4500002533,230,,,1946.9,1946.9,0.0,0.0
4500002533,250,,,433.63,433.63,0.0,0.0
4500002533,260,,,433.63,433.63,0.0,0.0
4500002533,270,,,353.98,353.98,0.0,0.0
4500002533,280,,,353.98,353.98,0.0,0.0
4500002533,290,,,849.56,849.56,0.0,0.0
4500002533,450,,,9203.54,9203.54,0.0,0.0
4500002533,480,,,14159.29,14159.29,0.0,0.0
4500002533,510,,,1415.93,1415.93,0.0,0.0
4500002533,530,,,22964.6,22964.6,0.0,0.0
4500002533,550,,,5523.45,5523.45,0.0,0.0
4500002533,580,,,6252.21,6252.21,0.0,0.0
4500002533,610,,,2256.64,2256.64,0.0,0.0
4500002533,650,,,5044.25,5044.25,0.0,0.0
4500002533,690,,,3092.92,3092.92,0.0,0.0
4500002533,730,,,1805.31,1805.31,0.0,0.0
4500002533,750,,,1253.98,1253.98,0.0,0.0
4500002533,780,,,3971.68,3971.68,0.0,0.0
4500002533,800,,,1061.95,1061.95,0.0,0.0
4500002533,820,,,2920.35,2920.35,0.0,0.0
4500002533,840,,,2876.11,2876.11,0.0,0.0
4500002533,1000,,,619.47,619.47,0.0,0.0
4500002533,1120,,,4203.54,4203.54,0.0,0.0
4500002533,1150,,,8230.09,8230.09,0.0,0.0
4500002533,1210,,,1858.41,1858.41,0.0,0.0
4500002534,60,,,5267.26,5267.26,0.0,0.0
4500002534,90,,,1115.04,1115.05,0.0,0.0
4500002534,100,,,1115.04,1115.04,0.0,0.0
4500002535,10,,,212.39,212.39,0.0,0.0
4500002536,10,,,796.46,796.46,0.0,0.0
4500002537,60,,,5584.07,5584.07,0.0,0.0
4500002537,70,,,19761.06,19761.06,0.0,0.0
4500002537,80,,,9880.53,9880.53,0.0,0.0
4500002537,90,,,10309.72,10309.73,0.0,0.0
4500002537,100,,,2300.88,2300.88,0.0,0.0
4500002538,10,,,10177.88,10177.88,0.0,0.0
4500002539,10,,,62346.9,62346.9,0.0,0.0
4500002539,160,,,26892.74,26892.74,0.0,0.0
4500002540,10,,,3483.19,3483.19,0.0,0.0
4500002540,20,,,15093.81,15093.81,0.0,0.0
4500002540,30,,,6518.58,6518.58,0.0,0.0
4500002541,10,,,7198.23,7198.23,0.0,0.0
4500002541,20,,,25280.09,25280.09,0.0,0.0
4500002541,30,,,50560.18,50560.18,0.0,0.0
4500002541,40,,,38230.1,37168.14,0.0,0.0
4500002541,50,,,38230.09,37168.14,0.0,0.0
4500002542,10,,,1672.57,1672.57,0.0,0.0
4500002542,20,,,557.52,557.52,0.0,0.0
4500002542,30,,,1951.33,1951.33,0.0,0.0
4500002542,40,,,2230.09,2230.09,0.0,0.0
4500002542,50,,,840.71,840.71,0.0,0.0
4500002542,60,,,3362.83,3362.83,0.0,0.0
4500002543,10,5000005344,20230322,183821.24,0.0,0.0,0.0
4500002546,10,,,26.55,26.55,0.0,0.0
4500002546,20,,,460.18,460.18,0.0,0.0
4500002547,10,5000005346,20230322,191150.44,128495.58,0.0,0.0
4500002548,10,5000005761,20230328,1755.0,1755.0,0.0,0.0
4500002548,20,5000005761,20230328,4095.0,4095.0,0.0,0.0
4500002548,30,5000005761,20230328,2295.0,2295.0,0.0,0.0
4500002548,40,5000005761,20230328,765.0,765.0,0.0,0.0
4500002548,50,5000005761,20230328,740.0,740.0,0.0,0.0
4500002548,60,5000005761,20230328,7930.0,7930.0,0.0,0.0
4500002548,70,5000005761,20230328,20480.0,20480.0,0.0,0.0
4500002548,80,5000005761,20230328,20.0,20.0,0.0,0.0
4500002548,90,5000005761,20230328,585.0,585.0,0.0,0.0
4500002549,10,5000005434,20230324,2081.0,0.0,0.0,0.0
4500002550,10,5000005433,20230324,2258.0,0.0,0.0,0.0
4500002551,10,5000005432,20230324,902.0,0.0,0.0,0.0
4500002552,10,5000007679,20230418,2125.0,2125.0,0.0,0.0
4500002552,20,5000007679,20230418,128.97,128.97,0.0,0.0
4500002553,10,5000010465,20230519,12.5,12.5,0.0,0.0
4500002554,10,5000005431,20230324,1952.0,0.0,0.0,0.0
4500002555,10,5000005821,20230328,2129.0,0.0,0.0,0.0
4500002556,10,5000005430,20230324,2036.0,0.0,0.0,0.0
4500002557,10,5000005429,20230324,2056.0,0.0,0.0,0.0
4500002558,10,5000005428,20230324,902.0,902.0,0.0,0.0
4500002559,10,5000005427,20230324,798.0,0.0,0.0,0.0
4500002560,10,,,0.0,0.0,0.0,0.0
4500002560,20,,,0.0,0.0,0.0,0.0
4500002561,10,5000005426,20230324,170.0,170.0,0.0,0.0
4500002562,10,5000006196,20230331,30250.75,30250.75,0.0,0.0
4500002562,20,5000006196,20230331,24773.95,24773.95,0.0,0.0
4500002562,30,5000006196,20230331,26120.09,26120.09,0.0,0.0
4500002562,40,5000005527,20230327,31443.83,31443.83,0.0,0.0
4500002562,50,5000005527,20230327,30844.0,30844.0,0.0,0.0
4500002562,60,5000006196,20230331,28939.41,28939.41,0.0,0.0
4500002562,70,5000006196,20230331,28424.28,28424.28,0.0,0.0
4500002562,80,5000006196,20230331,31105.34,31105.34,0.0,0.0
4500002562,90,5000006196,20230331,31105.34,31105.34,0.0,0.0
4500002562,100,5000006196,20230331,27719.32,27719.32,0.0,0.0
4500002562,110,5000005527,20230327,27538.07,27538.07,0.0,0.0
4500002562,120,5000005527,20230327,29037.86,29037.86,0.0,0.0
4500002562,130,5000005527,20230327,28440.79,28440.79,0.0,0.0
4500002562,140,5000005527,20230327,29316.65,29316.65,0.0,0.0
4500002562,150,5000006196,20230331,32476.98,32476.98,0.0,0.0
4500002562,160,5000006196,20230331,708.26,708.25,0.0,0.0
4500002562,170,5000006196,20230331,479.12,479.14,0.0,0.0
4500002562,180,5000006196,20230331,52592.75,52592.75,0.0,0.0
4500002563,10,5000005451,20230324,34101.78,34101.78,0.0,0.0
4500002563,20,5000005451,20230324,32802.32,32802.32,0.0,0.0
4500002563,30,5000005451,20230324,34006.98,34006.98,0.0,0.0
4500002563,40,5000005451,20230324,34790.04,34790.04,0.0,0.0
4500002563,50,5000005451,20230324,30962.53,30962.53,0.0,0.0
4500002563,60,5000005451,20230324,34006.98,34006.98,0.0,0.0
4500002563,70,5000005451,20230324,31106.72,31106.72,0.0,0.0
4500002563,80,5000005451,20230324,31630.89,31630.89,0.0,0.0
4500002563,90,5000005451,20230324,31106.72,31106.72,0.0,0.0
4500002563,100,5000005451,20230324,31106.72,31106.72,0.0,0.0
4500002563,110,5000005451,20230324,32223.32,32223.32,0.0,0.0
4500002563,120,5000005451,20230324,31106.72,31106.72,0.0,0.0
4500002563,130,5000005451,20230324,31106.72,31106.72,0.0,0.0
4500002563,140,5000005451,20230324,34006.98,34006.98,0.0,0.0
4500002563,150,5000005451,20230324,31106.72,31106.72,0.0,0.0
4500002563,160,5000005451,20230324,617.2,617.32,0.0,0.0
4500002563,170,5000005451,20230324,2726.76,2726.76,0.0,0.0
4500002564,10,5000005385,20230323,145.2,145.2,0.0,0.0
4500002565,10,5000005396,20230323,97.6,97.5,0.0,0.0
4500002565,20,5000005396,20230323,165.0,165.2,0.0,0.0
4500002565,30,5000005396,20230323,217.5,217.5,0.0,0.0
4500002565,40,5000005396,20230323,140.8,140.8,0.0,0.0
4500002565,50,5000005396,20230323,3600.0,238.14,0.0,0.0
4500002565,60,5000005396,20230323,901.2,901.43,0.0,0.0
4500002565,70,5000005396,20230323,1500.0,1500.32,0.0,0.0
4500002565,80,5000005396,20230323,105.6,105.77,0.0,0.0
4500002565,90,5000005396,20230323,578.2,578.2,0.0,0.0
4500002565,100,5000005396,20230323,134.0,133.0,0.0,0.0
4500002565,110,5000005396,20230323,64.14,64.13,0.0,0.0
4500002565,120,5000005396,20230323,250.0,245.6,0.0,0.0
4500002565,130,5000005396,20230323,166.0,166.24,0.0,0.0
4500002565,140,5000005396,20230323,166.24,166.24,0.0,0.0
4500002565,150,5000005396,20230323,720.0,18.0,0.0,0.0
4500002565,160,5000005396,20230323,380.0,380.28,0.0,0.0
4500002565,170,5000005396,20230323,580.0,580.0,0.0,0.0
4500002567,10,5000005364,20230323,84513.27,84513.27,0.0,0.0
4500002567,20,5000005364,20230323,0.88,17937.02,0.0,0.0
4500002568,10,5000005365,20230323,83274.34,83274.34,0.0,0.0
4500002568,20,5000005365,20230323,0.88,20576.86,0.0,0.0
4500002569,10,5000005450,20230324,36753.49,36753.49,0.0,0.0
4500002569,20,5000006159,20230330,30311.52,30311.52,0.0,0.0
4500002569,30,5000005450,20230324,34101.78,34101.78,0.0,0.0
4500002569,40,5000005450,20230324,36097.25,36097.25,0.0,0.0
4500002569,50,5000005450,20230324,24857.17,24857.17,0.0,0.0
4500002569,60,5000006159,20230330,29467.62,29467.62,0.0,0.0
4500002569,70,5000005450,20230324,24857.17,24857.17,0.0,0.0
4500002569,80,5000005450,20230324,28563.12,28563.12,0.0,0.0
4500002569,90,5000006159,20230330,31106.72,31106.72,0.0,0.0
4500002569,100,5000005450,20230324,31106.72,31106.72,0.0,0.0
4500002569,110,5000006159,20230330,31106.72,31106.72,0.0,0.0
4500002569,120,5000005450,20230324,25293.76,25293.76,0.0,0.0
4500002569,130,5000005450,20230324,26342.9,26342.9,0.0,0.0
4500002569,140,5000005450,20230324,31106.72,31106.72,0.0,0.0
4500002569,150,5000006159,20230330,31106.72,31106.72,0.0,0.0
4500002569,160,5000006159,20230330,35474.54,35474.54,0.0,0.0
4500002569,170,5000005450,20230324,31106.72,31106.72,0.0,0.0
4500002569,180,5000005450,20230324,31106.72,31106.72,0.0,0.0
4500002569,190,5000006159,20230330,4090.14,4090.14,0.0,0.0
4500002572,10,5000005742,20230328,41.72,41.72,0.0,0.0
4500002573,10,5000005739,20230328,168.18,168.18,0.0,0.0
4500002573,20,5000005739,20230328,300.0,300.0,0.0,0.0
4500002574,10,5000005808,20230328,1420.0,0.0,0.0,0.0
4500002575,10,5000005738,20230328,60.5,60.45,0.0,0.0
4500002575,20,5000005738,20230328,557.25,557.18,0.0,0.0
4500002575,30,5000005738,20230328,2194.5,2194.5,0.0,0.0
4500002575,40,5000005738,20230328,181.82,181.82,0.0,0.0
4500002576,10,,,5840.71,5840.71,0.0,0.0
4500002577,10,,,0.0,0.0,0.0,0.0
4500002578,10,,,74255.75,74255.76,0.0,0.0
4500002578,20,,,546411.5,544507.07,0.0,0.0
4500002578,30,,,297023.01,297023.01,0.0,0.0
4500002578,50,,,101175.08,97999.13,0.0,0.0
4500002579,10,5000005410,20230323,84513.27,84513.27,0.0,0.0
4500002580,10,,,575.22,0.0,0.0,0.0
4500002581,10,,,152995.22,152995.21,0.0,0.0
4500002583,10,,,424.78,424.78,0.0,0.0
4500002583,20,,,708.67,708.67,0.0,0.0
4500002583,30,,,436.11,436.04,0.0,0.0
4500002583,80,,,2814.16,2814.16,0.0,0.0
4500002583,100,,,2831.86,2631.89,0.0,0.0
4500002583,110,,,2053.1,2103.33,0.0,0.0
4500002583,120,,,796.46,796.46,0.0,0.0
4500002583,130,,,398.23,392.0,0.0,0.0
4500002586,10,5000005452,20230324,32885.94,32885.94,0.0,0.0
4500002586,20,5000005452,20230324,32011.48,32011.48,0.0,0.0
4500002586,30,5000005452,20230324,32885.94,32885.94,0.0,0.0
4500002586,40,5000005452,20230324,27810.43,27810.43,0.0,0.0
4500002586,50,5000005452,20230324,25993.13,25993.13,0.0,0.0
4500002586,60,5000005452,20230324,31114.27,31114.27,0.0,0.0
4500002586,70,5000005452,20230324,31035.02,31035.02,0.0,0.0
4500002586,80,5000005452,20230324,30782.14,30782.14,0.0,0.0
4500002586,90,5000005452,20230324,36198.1,36198.1,0.0,0.0
4500002586,100,5000005452,20230324,31159.85,31159.85,0.0,0.0
4500002586,110,5000005452,20230324,30654.0,30654.0,0.0,0.0
4500002587,10,5000005764,20230328,507.5,507.5,0.0,0.0
4500002587,20,5000005764,20230328,39.5,39.5,0.0,0.0
4500002589,10,5000007678,20230418,2125.0,2125.0,0.0,0.0
4500002589,20,5000007678,20230418,128.97,128.97,0.0,0.0
4500002590,10,5000005441,20230324,2750.0,2750.0,0.0,0.0
4500002590,20,5000005441,20230324,233.66,233.66,0.0,0.0
4500002591,10,5000006556,20230403,1100.0,1100.0,0.0,0.0
4500002591,20,5000006531,20230403,66.76,66.76,0.0,0.0
4500002594,10,5000005456,20230324,35329.53,35329.53,0.0,0.0
4500002594,20,5000005456,20230324,34006.98,34006.98,0.0,0.0
4500002594,30,5000005456,20230324,31455.18,31455.18,0.0,0.0
4500002594,40,5000005456,20230324,30962.53,30962.53,0.0,0.0
4500002594,50,5000005456,20230324,29179.71,29179.71,0.0,0.0
4500002594,60,5000005456,20230324,25416.82,25416.82,0.0,0.0
4500002594,70,5000005456,20230324,27436.58,27436.58,0.0,0.0
4500002594,80,5000005456,20230324,30883.12,30883.12,0.0,0.0
4500002594,90,5000005456,20230324,31153.61,31153.61,0.0,0.0
4500002594,100,5000005456,20230324,35405.23,35405.23,0.0,0.0
4500002594,110,5000005456,20230324,30469.3,30469.3,0.0,0.0
4500002594,120,5000005456,20230324,31603.14,31603.14,0.0,0.0
4500002594,130,5000005456,20230324,31197.1,31197.1,0.0,0.0
4500002594,140,5000005456,20230324,12966.9,12966.9,0.0,0.0
4500002594,150,5000005456,20230324,142.8,142.8,0.0,0.0
4500002595,10,5000005769,20230328,80.0,80.0,0.0,0.0
4500002596,10,5000005457,20230324,29508.16,29508.16,0.0,0.0
4500002596,20,5000005457,20230324,30229.07,30229.07,0.0,0.0
4500002596,30,5000005457,20230324,31528.17,31528.17,0.0,0.0
4500002596,40,5000005457,20230324,29921.07,29921.07,0.0,0.0
4500002596,50,5000005457,20230324,33733.76,33733.76,0.0,0.0
4500002596,60,5000005457,20230324,31674.48,31674.48,0.0,0.0
4500002596,70,5000005457,20230324,26157.85,26157.85,0.0,0.0
4500002596,80,5000005457,20230324,25795.77,25795.77,0.0,0.0
4500002596,90,5000005457,20230324,31590.0,31590.0,0.0,0.0
4500002596,100,5000005457,20230324,28767.11,28767.11,0.0,0.0
4500002596,110,5000005457,20230324,35628.79,35628.79,0.0,0.0
4500002596,120,5000005457,20230324,31499.63,31263.27,0.0,0.0
4500002596,130,5000005457,20230324,31499.63,31499.63,0.0,0.0
4500002596,140,5000005457,20230324,31619.03,31619.03,0.0,0.0
4500002597,10,5000006910,20230406,1350.0,1350.0,0.0,0.0
4500002597,20,5000006910,20230406,81.93,81.93,0.0,0.0
4500002598,10,5000005771,20230328,5850.0,5850.0,0.0,0.0
4500002599,10,5000005458,20230324,30332.58,30332.58,0.0,0.0
4500002599,20,5000005458,20230324,30425.45,30425.45,0.0,0.0
4500002599,30,5000005458,20230324,29338.44,29338.44,0.0,0.0
4500002599,40,5000005458,20230324,29917.06,29917.06,0.0,0.0
4500002599,50,5000005458,20230324,28122.41,28122.41,0.0,0.0
4500002599,60,5000005458,20230324,30583.95,30583.95,0.0,0.0
4500002599,70,5000005458,20230324,30387.69,30387.69,0.0,0.0
4500002599,80,5000005458,20230324,29564.2,29564.2,0.0,0.0
4500002599,90,5000005458,20230324,29908.97,29908.97,0.0,0.0
4500002599,100,5000005458,20230324,34265.26,34265.26,0.0,0.0
4500002599,110,5000005458,20230324,29117.22,29117.22,0.0,0.0
4500002599,120,5000005458,20230324,28969.16,28969.16,0.0,0.0
4500002599,130,5000005458,20230324,29505.26,29505.26,0.0,0.0
4500002599,140,5000005458,20230324,28749.92,28749.92,0.0,0.0
4500002599,150,5000005458,20230324,33495.16,33495.16,0.0,0.0
4500002599,160,5000005458,20230324,1710.5,1710.55,0.0,0.0
4500002599,170,5000005458,20230324,51.0,51.0,0.0,0.0
4500002600,10,5000005461,20230324,20097.0,20097.0,0.0,0.0
4500002600,20,5000008164,20230421,1716.0,1716.0,0.0,0.0
4500002600,30,5000008164,20230421,91.22,91.22,0.0,0.0
4500002601,10,,,5139.4,5139.4,0.0,0.0
4500002601,20,,,11076.61,11076.6,0.0,0.0
4500002601,30,,,6244.25,6244.25,0.0,0.0
4500002601,40,,,16964.6,16964.62,0.0,0.0
4500002601,50,,,73629.04,73629.04,0.0,0.0
4500002601,60,,,15949.22,15949.22,0.0,0.0
4500002601,90,,,119135.03,119135.03,0.0,0.0
4500002601,100,,,26606.99,26606.99,0.0,0.0
4500002601,110,,,157051.75,157051.75,0.0,0.0
4500002601,120,,,41872.14,41872.14,0.0,0.0
4500002602,30,,,7458.94,7458.93,0.0,0.0
4500002602,40,,,7458.94,7458.94,0.0,0.0
4500002602,50,,,1643.49,1643.47,0.0,0.0
4500002602,60,,,18900.1,18900.1,0.0,0.0
4500002602,70,,,15031.5,15031.5,0.0,0.0
4500002602,80,,,5701.6,5701.6,0.0,0.0
4500002602,90,,,1095.66,1095.66,0.0,0.0
4500002602,100,,,1643.5,1643.5,0.0,0.0
4500002602,110,,,2743.36,2743.36,0.0,0.0
4500002602,140,,,768.65,768.65,0.0,0.0
4500002602,150,,,4159.29,4159.29,0.0,0.0
4500002602,180,,,26460.18,26460.18,0.0,0.0
4500002602,190,,,29911.5,29911.5,0.0,0.0
4500002602,200,,,19568.64,19568.64,0.0,0.0
4500002602,210,,,1249.06,1249.06,0.0,0.0
4500002602,220,,,18300.88,18300.88,0.0,0.0
4500002602,230,,,2495.58,2495.58,0.0,0.0
4500002602,240,,,84281.43,84281.43,0.0,0.0
4500002602,250,,,73324.78,73324.78,0.0,0.0
4500002603,20,,,285493.82,285493.8,0.0,0.0
4500002604,10,,,9840.71,9840.75,0.0,0.0
4500002604,20,,,37734.51,37734.51,0.0,0.0
4500002604,30,,,1380.53,1380.53,0.0,0.0
4500002605,10,5000006909,20230406,1450.0,1450.0,0.0,0.0
4500002605,20,5000006909,20230406,88.0,88.0,0.0,0.0
4500002606,10,5000005460,20230324,34425.52,34425.52,0.0,0.0
4500002606,20,5000005460,20230324,30962.53,30962.53,0.0,0.0
4500002606,30,5000005460,20230324,31106.72,31106.72,0.0,0.0
4500002606,40,5000005460,20230324,30580.49,30580.49,0.0,0.0
4500002606,50,5000005460,20230324,31678.52,31678.52,0.0,0.0
4500002606,60,5000005460,20230324,34616.2,34616.2,0.0,0.0
4500002606,70,5000005460,20230324,31008.34,31008.34,0.0,0.0
4500002606,80,5000005460,20230324,26555.14,26555.14,0.0,0.0
4500002606,90,5000005460,20230324,24995.54,24995.54,0.0,0.0
4500002606,100,5000005460,20230324,32347.21,32347.21,0.0,0.0
4500002606,110,5000005460,20230324,25192.15,25192.15,0.0,0.0
4500002606,120,5000005460,20230324,27234.29,27234.29,0.0,0.0
4500002606,130,5000005460,20230324,43901.59,43901.59,0.0,0.0
4500002606,140,5000005460,20230324,31241.92,31241.92,0.0,0.0
4500002606,150,5000006110,20230330,30799.17,30799.17,0.0,0.0
4500002606,160,5000006110,20230330,30819.62,30819.62,0.0,0.0
4500002606,170,5000006110,20230330,33506.12,33506.12,0.0,0.0
4500002607,10,5000005772,20230328,166.0,166.0,0.0,0.0
4500002608,10,5000009149,20230501,2750.0,2750.0,0.0,0.0
4500002608,20,5000009149,20230501,166.9,166.9,0.0,0.0
4500002609,10,5000005774,20230328,469.45,469.45,0.0,0.0
4500002609,20,5000005774,20230328,802.25,802.25,0.0,0.0
4500002609,30,5000005774,20230328,80.0,80.0,0.0,0.0
4500002610,10,5000005459,20230324,30364.77,30364.77,0.0,0.0
4500002610,20,5000005459,20230324,29393.12,29393.12,0.0,0.0
4500002610,30,5000005459,20230324,29841.49,29841.49,0.0,0.0
4500002610,40,5000005459,20230324,33148.47,33148.47,0.0,0.0
4500002610,50,5000005459,20230324,42609.77,42609.77,0.0,0.0
4500002610,60,5000005459,20230324,29454.77,29454.77,0.0,0.0
4500002610,70,5000005459,20230324,29792.81,29792.81,0.0,0.0
4500002610,80,5000005459,20230324,25759.39,25759.39,0.0,0.0
4500002610,90,5000005459,20230324,24674.51,24674.51,0.0,0.0
4500002610,100,5000005459,20230324,29985.68,29985.68,0.0,0.0
4500002610,110,5000005459,20230324,33455.83,33455.83,0.0,0.0
4500002610,120,5000005459,20230324,30187.95,30187.95,0.0,0.0
4500002610,130,5000005459,20230324,28498.65,28498.65,0.0,0.0
4500002610,140,5000005459,20230324,29037.44,29037.44,0.0,0.0
4500002610,150,5000005459,20230324,34522.45,34522.45,0.0,0.0
4500002610,160,5000005459,20230324,43804.77,43804.77,0.0,0.0
4500002610,170,5000005459,20230324,2371.0,2370.9,0.0,0.0
4500002610,180,5000005459,20230324,3043.6,3043.5,0.0,0.0
4500002611,10,5000006161,20230330,28013.54,28013.54,0.0,0.0
4500002611,20,5000006161,20230330,28013.54,28013.54,0.0,0.0
4500002611,30,5000006161,20230330,28013.54,28013.54,0.0,0.0
4500002611,40,5000006161,20230330,28013.54,28013.54,0.0,0.0
4500002611,50,5000006161,20230330,28013.54,28013.54,0.0,0.0
4500002611,60,5000006161,20230330,28013.54,28013.54,0.0,0.0
4500002611,70,5000006161,20230330,28013.54,28013.54,0.0,0.0
4500002611,80,5000006161,20230330,28013.54,28013.54,0.0,0.0
4500002611,90,5000006161,20230330,28013.54,28013.54,0.0,0.0
4500002611,100,5000006161,20230330,28013.54,28013.54,0.0,0.0
4500002611,110,,,0.0,0.0,0.0,0.0
4500002611,120,5000006161,20230330,30291.86,30291.86,0.0,0.0
4500002611,130,5000006161,20230330,32103.69,32103.69,0.0,0.0
4500002611,140,5000006161,20230330,28013.54,28013.54,0.0,0.0
4500002611,150,5000006161,20230330,342.93,342.92,0.0,0.0
4500002611,160,5000006161,20230330,210.3,210.3,0.0,0.0
4500002611,170,5000006161,20230330,46.15,46.15,0.0,0.0
4500002611,180,5000006161,20230330,29365.92,29365.92,0.0,0.0
4500002611,190,5000006161,20230330,28013.54,28013.54,0.0,0.0
4500002612,10,,,38957.52,38957.52,0.0,0.0
4500002612,30,,,21376.99,21376.99,0.0,0.0
4500002612,40,,,101374.25,101394.25,0.0,0.0
4500002612,50,,,23358.58,23353.58,0.0,0.0
4500002612,60,,,24053.1,24053.74,0.0,0.0
4500002612,70,,,6447.79,38686.74,0.0,0.0
4500002613,10,,,196884.97,196884.97,0.0,0.0
4500002614,10,5000005529,20230327,1700.0,1700.0,0.0,0.0
4500002615,10,5000007525,20230417,1450.0,1450.0,0.0,0.0
4500002615,20,5000007525,20230417,88.0,88.0,0.0,0.0
4500002616,10,5000006710,20230405,5363.64,0.0,0.0,0.0
4500002616,20,5000006710,20230405,2000.0,0.0,0.0,0.0
4500002618,10,,,301.88,301.88,0.0,0.0
4500002618,20,,,228.15,228.15,0.0,0.0
4500002618,30,,,254.07,266.64,0.0,0.0
4500002618,40,,,427.54,429.16,0.0,0.0
4500002618,50,,,194.65,194.65,0.0,0.0
4500002618,60,,,280.04,280.13,0.0,0.0
4500002618,70,,,121.26,121.26,0.0,0.0
4500002619,60,,,1946.9,1946.9,0.0,0.0
4500002619,70,,,11681.42,11681.42,0.0,0.0
4500002619,80,,,1946.9,1946.9,0.0,0.0
4500002619,100,,,7765.49,7765.49,0.0,0.0
4500002619,190,,,25281.42,25281.42,0.0,0.0
4500002619,210,,,22659.29,22659.29,0.0,0.0
4500002619,220,,,4531.86,4531.86,0.0,0.0
4500002619,230,,,2265.93,2265.93,0.0,0.0
4500002619,240,,,58914.16,58914.16,0.0,0.0
4500002619,250,,,2265.93,2265.93,0.0,0.0
4500002619,260,,,6544.25,6544.25,0.0,0.0
4500002619,270,,,6544.25,6544.25,0.0,0.0
4500002619,280,,,13088.5,13088.5,0.0,0.0
4500002619,340,,,32814.16,32814.16,0.0,0.0
4500002619,390,,,39210.62,39210.62,0.0,0.0
4500002620,10,5000006527,20230403,1100.0,1100.0,0.0,0.0
4500002620,20,5000006527,20230403,66.76,66.76,0.0,0.0
4500002621,10,5000006530,20230403,1450.0,1450.0,0.0,0.0
4500002621,20,5000006530,20230403,88.0,88.0,0.0,0.0
4500002622,80,,,142924.46,142924.46,0.0,0.0
4500002622,90,,,216552.21,216552.21,0.0,0.0
4500002623,10,,,8495.58,8495.58,0.0,0.0
4500002623,20,,,2168.14,2168.14,0.0,0.0
4500002623,30,,,11946.9,11946.9,0.0,0.0
4500002623,40,,,11946.9,11946.9,0.0,0.0
4500002623,50,,,6371.68,6371.68,0.0,0.0
4500002623,60,,,3384.96,3384.96,0.0,0.0
4500002623,70,,,3384.96,3384.96,0.0,0.0
4500002623,80,,,129623.89,127402.36,0.0,0.0
4500002623,90,,,0.0,0.0,0.0,0.0
4500002623,100,,,11946.9,11946.9,0.0,0.0
4500002624,20,,,15330.0,14700.0,0.0,0.0
4500002624,30,,,6840.0,6840.0,0.0,0.0
4500002624,50,,,1600.0,1600.0,0.0,0.0
4500002624,60,,,400.0,400.0,0.0,0.0
4500002624,70,,,3600.0,3600.0,0.0,0.0
4500002624,80,,,600.0,600.0,0.0,0.0
4500002624,90,,,600.0,600.0,0.0,0.0
4500002624,100,,,7800.0,7800.0,0.0,0.0
4500002624,110,,,600.0,600.0,0.0,0.0
4500002624,120,,,900.0,800.0,0.0,0.0
4500002624,130,,,1350.0,1200.0,0.0,0.0
4500002624,140,,,1700.0,1480.0,0.0,0.0
4500002624,170,,,500.0,500.0,0.0,0.0
4500002624,180,,,500.0,500.0,0.0,0.0
4500002624,190,,,500.0,500.0,0.0,0.0
4500002624,200,,,500.0,500.0,0.0,0.0
4500002624,210,,,4800.0,4200.0,0.0,0.0
4500002624,220,,,2400.0,2100.0,0.0,0.0
4500002624,230,,,1450.0,1450.0,0.0,0.0
4500002624,240,,,1450.0,1450.0,0.0,0.0
4500002626,10,,,2544.25,2544.25,0.0,0.0
4500002626,20,,,3053.1,3053.1,0.0,0.0
4500002627,10,,,1274.34,1274.34,0.0,0.0
4500002627,20,,,1327.43,1327.43,0.0,0.0
4500002628,10,,,3752.21,3752.21,0.0,0.0
4500002629,10,5000006619,20230404,1200.0,1200.0,0.0,0.0
4500002629,20,5000006619,20230404,67.37,67.37,0.0,0.0
4500002630,10,5000006621,20230404,1100.0,1100.0,0.0,0.0
4500002630,20,5000006621,20230404,61.75,61.75,0.0,0.0
4500002631,10,5000006016,20230329,177.0,177.0,0.0,0.0
4500002631,20,5000006016,20230329,585.0,637.47,0.0,0.0
4500002632,10,,,495.58,560.0,0.0,0.0
4500002633,10,,,0.0,0.0,0.0,0.0
4500002633,20,,,0.0,0.0,0.0,0.0
4500002635,10,,,7327.44,7327.44,0.0,0.0
4500002635,30,,,82300.88,82300.88,0.0,0.0
4500002636,10,,,6371.68,6371.68,0.0,0.0
4500002636,20,,,6371.68,6371.68,0.0,0.0
4500002637,10,,,29557.52,29557.52,0.0,0.0
4500002637,20,,,6070.8,6070.8,0.0,0.0
4500002638,10,,,982.3,0.0,0.0,0.0
4500002638,20,,,1274.34,0.0,0.0,0.0
4500002638,30,,,7035.4,0.0,0.0,0.0
4500002639,10,,,4748.89,4748.89,0.0,0.0
4500002639,20,,,4748.89,4748.89,0.0,0.0
4500002639,30,,,4748.89,4748.89,0.0,0.0
4500002639,40,,,4748.89,4748.89,0.0,0.0
4500002639,50,,,4748.89,4748.89,0.0,0.0
4500002639,60,,,23744.47,23744.47,0.0,0.0
4500002639,70,,,14246.68,14246.68,0.0,0.0
4500002640,10,,,10812.21,10812.21,0.0,0.0
4500002640,20,,,7208.14,7208.14,0.0,0.0
4500002641,10,,,42345.13,42345.13,0.0,0.0
4500002643,10,5000005640,20230328,579.0,579.0,0.0,0.0
4500002644,10,,,18336.28,18336.28,0.0,0.0
4500002644,20,,,4584.07,4584.07,0.0,0.0
4500002645,10,,,14088.5,14088.5,0.0,0.0
4500002645,20,,,3522.12,3522.12,0.0,0.0
4500002645,30,,,11548.67,11548.67,0.0,0.0
4500002645,40,,,1283.19,1283.19,0.0,0.0
4500002646,10,,,2017.7,2017.7,0.0,0.0
4500002646,20,,,403.54,403.54,0.0,0.0
4500002646,30,,,1699.11,1699.11,0.0,0.0
4500002647,10,,,575.22,0.0,0.0,0.0
4500002648,10,5000005729,20230328,820.0,820.0,0.0,0.0
4500002649,10,5000005638,20230328,50.0,50.0,0.0,0.0
4500002650,30,,,70115.04,70115.04,0.0,0.0
4500002650,50,,,44208.85,44208.85,0.0,0.0
4500002651,10,5000005639,20230328,84.72,84.72,0.0,0.0
4500002651,20,5000005639,20230328,471.9,471.9,0.0,0.0
4500002651,30,5000005639,20230328,74.4,74.4,0.0,0.0
4500002651,40,5000005639,20230328,270.0,270.0,0.0,0.0
4500002651,50,5000005639,20230328,64.32,64.32,0.0,0.0
4500002651,60,5000005639,20230328,85.26,85.26,0.0,0.0
4500002651,70,5000005639,20230328,825.0,825.0,0.0,0.0
4500002652,10,,,274.34,0.0,0.0,0.0
4500002652,20,,,265.49,0.0,0.0,0.0
4500002653,10,,,967.26,967.26,0.0,0.0
4500002653,20,,,575.22,575.22,0.0,0.0
4500002653,30,,,265.49,265.49,0.0,0.0
4500002653,40,,,212.39,212.39,0.0,0.0
4500002653,50,,,92.92,92.92,0.0,0.0
4500002653,60,,,92.92,92.92,0.0,0.0
4500002654,10,5000006622,20230404,1100.0,1100.0,0.0,0.0
4500002654,20,5000006622,20230404,61.75,61.75,0.0,0.0
4500002655,10,5000005531,20230327,78.0,0.0,0.0,0.0
4500002656,10,,,1300.35,1300.35,0.0,0.0
4500002657,10,5000006017,20230329,600.0,600.0,0.0,0.0
4500002657,20,5000006017,20230329,187.5,187.5,0.0,0.0
4500002657,30,5000006017,20230329,60.0,60.0,0.0,0.0
4500002657,40,5000006017,20230329,158.0,158.0,0.0,0.0
4500002657,50,,,687.5,687.5,0.0,0.0
4500002657,60,5000006017,20230329,875.0,875.0,0.0,0.0
4500002657,70,5000006017,20230329,66.0,66.0,0.0,0.0
4500002657,80,5000006017,20230329,140.91,140.91,0.0,0.0
4500002657,90,5000006017,20230329,1200.0,1200.0,0.0,0.0
4500002657,100,5000006017,20230329,1200.0,1200.0,0.0,0.0
4500002657,110,5000006017,20230329,2625.0,2625.0,0.0,0.0
4500002657,120,5000006017,20230329,2625.0,2625.0,0.0,0.0
4500002657,130,5000006017,20230329,3450.0,3450.0,0.0,0.0
4500002657,140,5000006017,20230329,50.0,50.0,0.0,0.0
4500002657,150,5000006017,20230329,249.6,249.6,0.0,0.0
4500002657,160,5000006017,20230329,500.0,500.0,0.0,0.0
4500002657,170,5000006017,20230329,475.0,475.0,0.0,0.0
4500002658,10,5000006020,20230329,700.0,700.0,0.0,0.0
4500002658,20,5000006020,20230329,660.0,660.0,0.0,0.0
4500002658,30,5000006020,20230329,300.0,300.0,0.0,0.0
4500002658,40,5000006022,20230329,494.0,494.36,0.0,0.0
4500002658,50,5000006022,20230329,15245.1,15245.1,0.0,0.0
4500002659,10,5000006620,20230404,1200.0,1200.0,0.0,0.0
4500002659,20,5000006620,20230404,67.37,67.37,0.0,0.0
4500002660,10,,,14159.29,14159.29,0.0,0.0
4500002660,20,,,4070.8,4070.8,0.0,0.0
4500002661,10,,,665.49,665.49,0.0,0.0
4500002662,20,,,15672.48,15672.47,0.0,0.0
4500002662,30,,,24021.24,24021.24,0.0,0.0
4500002662,50,,,4131.24,4131.24,0.0,0.0
4500002662,60,,,127.7,127.7,0.0,0.0
4500002663,130,,,13207.7,13066.73,0.0,0.0
4500002664,10,,,3929.2,3929.2,0.0,0.0
4500002666,10,5000005688,20230328,318.18,318.18,0.0,0.0
4500002667,10,5000005589,20230327,502183.3,264441.85,0.0,0.0
4500002668,10,5000005566,20230327,461942.69,261963.03,0.0,0.0
4500002669,10,5000005689,20230328,15033.6,15033.6,0.0,0.0
4500002670,10,,,7898.23,7898.23,0.0,0.0
4500002670,20,,,7446.9,7446.9,0.0,0.0
4500002671,10,5000005691,20230328,1360.8,1360.73,0.0,0.0
4500002672,10,5000005574,20230327,461942.69,455753.37,0.0,0.0
4500002673,10,5000005692,20230328,200.0,200.0,0.0,0.0
4500002674,10,5000005695,20230328,145.8,145.8,0.0,0.0
4500002675,10,5000005697,20230328,2903.64,2903.64,0.0,0.0
4500002675,20,5000005697,20230328,1288.88,1288.88,0.0,0.0
4500002675,30,5000005697,20230328,1205.26,1205.26,0.0,0.0
4500002675,40,5000005697,20230328,2577.76,2577.76,0.0,0.0
4500002675,50,5000005698,20230328,680.4,680.36,0.0,0.0
4500002675,60,5000005699,20230328,348.0,348.0,0.0,0.0
4500002676,10,5000005707,20230328,1749.6,1749.51,0.0,0.0
4500002677,10,,,8.74,8.74,0.0,0.0
4500002677,20,,,5724.85,5724.85,0.0,0.0
4500002677,30,,,9268.58,9268.58,0.0,0.0
4500002677,110,,,7224.78,7224.78,0.0,0.0
4500002677,170,,,6831.16,6831.16,0.0,0.0
4500002678,10,,,24088.05,24088.05,0.0,0.0
4500002678,20,,,25185.26,25185.26,0.0,0.0
4500002678,40,,,2981.19,2981.19,0.0,0.0
4500002678,50,,,2384.96,2384.96,0.0,0.0
4500002678,90,,,64699.45,64699.45,0.0,0.0
4500002678,100,,,3524.28,3524.28,0.0,0.0
4500002678,110,,,5034.69,5034.69,0.0,0.0
4500002678,120,,,6293.36,6293.36,0.0,0.0
4500002678,140,,,17334.21,17334.21,0.0,0.0
4500002679,10,5000005736,20230328,1775.0,1775.0,0.0,0.0
4500002680,10,5000005595,20230327,461942.69,498279.87,0.0,0.0
4500002681,10,5000006082,20230330,1102927.43,1112281.42,0.0,0.0
4500002682,10,5000005594,20230327,759389.35,725454.17,0.0,0.0
4500002683,10,,,1680.0,1486.73,0.0,0.0
4500002684,50,,,1294.51,1294.51,0.0,0.0
4500002684,60,,,1519.65,1519.65,0.0,0.0
4500002685,10,,,17699.12,17699.12,0.0,0.0
4500002685,20,,,17699.12,17699.12,0.0,0.0
4500002685,30,,,4247.79,4247.79,0.0,0.0
4500002685,40,,,3398.23,3398.23,0.0,0.0
4500002686,10,5000005596,20230327,428755.55,427297.25,0.0,0.0
4500002687,10,5000005597,20230327,759389.35,719379.53,0.0,0.0
4500002688,10,5000005598,20230327,595703.84,561684.32,0.0,0.0
4500002689,10,5000005599,20230327,595703.84,560459.92,0.0,0.0
4500002690,10,5000005600,20230327,595703.84,565763.05,0.0,0.0
4500002691,10,5000005601,20230327,461942.69,259911.35,0.0,0.0
4500002692,10,5000005602,20230327,461942.69,260203.55,0.0,0.0
4500002693,10,5000005604,20230327,461942.69,287935.88,0.0,0.0
4500002694,10,5000005605,20230327,461942.69,288431.03,0.0,0.0
4500002695,10,5000005606,20230327,505837.3,489997.6,0.0,0.0
4500002696,10,5000005607,20230327,505837.3,490260.73,0.0,0.0
4500002697,10,,,67858.41,67858.41,0.0,0.0
4500002697,20,,,53044.25,53044.25,0.0,0.0
4500002698,10,,,42212.39,42212.39,0.0,0.0
4500002699,10,,,0.0,0.0,0.0,0.0
4500002699,20,,,0.0,0.0,0.0,0.0
4500002699,30,,,0.0,0.0,0.0,0.0
4500002700,10,,,5088.5,5088.5,0.0,0.0
4500002700,20,,,5088.5,5088.5,0.0,0.0
4500002700,30,,,1831.86,1831.86,0.0,0.0
4500002700,40,,,2035.4,2035.4,0.0,0.0
4500002700,80,,,2345.13,2345.13,0.0,0.0
4500002700,90,,,2345.13,2345.13,0.0,0.0
4500002700,100,,,575.22,575.22,0.0,0.0
4500002700,110,,,575.22,575.22,0.0,0.0
4500002700,120,,,1584.07,1584.07,0.0,0.0
4500002700,130,,,3168.14,3168.14,0.0,0.0
4500002700,140,,,442.48,442.48,0.0,0.0
4500002700,150,,,442.48,442.48,0.0,0.0
4500002700,160,,,1592.04,1592.04,0.0,0.0
4500002700,170,,,682.3,682.3,0.0,0.0
4500002700,180,,,1106.19,1106.19,0.0,0.0
4500002701,10,,,4424.78,4424.78,0.0,0.0
4500002701,20,,,3893.81,3893.81,0.0,0.0
4500002702,10,,,97345.14,97345.13,0.0,0.0
4500002703,10,,,126106.19,126106.2,0.0,0.0
4500002704,10,,,13495.58,13495.58,0.0,0.0
4500002704,20,,,26548.67,26548.67,0.0,0.0
4500002704,30,,,2654.87,2654.87,0.0,0.0
4500002704,40,,,4950.0,4950.0,0.0,0.0
4500002705,10,,,20924.78,20924.78,0.0,0.0
4500002706,10,,,17699.12,17699.12,0.0,0.0
4500002706,20,,,10619.47,10619.47,0.0,0.0
4500002706,30,,,2212.39,2212.39,0.0,0.0
4500002706,40,,,4424.78,4424.78,0.0,0.0
4500002706,50,,,1946.9,1946.9,0.0,0.0
4500002706,60,,,163585.85,161907.97,0.0,0.0
4500002706,80,,,57522.12,57522.13,0.0,0.0
4500002706,90,,,32743.36,32743.36,0.0,0.0
4500002707,10,,,345.13,345.13,0.0,0.0
4500002708,20,,,5221.24,5221.24,0.0,0.0
4500002708,30,,,21592.92,21592.92,0.0,0.0
4500002708,40,,,21592.92,21592.92,0.0,0.0
4500002708,50,,,6477.88,6477.88,0.0,0.0
4500002708,60,,,54867.26,54867.26,0.0,0.0
4500002709,70,,,7522.13,7522.13,0.0,0.0
4500002709,80,,,1610.62,1610.62,0.0,0.0
4500002709,90,,,690.27,690.27,0.0,0.0
4500002710,10,,,0.0,0.0,0.0,0.0
4500002711,10,5000005632,20230327,191150.44,151665.49,0.0,0.0
4500002711,20,5000005632,20230327,128495.58,128495.58,0.0,0.0
4500002711,30,5000005632,20230327,191150.44,191150.44,0.0,0.0
4500002711,40,5000005632,20230327,120707.96,120707.96,0.0,0.0
4500002711,50,5000005632,20230327,120707.96,117356.64,0.0,0.0
4500002711,60,5000005632,20230327,206814.16,206814.16,0.0,0.0
4500002711,70,5000005632,20230327,300619.47,120707.96,0.0,0.0
4500002711,80,5000005632,20230327,128495.58,128495.58,0.0,0.0
4500002711,90,5000005632,20230327,191150.44,151665.49,0.0,0.0
4500002711,100,5000005632,20230327,191150.44,191150.44,0.0,0.0
4500002712,10,5000005633,20230327,1167610.62,1059184.06,0.0,0.0
4500002712,20,5000005633,20230327,1263557.52,1076423.01,0.0,0.0
4500002713,10,,,86.73,86.73,0.0,0.0
4500002714,10,,,743.36,743.36,0.0,0.0
4500002714,20,,,358.41,358.41,0.0,0.0
4500002714,30,,,184.07,184.07,0.0,0.0
4500002715,10,5000006023,20230329,509.04,509.04,0.0,0.0
4500002716,10,5000006490,20230403,166.6,166.6,0.0,0.0
4500002717,10,5000005753,20230328,18000.0,18000.0,0.0,0.0
4500002718,10,5000005724,20230328,5355.0,5355.0,0.0,0.0
4500002718,20,5000005724,20230328,4380.0,4380.0,0.0,0.0
4500002718,30,5000005724,20230328,585.0,585.0,0.0,0.0
4500002718,40,5000005724,20230328,1480.0,1480.0,0.0,0.0
4500002718,50,5000005724,20230328,3060.0,3060.0,0.0,0.0
4500002718,60,5000005724,20230328,795.0,795.0,0.0,0.0
4500002718,70,5000005724,20230328,3840.0,3840.0,0.0,0.0
4500002718,80,5000005724,20230328,1220.0,1220.0,0.0,0.0
4500002718,90,5000005724,20230328,1380.0,1380.0,0.0,0.0
4500002719,10,5000005953,20230329,1926.6,0.0,2119.34,-2119.34
4500002720,10,5000010221,20230516,2750.0,2750.0,0.0,0.0
4500002720,20,5000010221,20230516,154.38,154.38,0.0,0.0
4500002720,30,5000010223,20230516,2750.0,2750.0,0.0,0.0
4500002720,40,5000010223,20230516,154.38,154.38,0.0,0.0
4500002721,10,5000006613,20230404,1200.0,1200.0,0.0,0.0
4500002721,20,5000006613,20230404,67.37,67.37,0.0,0.0
4500002722,10,,,0.0,0.0,0.0,0.0
4500002723,10,5000006612,20230404,1350.0,1350.0,0.0,0.0
4500002723,20,5000006612,20230404,75.79,75.79,0.0,0.0
4500002724,10,5000005722,20230328,1100.0,1100.0,0.0,0.0
4500002724,20,5000005722,20230328,66.76,66.76,0.0,0.0
4500002726,10,5000005721,20230328,1200.0,1200.0,0.0,0.0
4500002726,20,5000005721,20230328,72.83,72.83,0.0,0.0
4500002727,10,5000005720,20230328,1350.0,1350.0,0.0,0.0
4500002727,20,5000005720,20230328,81.93,81.93,0.0,0.0
4500002728,10,5000005718,20230328,1350.0,1350.0,0.0,0.0
4500002728,20,5000005718,20230328,81.93,81.93,0.0,0.0
4500002729,10,5000005717,20230328,1200.0,1200.0,0.0,0.0
4500002729,20,5000005717,20230328,72.83,72.83,0.0,0.0
4500002730,10,5000005716,20230328,1200.0,1200.0,0.0,0.0
4500002730,20,5000005716,20230328,72.83,72.83,0.0,0.0
4500002731,10,5000005713,20230328,1100.0,1100.0,0.0,0.0
4500002731,20,5000005713,20230328,66.76,66.76,0.0,0.0
4500002732,10,5000005715,20230328,1100.0,1100.0,0.0,0.0
4500002732,20,5000005715,20230328,66.76,66.76,0.0,0.0
4500002732,30,5000005715,20230328,1100.0,1100.0,0.0,0.0
4500002732,40,5000005715,20230328,66.76,66.76,0.0,0.0
4500002733,10,5000005733,20230328,1100.0,1100.0,0.0,0.0
4500002733,20,5000005733,20230328,66.76,66.76,0.0,0.0
4500002734,10,5000005732,20230328,1100.0,1100.0,0.0,0.0
4500002734,20,5000005732,20230328,66.76,66.76,0.0,0.0
4500002735,10,5000005731,20230328,2266.86,2266.86,0.0,0.0
4500002735,20,5000005731,20230328,2279.76,2279.76,0.0,0.0
4500002736,10,5000005730,20230328,1200.0,1200.0,0.0,0.0
4500002736,20,5000005730,20230328,72.83,72.83,0.0,0.0
4500002738,10,5000005728,20230328,1100.0,1100.0,0.0,0.0
4500002738,20,5000005728,20230328,66.76,66.76,0.0,0.0
4500002739,10,5000005725,20230328,2750.0,2750.0,0.0,0.0
4500002739,20,5000005725,20230328,171.07,171.07,0.0,0.0
4500002739,30,5000005725,20230328,2750.0,2750.0,0.0,0.0
4500002739,40,5000005725,20230328,171.07,171.07,0.0,0.0
4500002740,10,5000005734,20230328,450.0,450.0,0.0,0.0
4500002741,10,5000005727,20230328,1350.0,1350.0,0.0,0.0
4500002741,20,5000005727,20230328,81.93,81.93,0.0,0.0
4500002742,10,5000006491,20230403,200.0,200.0,0.0,0.0
4500002743,10,5000006492,20230403,10.0,10.0,0.0,0.0
4500002744,10,5000010164,20230516,3900.0,3900.0,0.0,0.0
4500002744,20,5000010164,20230516,218.94,218.94,0.0,0.0
4500002745,10,,,1872.0,1872.0,0.0,0.0
4500002746,10,5000005726,20230328,2750.0,2750.0,0.0,0.0
4500002746,20,5000005726,20230328,171.07,171.07,0.0,0.0
4500002746,30,5000005726,20230328,2750.0,2750.0,0.0,0.0
4500002746,40,5000005726,20230328,200.28,200.28,0.0,0.0
4500002747,10,5000006616,20230404,1200.0,1200.0,0.0,0.0
4500002747,20,5000006616,20230404,67.37,67.37,0.0,0.0
4500002749,10,,,2628.32,2628.32,0.0,0.0
4500002749,20,,,2986.73,2986.73,0.0,0.0
4500002749,30,,,9366.37,9366.37,0.0,0.0
4500002749,40,,,5017.7,5017.7,0.0,0.0
4500002750,10,,,29171.68,0.0,0.0,0.0
4500002751,10,,,2123.89,2123.89,0.0,0.0
4500002752,10,,,2502.0,2214.16,0.0,0.0
4500002752,20,,,890.0,787.73,0.0,0.0
4500002754,10,5000006013,20230329,444.0,444.0,0.0,0.0
4500002754,20,5000006013,20230329,38904.0,38904.0,0.0,0.0
4500002755,10,,,247.79,247.79,0.0,0.0
4500002755,20,,,233.63,233.63,0.0,0.0
4500002756,10,,,7433.63,7433.63,0.0,0.0
4500002757,10,,,51681.42,51681.42,0.0,0.0
4500002757,20,,,34048.67,34048.67,0.0,0.0
4500002757,30,,,18318.59,18318.58,0.0,0.0
4500002758,10,5000006617,20230404,1200.0,1200.0,0.0,0.0
4500002758,20,5000006617,20230404,67.37,67.37,0.0,0.0
4500002759,60,,,14017.7,14017.7,0.0,0.0
4500002759,80,,,195732.74,195732.74,0.0,0.0
4500002759,100,,,9557.52,9557.52,0.0,0.0
4500002759,140,,,12884.96,12884.96,0.0,0.0
4500002759,160,,,16893.81,16893.8,0.0,0.0
4500002760,10,5000006618,20230404,1350.0,1350.0,0.0,0.0
4500002760,20,5000006618,20230404,75.79,75.79,0.0,0.0
4500002761,10,,,33451.33,33451.33,0.0,0.0
4500002762,10,,,6060.18,6060.18,0.0,0.0
4500002763,10,,,44247.8,44247.81,0.0,0.0
4500002763,30,,,21017.7,21017.7,0.0,0.0
4500002764,10,,,201.77,201.77,0.0,0.0
4500002765,10,5000006014,20230329,17126.4,17126.4,0.0,0.0
4500002766,10,,,637.17,637.17,0.0,0.0
4500002767,20,,,134513.28,133814.16,0.0,0.0
4500002768,20,,,2017.7,2017.7,0.0,0.0
4500002769,10,,,119.47,0.0,0.0,0.0
4500002770,10,5000009185,20230503,2750.0,2750.0,0.0,0.0
4500002770,20,5000009185,20230503,154.38,154.38,0.0,0.0
4500002771,10,5000005820,20230328,17020.0,17020.0,0.0,0.0
4500002772,10,,,58938.06,58938.06,0.0,0.0
4500002772,50,,,84424.78,84424.78,0.0,0.0
4500002772,60,,,38230.09,38230.09,0.0,0.0
4500002772,70,,,130063.7,130063.7,0.0,0.0
4500002772,80,,,149445.13,149445.13,0.0,0.0
4500002772,90,,,40938.06,40938.06,0.0,0.0
4500002772,100,,,65056.65,65056.64,0.0,0.0
4500002772,120,,,10619.47,10619.47,0.0,0.0
4500002772,130,,,14601.77,14601.77,0.0,0.0
4500002772,140,,,7964.6,7964.59,0.0,0.0
4500002772,150,,,5309.73,5309.73,0.0,0.0
4500002773,10,,,2230.09,2230.09,0.0,0.0
4500002774,10,5000005936,20230329,410.0,410.0,0.0,0.0
4500002775,10,5000005935,20230329,31800.0,31800.0,0.0,0.0
4500002776,10,,,1847.79,1847.79,0.0,0.0
4500002776,20,,,9734.51,9734.51,0.0,0.0
4500002776,30,,,3292.04,3292.04,0.0,0.0
4500002776,40,,,7079.65,7079.65,0.0,0.0
4500002776,50,,,6902.65,6902.65,0.0,0.0
4500002777,10,,,719.2,719.2,0.0,0.0
4500002777,20,,,395.84,395.84,0.0,0.0
4500002777,30,,,538.94,538.94,0.0,0.0
4500002777,40,,,18.58,18.58,0.0,0.0
4500002777,50,,,538.94,538.94,0.0,0.0
4500002777,60,,,18.58,18.58,0.0,0.0
4500002778,10,,,774.34,774.34,0.0,0.0
4500002779,10,,,820.0,820.0,0.0,0.0
4500002780,10,,,3539.82,3539.82,0.0,0.0
4500002781,10,5000011600,20230530,780.0,780.0,0.0,0.0
4500002781,20,5000011600,20230530,52.0,52.0,0.0,0.0
4500002781,30,5000011600,20230530,132.0,132.0,0.0,0.0
4500002781,40,5000011600,20230530,1485.0,1485.0,0.0,0.0
4500002781,50,5000011600,20230530,1875.0,1875.0,0.0,0.0
4500002781,60,5000011600,20230530,4500.0,4500.0,0.0,0.0
4500002781,70,5000011600,20230530,600.0,600.0,0.0,0.0
4500002782,10,5000009165,20230501,13200.0,13200.0,0.0,0.0
4500002782,20,5000009165,20230501,2745.0,2745.0,0.0,0.0
4500002784,10,5000012059,20230602,11799.92,11800.0,0.0,0.0
4500002785,10,5000012058,20230602,10000.0,10000.0,0.0,0.0
4500002785,20,5000012058,20230602,759.0,759.0,0.0,0.0
4500002786,10,5000016188,20230706,6756.8,6756.8,0.0,0.0
4500002786,30,5000007998,20230420,30.96,30.96,0.0,0.0
4500002786,40,5000007998,20230420,410.7,410.7,0.0,0.0
4500002787,10,5000008008,20230420,647.4,647.4,0.0,0.0
4500002787,20,5000008008,20230420,244.25,244.25,0.0,0.0
4500002787,30,5000008008,20230420,75.4,75.4,0.0,0.0
4500002788,10,5000010463,20230519,1224.0,1224.0,0.0,0.0
4500002788,20,5000010463,20230519,10650.0,10650.0,0.0,0.0
4500002788,30,5000010464,20230519,2625.0,2625.0,0.0,0.0
4500002788,40,5000010464,20230519,2625.0,2625.0,0.0,0.0
4500002788,50,5000010464,20230519,2625.0,2625.0,0.0,0.0
4500002788,60,5000010464,20230519,2625.0,2625.0,0.0,0.0
4500002788,70,5000010464,20230519,1050.0,1050.0,0.0,0.0
4500002789,10,5000021826,20230811,224.0,222.72,0.0,0.0
4500002789,20,5000021826,20230811,1750.0,1750.0,0.0,0.0
4500002789,30,5000021826,20230811,1011.5,1011.81,0.0,0.0
4500002789,40,5000028448,20231002,136.0,123.65,0.0,0.0
4500002790,10,5000014363,20230622,15600.0,15600.0,0.0,0.0
4500002791,10,5000009156,20230501,3870.0,3870.0,0.0,0.0
4500002791,20,5000009156,20230501,129.0,129.0,0.0,0.0
4500002791,30,5000009156,20230501,3870.0,3870.0,0.0,0.0
4500002791,40,5000009156,20230501,129.0,129.0,0.0,0.0
4500002791,50,5000009156,20230501,2360.0,3379.02,0.0,0.0
4500002791,60,5000009156,20230501,2763.0,3250.58,0.0,0.0
4500002791,70,5000009156,20230501,5799.96,5799.97,0.0,0.0
4500002791,80,5000009156,20230501,4355.46,4355.46,0.0,0.0
4500002791,90,5000009156,20230501,437.4,1122.48,0.0,0.0
4500002791,100,5000012315,20230605,522.0,522.0,0.0,0.0
4500002791,110,5000009156,20230501,4770.0,5008.2,0.0,0.0
4500002791,120,5000009156,20230501,2700.0,3150.0,0.0,0.0
4500002791,130,5000009156,20230501,300.0,350.0,0.0,0.0
4500002791,140,5000009156,20230501,25400.0,25400.0,0.0,0.0
4500002791,150,5000009156,20230501,58.5,58.5,0.0,0.0
4500002791,160,5000009156,20230501,68.4,68.4,0.0,0.0
4500002791,170,5000009156,20230501,144.1,144.1,0.0,0.0
4500002791,180,5000009156,20230501,26250.0,26250.0,0.0,0.0
4500002791,190,5000009156,20230501,1730.2,1977.27,0.0,0.0
4500002791,200,5000009156,20230501,877.6,927.52,0.0,0.0
4500002791,210,5000009156,20230501,212.1,208.46,0.0,0.0
4500002791,220,5000012314,20230605,39.8,39.8,0.0,0.0
4500002791,230,5000012312,20230605,1647.0,1644.75,0.0,0.0
4500002791,240,5000009156,20230501,73.2,73.1,0.0,0.0
4500002791,250,5000009156,20230501,278.0,278.0,0.0,0.0
4500002791,260,5000009156,20230501,2636.25,2925.0,0.0,0.0
4500002791,270,5000009156,20230501,17532.8,81600.0,0.0,0.0
4500002791,280,5000009156,20230501,12580.0,12580.0,0.0,0.0
4500002791,290,5000012316,20230605,25056.0,25056.0,0.0,0.0
4500002792,10,5000008002,20230420,24603.2,24602.88,0.0,0.0
4500002792,20,5000008002,20230420,367.77,367.77,0.0,0.0
4500002793,10,5000008005,20230420,920.0,920.0,0.0,0.0
4500002793,20,5000008005,20230420,29.0,29.0,0.0,0.0
4500002794,10,5000008724,20230427,23376.6,23376.6,0.0,0.0
4500002794,20,5000009298,20230504,5994.0,5994.0,0.0,0.0
4500002794,30,5000009298,20230504,2671.2,2671.2,0.0,0.0
4500002794,40,5000009170,20230501,13940.1,13940.1,0.0,0.0
4500002794,50,5000008724,20230427,3120.0,3120.0,0.0,0.0
4500002794,60,5000008724,20230427,2373.0,2373.0,0.0,0.0
4500002794,70,5000008724,20230427,3273.6,3273.6,0.0,0.0
4500002794,80,5000009169,20230501,6484.0,6484.0,0.0,0.0
4500002794,90,5000009169,20230501,58356.0,58356.0,0.0,0.0
4500002794,100,5000008724,20230427,21148.68,21148.68,0.0,0.0
4500002795,10,5000018512,20230721,1425.0,1424.43,0.0,0.0
4500002795,20,5000018512,20230721,270.0,269.1,0.0,0.0
4500002795,30,5000018512,20230721,22.0,22.0,0.0,0.0
4500002796,10,5000016298,20230707,1110.0,1110.0,0.0,0.0
4500002797,10,5000010354,20230518,15675.0,15675.0,0.0,0.0
4500002798,50,,,58447.9,58447.88,0.0,0.0
4500002798,110,,,173884.32,173884.32,0.0,0.0
4500002798,120,,,82435.97,82435.97,0.0,0.0
4500002799,10,5000006005,20230329,4470.0,4470.0,0.0,0.0
4500002799,20,5000006005,20230329,278.06,278.06,0.0,0.0
4500002811,10,5000006027,20230329,1600.0,1600.0,0.0,0.0
4500002822,10,5000006024,20230329,3820.0,3820.0,0.0,0.0
4500002822,20,5000006024,20230329,2925.0,2925.0,0.0,0.0
4500002822,30,5000006024,20230329,1755.0,1755.0,0.0,0.0
4500002822,40,5000006024,20230329,740.0,740.0,0.0,0.0
4500002822,50,5000006024,20230329,18560.0,18560.0,0.0,0.0
4500002822,60,5000006024,20230329,7930.0,7930.0,0.0,0.0
4500002824,10,5000007663,20230418,4470.0,4470.0,0.0,0.0
4500002824,20,5000007663,20230418,250.94,250.94,0.0,0.0
4500002825,10,,,0.0,0.0,0.0,0.0
4500002825,20,,,0.0,0.0,0.0,0.0
4500002826,10,5000083704,20241218,798.0,798.0,0.0,0.0
4500002827,10,5000083706,20241218,798.0,798.0,0.0,0.0
4500002828,10,5000083710,20241218,2081.0,2081.0,0.0,0.0
4500002829,10,5000083712,20241218,2009.0,2009.0,0.0,0.0
4500002830,10,5000005994,20230329,237964.6,237964.6,0.0,0.0
4500002830,20,5000005994,20230329,300619.47,128495.58,0.0,0.0
4500002830,30,5000005994,20230329,360366.97,347610.62,0.0,0.0
4500002830,40,5000005994,20230329,206814.16,206814.16,0.0,0.0
4500002831,10,5000083714,20241218,2036.0,2036.0,0.0,0.0
4500002832,10,5000083716,20241218,798.0,798.0,0.0,0.0
4500002833,10,5000083718,20241218,798.0,798.0,0.0,0.0
4500002834,10,5000083720,20241218,2009.0,2009.0,0.0,0.0
4500002835,10,5000083722,20241218,2154.0,2154.0,0.0,0.0
4500002836,10,5000083724,20241218,2129.0,2129.0,0.0,0.0
4500002837,10,5000083726,20241218,798.0,798.0,0.0,0.0
4500002838,10,5000083728,20241218,798.0,798.0,0.0,0.0
4500002839,10,5000083730,20241218,798.0,798.0,0.0,0.0
4500002840,10,5000083732,20241218,2435.0,2435.0,0.0,0.0
4500002841,10,5000083734,20241218,2185.0,2185.0,0.0,0.0
4500002842,10,5000083736,20241218,2081.0,2081.0,0.0,0.0
4500002843,10,5000083738,20241218,2185.0,2185.0,0.0,0.0
4500002844,10,5000083740,20241218,798.0,798.0,0.0,0.0
4500002845,10,5000083742,20241218,798.0,798.0,0.0,0.0
4500002846,10,5000083744,20241218,798.0,798.0,0.0,0.0
4500002847,10,5000083746,20241218,798.0,798.0,0.0,0.0
4500002848,10,5000083748,20241218,798.0,798.0,0.0,0.0
4500002849,10,5000006915,20230406,4470.0,4470.0,0.0,0.0
4500002849,20,5000006915,20230406,250.94,250.94,0.0,0.0
4500002850,490,,,11060.44,11060.44,0.0,0.0
4500002851,10,5000006908,20230406,1450.0,1450.0,0.0,0.0
4500002851,20,5000006908,20230406,81.4,81.4,0.0,0.0
4500002852,10,5000006026,20230329,31088.4,31088.4,0.0,0.0
4500002852,20,5000006026,20230329,29135.61,29135.61,0.0,0.0
4500002852,30,5000006026,20230329,29135.61,29135.61,0.0,0.0
4500002852,40,5000006026,20230329,30484.77,30484.77,0.0,0.0
4500002852,50,5000006026,20230329,29424.04,29424.04,0.0,0.0
4500002852,60,5000006026,20230329,32214.9,32214.9,0.0,0.0
4500002852,70,5000006026,20230329,34734.44,34734.44,0.0,0.0
4500002852,80,5000006026,20230329,35471.22,35471.22,0.0,0.0
4500002852,90,5000006026,20230329,28552.91,28552.91,0.0,0.0
4500002852,100,5000006026,20230329,31573.49,31573.49,0.0,0.0
4500002853,10,5000006025,20230329,31427.24,31427.24,0.0,0.0
4500002853,20,5000006025,20230329,26571.89,26571.89,0.0,0.0
4500002853,30,5000006025,20230329,25398.69,25398.69,0.0,0.0
4500002853,40,5000006025,20230329,35114.27,35114.27,0.0,0.0
4500002853,50,5000006025,20230329,31039.42,31039.42,0.0,0.0
4500002853,60,5000006025,20230329,31318.65,31318.65,0.0,0.0
4500002853,70,5000006025,20230329,31025.8,31025.8,0.0,0.0
4500002853,80,5000006025,20230329,39330.04,39330.04,0.0,0.0
4500002853,90,5000006025,20230329,38602.24,38602.24,0.0,0.0
4500002853,100,5000006025,20230329,34212.36,34212.36,0.0,0.0
4500002853,110,5000006025,20230329,34527.48,34527.48,0.0,0.0
4500002853,120,5000006025,20230329,30992.73,30992.73,0.0,0.0
4500002853,130,5000006025,20230329,29737.94,29737.94,0.0,0.0
4500002853,140,5000006025,20230329,35170.42,35170.42,0.0,0.0
4500002853,150,5000006025,20230329,32224.39,32224.39,0.0,0.0
4500002853,160,5000006025,20230329,31811.05,31811.05,0.0,0.0
4500002854,10,,,23008.85,23008.85,0.0,0.0
4500002854,20,,,29083.19,29083.18,0.0,0.0
4500002854,30,,,23008.85,23008.85,0.0,0.0
4500002854,40,,,31929.2,31929.2,0.0,0.0
4500002855,10,,,6371.68,6371.68,0.0,0.0
4500002855,20,,,566.37,566.37,0.0,0.0
4500002855,30,,,93.45,93.45,0.0,0.0
4500002856,10,,,27143.36,27143.36,0.0,0.0
4500002857,610,,,11909.73,11909.73,0.0,0.0
4500002857,620,,,769.91,769.9,0.0,0.0
4500002857,630,,,332.74,332.75,0.0,0.0
4500002857,680,,,4601.77,4601.77,0.0,0.0
4500002857,1060,,,1902.65,1902.65,0.0,0.0
4500002857,1130,,,31858.41,31858.41,0.0,0.0
4500002858,10,,,1.77,1469.02,0.0,0.0
4500002859,10,,,7673.45,7903.65,0.0,0.0
4500002860,10,,,2123.89,2123.89,0.0,0.0
4500002860,20,,,2123.89,2123.89,0.0,0.0
4500002861,10,5000008003,20230420,22264.32,22264.06,0.0,0.0
4500002861,20,5000008003,20230420,29905.2,29903.74,0.0,0.0
4500002861,30,5000008003,20230420,2017.08,2016.02,0.0,0.0
4500002861,60,5000008003,20230420,1300.0,1299.41,0.0,0.0
4500002861,70,5000008003,20230420,1300.0,1299.41,0.0,0.0
4500002863,10,5000007983,20230420,165.0,165.0,0.0,0.0
4500002863,20,5000007983,20230420,165.0,165.0,0.0,0.0
4500002863,30,5000007983,20230420,25.0,25.0,0.0,0.0
4500002865,10,5000007591,20230417,4725.0,4725.0,0.0,0.0
4500002865,20,5000007591,20230417,390.0,390.0,0.0,0.0
4500002865,30,5000007591,20230417,80.0,80.0,0.0,0.0
4500002866,10,5000007589,20230417,3375.0,3375.0,0.0,0.0
4500002866,20,5000007589,20230417,475.0,475.0,0.0,0.0
4500002866,40,5000007589,20230417,170.5,170.5,0.0,0.0
4500002867,10,5000007993,20230420,504.9,504.9,0.0,0.0
4500002867,20,5000007993,20230420,39.0,39.0,0.0,0.0
4500002868,10,5000012074,20230602,780.0,780.0,0.0,0.0
4500002868,20,5000012074,20230602,131.4,131.4,0.0,0.0
4500002869,10,5000006709,20230405,6354.54,6354.55,6990.0,-6990.0
4500002870,10,5000008004,20230420,38880.0,38880.0,0.0,0.0
4500002870,20,5000008004,20230420,400.0,400.0,0.0,0.0
4500002871,10,5000009296,20230504,2720.0,2720.0,0.0,0.0
4500002871,20,5000009296,20230504,4950.0,4950.0,0.0,0.0
4500002871,30,5000009296,20230504,11.0,10.0,0.0,0.0
4500002872,10,5000009297,20230504,468.6,468.6,0.0,0.0
4500002872,20,5000009297,20230504,247.0,247.0,0.0,0.0
4500002872,30,5000009297,20230504,392.1,392.1,0.0,0.0
4500002872,40,5000009297,20230504,60.0,60.0,0.0,0.0
4500002873,10,5000010435,20230519,2156.82,2156.82,0.0,0.0
4500002874,10,5000011917,20230531,2156.82,2156.82,0.0,0.0
4500002875,10,5000016850,20230711,5851.25,5851.25,0.0,0.0
4500002876,10,5000012484,20230606,5851.25,5851.25,0.0,0.0
4500002877,10,5000012483,20230606,5851.25,5851.25,0.0,0.0
4500002878,10,5000011915,20230531,2156.82,2156.82,0.0,0.0
4500002879,10,5000011913,20230531,2156.82,2156.82,0.0,0.0
4500002880,10,5000011916,20230531,2156.82,2156.82,0.0,0.0
4500002881,10,5000011914,20230531,2156.82,2156.82,0.0,0.0
4500002882,10,5000012581,20230607,2156.82,2156.82,0.0,0.0
4500002883,10,5000012582,20230607,2156.82,2156.82,0.0,0.0
4500002884,10,5000011104,20230526,3929.55,3929.55,0.0,0.0
4500002885,10,5000010447,20230519,3929.55,3929.55,0.0,0.0
4500002886,10,5000012580,20230607,3929.55,3829.55,0.0,0.0
4500002887,10,5000012485,20230606,5851.25,5851.25,0.0,0.0
4500002888,10,5000011091,20230526,2156.82,2156.82,0.0,0.0
4500002889,10,5000011102,20230526,2156.82,2156.82,0.0,0.0
4500002890,10,5000009288,20230504,2156.82,2156.82,0.0,0.0
4500002891,10,5000011103,20230526,2156.82,2156.82,0.0,0.0
4500002892,10,5000011912,20230531,2156.82,2156.82,0.0,0.0
4500002893,10,5000010446,20230519,2156.82,2156.82,0.0,0.0
4500002894,10,5000014364,20230623,13345.0,13345.0,0.0,0.0
4500002895,10,5000008006,20230420,20.64,20.64,0.0,0.0
4500002895,20,5000008006,20230420,589.28,589.3,0.0,0.0
4500002896,10,5000009168,20230501,1942.32,1942.32,0.0,0.0
4500002897,10,5000012092,20230602,3978.2,3978.2,0.0,0.0
4500002897,20,5000012092,20230602,15600.0,15600.0,0.0,0.0
4500002897,30,5000012092,20230602,13930.0,13930.0,0.0,0.0
4500002897,40,5000012092,20230602,21000.0,21000.0,0.0,0.0
4500002897,50,5000011959,20230601,26520.0,26520.0,0.0,0.0
4500002897,60,5000012092,20230602,20385.0,20385.0,0.0,0.0
4500002897,70,5000012092,20230602,4870.0,4870.0,0.0,0.0
4500002897,80,5000012092,20230602,509.0,509.0,0.0,0.0
4500002897,90,5000012092,20230602,74547.0,74547.0,0.0,0.0
4500002897,100,5000012092,20230602,1812.0,1812.0,0.0,0.0
4500002897,110,5000012092,20230602,974.0,974.0,0.0,0.0
4500002897,120,5000012092,20230602,1839.93,1839.93,0.0,0.0
4500002897,130,5000012092,20230602,1485.0,1485.0,0.0,0.0
4500002897,140,5000012092,20230602,6289.92,6289.92,0.0,0.0
4500002897,150,5000012092,20230602,811.2,811.2,0.0,0.0
4500002897,160,5000012092,20230602,1360.0,1360.0,0.0,0.0
4500002898,10,5000012294,20230605,18553.6,18553.6,0.0,0.0
4500002898,20,5000012294,20230605,3837.6,3837.6,0.0,0.0
4500002898,30,5000012294,20230605,250.0,250.0,0.0,0.0
4500002898,40,5000012294,20230605,1250.0,1250.0,0.0,0.0
4500002898,50,5000012294,20230605,250.0,250.0,0.0,0.0
4500002898,60,5000012294,20230605,108.15,108.15,0.0,0.0
4500002898,70,5000012294,20230605,113.3,113.3,0.0,0.0
4500002898,80,5000012294,20230605,3000.0,3000.0,0.0,0.0
4500002898,90,5000012294,20230605,29795.22,29796.0,0.0,0.0
4500002898,100,5000012294,20230605,81728.0,81740.8,0.0,0.0
4500002898,110,5000012294,20230605,13312.0,13312.0,0.0,0.0
4500002898,120,5000012294,20230605,15664.0,15664.0,0.0,0.0
4500002898,130,5000012294,20230605,33280.0,33280.0,0.0,0.0
4500002898,140,5000012294,20230605,15664.0,15664.0,0.0,0.0
4500002899,10,5000007758,20230418,4470.0,4470.0,0.0,0.0
4500002899,20,5000007758,20230418,250.94,250.94,0.0,0.0
4500002900,10,5000006907,20230406,1450.0,1450.0,0.0,0.0
4500002900,20,5000006907,20230406,81.4,81.4,0.0,0.0
4500002901,10,5000006183,20230331,2750.0,2750.0,0.0,0.0
4500002901,20,5000006183,20230331,154.38,154.38,0.0,0.0
4500002902,10,5000006184,20230331,2750.0,2750.0,0.0,0.0
4500002902,20,5000006184,20230331,154.38,154.38,0.0,0.0
4500002903,10,5000006905,20230406,1450.0,1450.0,0.0,0.0
4500002903,20,5000006905,20230406,81.4,81.4,0.0,0.0
4500002904,10,5000006085,20230330,31464.68,31464.68,0.0,0.0
4500002904,20,5000006085,20230330,34101.78,34101.78,0.0,0.0
4500002904,30,5000006085,20230330,26611.79,26611.79,0.0,0.0
4500002904,40,5000006085,20230330,28527.85,28527.85,0.0,0.0
4500002904,50,5000006085,20230330,38903.56,38903.56,0.0,0.0
4500002904,60,5000006085,20230330,34931.94,34931.94,0.0,0.0
4500002904,70,5000006085,20230330,29619.69,29619.69,0.0,0.0
4500002904,80,5000006085,20230330,31106.72,31106.72,0.0,0.0
4500002904,90,5000006085,20230330,31308.99,31308.99,0.0,0.0
4500002904,100,5000006085,20230330,30151.78,30151.78,0.0,0.0
4500002904,110,5000006085,20230330,30446.98,30446.98,0.0,0.0
4500002904,120,5000006085,20230330,29340.74,29340.74,0.0,0.0
4500002904,130,5000006085,20230330,26980.8,26980.8,0.0,0.0
4500002904,140,5000006085,20230330,24857.17,24857.17,0.0,0.0
4500002904,150,5000006085,20230330,28838.15,28838.15,0.0,0.0
4500002904,160,5000006085,20230330,35838.82,35838.82,0.0,0.0
4500002904,170,5000006085,20230330,24857.17,24857.17,0.0,0.0
4500002904,180,5000006085,20230330,26308.36,26308.36,0.0,0.0
4500002904,190,5000006085,20230330,31851.84,31851.84,0.0,0.0
4500002905,10,5000011095,20230526,2750.0,2750.0,0.0,0.0
4500002905,20,5000011095,20230526,154.38,154.38,0.0,0.0
4500002906,10,5000083750,20241218,2258.0,2258.0,0.0,0.0
4500002907,10,5000083768,20241219,2081.0,2081.0,0.0,0.0
4500002908,10,5000006083,20230330,194601.77,183904.87,0.0,0.0
4500002908,20,5000006083,20230330,1039062.5,916117.25,0.0,0.0
4500002909,10,5000083771,20241219,2258.0,2258.0,0.0,0.0
4500002910,10,5000083773,20241219,2185.0,2185.0,0.0,0.0
4500002911,10,5000083775,20241219,2009.0,2009.0,0.0,0.0
4500002912,10,5000083778,20241219,2140.0,2140.0,0.0,0.0
4500002913,10,5000083780,20241219,798.0,798.0,0.0,0.0
4500002914,10,5000083782,20241219,798.0,798.0,0.0,0.0
4500002915,10,5000011096,20230526,2750.0,2750.0,0.0,0.0
4500002915,20,5000011096,20230526,154.38,154.38,0.0,0.0
4500002916,10,5000083784,20241219,871.0,871.0,0.0,0.0
4500002917,10,5000083786,20241219,902.0,902.0,0.0,0.0
4500002918,10,5000083788,20241219,2202.0,2202.0,0.0,0.0
4500002919,10,5000083791,20241219,902.0,902.0,0.0,0.0
4500002920,10,5000083793,20241219,2258.0,2258.0,0.0,0.0
4500002921,10,5000083795,20241219,2056.0,2056.0,0.0,0.0
4500002922,10,,,0.0,0.0,0.0,0.0
4500002923,10,5000083801,20241219,2081.0,2081.0,0.0,0.0
4500002924,10,5000083804,20241219,2009.0,2009.0,0.0,0.0
4500002925,10,5000083807,20241219,2081.0,2081.0,0.0,0.0
4500002926,10,5000006449,20230403,1596.0,798.0,0.0,0.0
4500002927,10,5000006448,20230403,22580.0,2258.0,0.0,0.0
4500002928,10,5000006447,20230403,22580.0,2258.0,0.0,0.0
4500002929,10,5000006439,20230403,181.0,181.0,0.0,0.0
4500002930,10,5000083810,20241219,2258.0,2258.0,0.0,0.0
4500002931,10,5000083813,20241219,2009.0,2009.0,0.0,0.0
4500002932,10,5000083816,20241219,2154.0,2154.0,0.0,0.0
4500002933,10,5000083818,20241219,2158.0,2185.0,0.0,0.0
4500002934,10,5000083824,20241219,902.0,902.0,0.0,0.0
4500002935,10,5000083827,20241219,902.0,902.0,0.0,0.0
4500002936,10,5000083829,20241219,798.0,798.0,0.0,0.0
4500002937,10,,,0.0,0.0,0.0,0.0
4500002938,10,5000006122,20230330,191150.44,191150.44,0.0,0.0
4500002938,20,5000006122,20230330,128495.58,128495.58,0.0,0.0
4500002938,30,5000006122,20230330,128495.58,128495.58,0.0,0.0
4500002938,40,5000006122,20230330,128495.58,128495.58,0.0,0.0
4500002938,50,5000006122,20230330,128495.58,128495.58,0.0,0.0
4500002938,60,5000006122,20230330,206814.16,206814.16,0.0,0.0
4500002938,70,5000006122,20230330,206814.16,206814.16,0.0,0.0
4500002938,80,5000006122,20230330,206814.16,206814.16,0.0,0.0
4500002938,90,5000006122,20230330,206814.16,193982.3,0.0,0.0
4500002938,100,5000006122,20230330,206814.16,206814.16,0.0,0.0
4500002938,110,5000006122,20230330,206814.16,206814.16,0.0,0.0
4500002938,120,5000006122,20230330,191150.44,65309.73,0.0,0.0
4500002938,130,5000006122,20230330,76460.18,76460.18,0.0,0.0
4500002938,140,5000006122,20230330,76460.18,76460.18,0.0,0.0
4500002939,10,5000006902,20230406,1350.0,1350.0,0.0,0.0
4500002939,20,5000006902,20230406,75.79,75.79,0.0,0.0
4500002940,10,5000006903,20230406,1200.0,1200.0,0.0,0.0
4500002940,20,5000006903,20230406,67.37,67.37,0.0,0.0
4500002941,10,5000008881,20230428,2125.0,2125.0,0.0,0.0
4500002941,20,5000008881,20230428,119.29,119.29,0.0,0.0
4500002942,10,5000011097,20230526,2750.0,2750.0,0.0,0.0
4500002942,20,5000011097,20230526,154.38,154.38,0.0,0.0
4500002943,10,5000006436,20230403,10830.0,10831.24,0.0,0.0
4500002943,20,5000006436,20230403,2152.5,2152.52,0.0,0.0
4500002944,10,5000006437,20230403,166.0,166.0,0.0,0.0
4500002944,20,5000006437,20230403,166.0,166.0,0.0,0.0
4500002944,30,5000006437,20230403,1196.0,1196.0,0.0,0.0
4500002944,40,5000006437,20230403,299.0,598.0,0.0,0.0
4500002945,10,5000006438,20230403,29.2,29.09,0.0,0.0
4500002945,20,5000006438,20230403,72.4,72.4,0.0,0.0
4500002945,30,5000006438,20230403,79.2,78.84,0.0,0.0
4500002945,40,5000006438,20230403,60.0,60.0,0.0,0.0
4500002945,50,5000006438,20230403,25.44,25.44,0.0,0.0
4500002945,60,5000006438,20230403,960.8,960.87,0.0,0.0
4500002945,70,5000006438,20230403,54.8,54.6,0.0,0.0
4500002945,80,5000006438,20230403,79.2,79.17,0.0,0.0
4500002945,90,5000006438,20230403,744.0,743.4,0.0,0.0
4500002945,100,5000006438,20230403,300.0,300.0,0.0,0.0
4500002945,110,5000006438,20230403,248.0,247.5,0.0,0.0
4500002945,120,5000006438,20230403,148.0,148.0,0.0,0.0
4500002945,130,5000006438,20230403,293.1,293.1,0.0,0.0
4500002945,140,5000006438,20230403,240.0,240.0,0.0,0.0
4500002945,150,5000006438,20230403,76.2,76.2,0.0,0.0
4500002945,160,5000006438,20230403,348.0,348.0,0.0,0.0
4500002945,170,5000006438,20230403,556.2,556.33,0.0,0.0
4500002945,180,5000006438,20230403,150.0,150.0,0.0,0.0
4500002945,190,5000006438,20230403,70.48,70.48,0.0,0.0
4500002945,200,5000006438,20230403,25.02,25.02,0.0,0.0
4500002946,10,5000006717,20230405,2390.0,2390.0,0.0,0.0
4500002947,10,5000006435,20230403,30.0,30.0,0.0,0.0
4500002947,20,5000006435,20230403,15.0,15.0,0.0,0.0
4500002947,30,5000006435,20230403,15.0,15.0,0.0,0.0
4500002947,40,5000006435,20230403,30.0,30.0,0.0,0.0
4500002947,50,5000006435,20230403,30.0,30.0,0.0,0.0
4500002947,60,5000006435,20230403,30.0,30.0,0.0,0.0
4500002947,70,5000006435,20230403,15.0,15.0,0.0,0.0
4500002947,80,5000006435,20230403,15.0,15.0,0.0,0.0
4500002947,90,,,0.0,0.0,0.0,0.0
4500002947,100,5000006435,20230403,30.0,30.0,0.0,0.0
4500002947,110,5000006435,20230403,15.0,15.0,0.0,0.0
4500002947,120,5000006435,20230403,45.0,45.0,0.0,0.0
4500002947,130,5000006435,20230403,315.0,315.0,0.0,0.0
4500002947,140,5000006435,20230403,30.0,30.0,0.0,0.0
4500002947,150,5000006435,20230403,45.0,45.0,0.0,0.0
4500002947,170,5000006435,20230403,34.66,34.66,0.0,0.0
4500002947,180,5000006435,20230403,240.0,240.0,0.0,0.0
4500002947,190,5000006435,20230403,120.0,120.0,0.0,0.0
4500002947,200,5000006435,20230403,120.0,120.0,0.0,0.0
4500002947,210,5000006435,20230403,120.0,120.0,0.0,0.0
4500002947,220,5000006435,20230403,240.0,240.0,0.0,0.0
4500002947,230,5000006435,20230403,120.0,120.0,0.0,0.0
4500002947,240,5000006435,20230403,120.0,120.0,0.0,0.0
4500002947,250,5000006435,20230403,120.0,120.0,0.0,0.0
4500002947,260,5000006435,20230403,120.0,120.0,0.0,0.0
4500002947,270,5000006435,20230403,360.0,360.0,0.0,0.0
4500002947,280,5000006435,20230403,360.0,360.0,0.0,0.0
4500002947,290,5000006435,20230403,240.0,240.0,0.0,0.0
4500002947,300,5000006435,20230403,240.0,240.0,0.0,0.0
4500002947,310,5000006435,20230403,360.0,360.0,0.0,0.0
4500002947,320,5000006435,20230403,240.0,240.0,0.0,0.0
4500002947,330,5000006435,20230403,34.66,34.66,0.0,0.0
4500002947,340,5000006435,20230403,250.0,250.0,0.0,0.0
4500002947,350,5000006435,20230403,1101.42,1101.42,0.0,0.0
4500002947,360,5000006435,20230403,250.0,250.0,0.0,0.0
4500002947,370,5000006435,20230403,763.82,763.82,0.0,0.0
4500002947,380,5000006435,20230403,250.0,250.0,0.0,0.0
4500002947,390,5000006435,20230403,979.04,979.04,0.0,0.0
4500002948,10,5000007607,20230417,125.0,125.0,0.0,0.0
4500002948,20,5000007607,20230417,125.0,125.0,0.0,0.0
4500002948,30,5000007607,20230417,125.0,125.0,0.0,0.0
4500002948,40,5000007607,20230417,250.0,250.0,0.0,0.0
4500002948,50,5000007607,20230417,738.5,738.5,0.0,0.0
4500002948,60,5000007607,20230417,250.0,250.0,0.0,0.0
4500002948,70,5000007607,20230417,687.86,687.86,0.0,0.0
4500002948,80,5000007607,20230417,250.0,250.0,0.0,0.0
4500002948,90,5000007607,20230417,460.0,388.24,0.0,0.0
4500002948,100,5000007607,20230417,250.0,250.0,0.0,0.0
4500002948,110,5000007607,20230417,649.88,649.88,0.0,0.0
4500002948,120,5000007607,20230417,250.0,250.0,0.0,0.0
4500002948,130,5000007607,20230417,599.24,599.24,0.0,0.0
4500002948,140,5000007607,20230417,250.0,250.0,0.0,0.0
4500002948,150,5000007607,20230417,692.08,692.08,0.0,0.0
4500002948,160,5000007607,20230417,250.0,250.0,0.0,0.0
4500002948,170,5000007607,20230417,704.74,704.74,0.0,0.0
4500002948,180,5000007607,20230417,250.0,250.0,0.0,0.0
4500002948,190,5000007607,20230417,675.2,675.2,0.0,0.0
4500002948,200,5000007607,20230417,250.0,250.0,0.0,0.0
4500002948,210,5000007607,20230417,738.5,738.5,0.0,0.0
4500002948,220,5000007607,20230417,250.0,250.0,0.0,0.0
4500002948,230,5000007607,20230417,649.88,649.88,0.0,0.0
4500002949,10,,,1120.0,0.0,0.0,0.0
4500002950,10,5000006163,20230330,191150.44,191150.44,0.0,0.0
4500002951,10,5000006434,20230403,395.7,395.7,0.0,0.0
4500002952,10,5000006433,20230403,316.56,316.56,0.0,0.0
4500002953,10,5000011618,20230530,3900.0,3900.0,0.0,0.0
4500002953,20,5000011618,20230530,218.94,218.94,0.0,0.0
4500002954,10,5000006904,20230406,1350.0,1350.0,0.0,0.0
4500002954,20,5000006904,20230406,75.79,75.79,0.0,0.0
4500002955,10,5000008675,20230427,27260.21,27260.21,0.0,0.0
4500002955,20,5000008675,20230427,25782.38,25782.38,0.0,0.0
4500002955,30,5000006432,20230403,25588.61,25588.61,0.0,0.0
4500002955,40,5000006432,20230403,33597.89,33597.89,0.0,0.0
4500002955,50,5000006432,20230403,31231.03,31231.03,0.0,0.0
4500002955,60,5000006432,20230403,31039.02,31039.02,0.0,0.0
4500002955,70,5000008675,20230427,42834.69,42834.69,0.0,0.0
4500002955,80,5000006432,20230403,29190.48,29190.48,0.0,0.0
4500002955,90,5000006432,20230403,33327.25,33327.25,0.0,0.0
4500002956,10,5000006431,20230403,34320.17,34320.17,0.0,0.0
4500002956,20,5000006431,20230403,26691.57,26691.57,0.0,0.0
4500002956,30,5000006431,20230403,28199.67,28199.67,0.0,0.0
4500002956,40,5000006431,20230403,30452.17,30452.17,0.0,0.0
4500002956,50,5000006431,20230403,30907.18,30907.18,0.0,0.0
4500002956,60,5000006431,20230403,29775.54,29775.54,0.0,0.0
4500002956,70,5000006431,20230403,29775.54,29775.54,0.0,0.0
4500002956,80,5000006431,20230403,30645.04,30645.04,0.0,0.0
4500002956,90,5000006431,20230403,26617.89,26617.89,0.0,0.0
4500002956,100,5000006431,20230403,28297.01,28297.01,0.0,0.0
4500002956,110,5000006431,20230403,30118.81,30118.81,0.0,0.0
4500002956,120,5000008728,20230427,37824.64,37824.64,0.0,0.0
4500002957,10,5000006181,20230331,83274.34,83274.34,0.0,0.0
4500002957,20,5000006181,20230331,0.88,28786.54,0.0,0.0
4500002958,10,5000006708,20230405,45982.43,45982.43,0.0,0.0
4500002958,20,5000006708,20230405,30887.07,30887.07,0.0,0.0
4500002958,30,5000006708,20230405,26486.7,26486.7,0.0,0.0
4500002958,40,5000006708,20230405,24788.23,24788.23,0.0,0.0
4500002958,50,5000006708,20230405,31295.87,31295.87,0.0,0.0
4500002958,60,5000006708,20230405,32282.15,32282.15,0.0,0.0
4500002958,70,5000006708,20230405,31162.0,31162.0,0.0,0.0
4500002958,80,5000006708,20230405,26274.17,26274.17,0.0,0.0
4500002958,90,5000008680,20230427,26402.02,26402.02,0.0,0.0
4500002958,100,5000006708,20230405,30252.28,30252.28,0.0,0.0
4500002958,110,5000008680,20230427,34734.44,34734.44,0.0,0.0
4500002958,120,5000006708,20230405,26438.12,26438.12,0.0,0.0
4500002958,130,5000006708,20230405,25121.95,25121.95,0.0,0.0
4500002959,10,,,3092.92,3092.92,0.0,0.0
4500002960,10,5000006901,20230406,1200.0,1200.0,0.0,0.0
4500002960,20,5000006901,20230406,67.37,67.37,0.0,0.0
4500002961,10,,,0.0,0.0,0.0,0.0
4500002961,20,,,0.0,0.0,0.0,0.0
4500002962,10,5000011098,20230526,2750.0,2750.0,0.0,0.0
4500002962,20,5000011098,20230526,154.38,154.38,0.0,0.0
4500002963,10,,,0.0,0.0,0.0,0.0
4500002964,10,5000007667,20230418,4470.0,4470.0,0.0,0.0
4500002964,20,5000007667,20230418,250.94,250.94,0.0,0.0
4500002965,10,5000006430,20230403,31668.71,31668.71,0.0,0.0
4500002965,20,5000006430,20230403,31999.11,31999.11,0.0,0.0
4500002965,30,5000006430,20230403,31330.24,31330.24,0.0,0.0
4500002965,40,5000006430,20230403,34154.52,34154.52,0.0,0.0
4500002965,50,5000006430,20230403,30565.66,30565.66,0.0,0.0
4500002965,60,5000006430,20230403,27972.99,27972.99,0.0,0.0
4500002965,70,5000006430,20230403,31708.02,31708.02,0.0,0.0
4500002965,80,5000006430,20230403,30060.4,30060.4,0.0,0.0
4500002965,90,5000006430,20230403,33163.45,33163.45,0.0,0.0
4500002965,100,5000006430,20230403,34154.52,34154.52,0.0,0.0
4500002966,10,5000006262,20230331,202831.86,202831.86,0.0,0.0
4500002967,10,5000006263,20230331,202831.86,202831.86,0.0,0.0
4500002968,10,5000008662,20230403,26022.5,26022.5,0.0,0.0
4500002968,20,5000006429,20230403,24296.65,24296.65,0.0,0.0
4500002968,30,5000008662,20230403,24834.25,24834.25,0.0,0.0
4500002968,40,5000006429,20230403,25782.38,25782.38,0.0,0.0
4500002968,50,5000006429,20230403,30734.13,30734.13,0.0,0.0
4500002968,60,5000006429,20230403,29697.47,29697.47,0.0,0.0
4500002968,70,5000006429,20230403,30571.51,30571.51,0.0,0.0
4500002968,80,5000006429,20230403,29505.03,29505.03,0.0,0.0
4500002968,90,5000006429,20230403,29521.58,29521.58,0.0,0.0
4500002968,100,5000006429,20230403,29293.81,29293.81,0.0,0.0
4500002968,110,5000006429,20230403,29240.66,29240.66,0.0,0.0
4500002968,120,5000006429,20230403,29481.07,29481.07,0.0,0.0
4500002969,10,5000006264,20230331,319469.03,319469.03,0.0,0.0
4500002970,10,5000006427,20230403,600.0,600.0,0.0,0.0
4500002971,10,5000011435,20230529,41306.11,41306.11,0.0,0.0
4500002971,20,5000006428,20230403,27759.26,27759.26,0.0,0.0
4500002971,30,5000006428,20230403,29563.06,29563.06,0.0,0.0
4500002971,40,5000006428,20230403,29366.1,29366.1,0.0,0.0
4500002971,50,5000006428,20230403,24284.56,24284.56,0.0,0.0
4500002971,60,5000006428,20230403,25802.09,25802.09,0.0,0.0
4500002971,70,5000006428,20230403,27759.26,27759.26,0.0,0.0
4500002971,80,5000006428,20230403,25802.09,25802.09,0.0,0.0
4500002971,90,5000011435,20230529,24730.49,24730.49,0.0,0.0
4500002971,100,5000006428,20230403,32622.25,32622.25,0.0,0.0
4500002971,110,5000006428,20230403,28044.19,28044.19,0.0,0.0
4500002971,120,5000011570,20230501,29563.06,29563.06,0.0,0.0
4500002972,10,5000006265,20230331,319469.03,319469.03,0.0,0.0
4500002973,10,5000006266,20230331,196637.17,157699.12,0.0,0.0
4500002974,10,5000006267,20230331,202831.86,202831.86,0.0,0.0
4500002975,10,5000006268,20230331,319469.03,319469.03,0.0,0.0
4500002976,10,5000006269,20230331,202831.86,202831.86,0.0,0.0
4500002977,10,5000006270,20230331,381000.0,337168.14,0.0,0.0
4500002978,10,5000006271,20230331,319469.03,319469.03,0.0,0.0
4500002979,10,5000006272,20230331,202831.86,202831.86,0.0,0.0
4500002980,10,5000006273,20230331,202831.86,202831.86,0.0,0.0
4500002981,10,5000006274,20230331,202831.86,202831.86,0.0,0.0
4500002982,10,5000006275,20230331,202831.86,202831.86,0.0,0.0
4500002983,10,5000006276,20230331,202831.86,202831.86,0.0,0.0
4500002984,10,5000006277,20230331,202831.86,202831.86,0.0,0.0
4500002985,10,5000006278,20230331,202831.86,202831.86,0.0,0.0
4500002986,10,5000006279,20230331,202831.86,202831.86,0.0,0.0
4500002987,10,5000006254,20230331,161882.04,161882.04,0.0,0.0
4500002988,10,5000006257,20230331,169247.15,169247.15,0.0,0.0
4500002989,10,5000006261,20230331,174491.49,174491.49,0.0,0.0
4500002990,10,5000006282,20230331,161882.04,161882.04,0.0,0.0
4500002991,10,5000006280,20230331,347610.62,324070.8,0.0,0.0
4500002992,10,5000006284,20230331,168296.61,168296.61,0.0,0.0
4500002993,10,5000010139,20230516,4470.0,4470.0,0.0,0.0
4500002993,20,5000010139,20230516,250.94,250.94,0.0,0.0
4500002994,10,5000006900,20230406,1350.0,1350.0,0.0,0.0
4500002994,20,5000006900,20230406,75.79,75.79,0.0,0.0
4500002995,10,5000006832,20230406,1450.0,1450.0,0.0,0.0
4500002995,20,5000006832,20230406,81.4,81.4,0.0,0.0
4500002995,30,5000006832,20230406,1450.0,1450.0,0.0,0.0
4500002995,40,5000006832,20230406,81.4,81.4,0.0,0.0
4500002996,10,5000006512,20230403,2750.0,2750.0,0.0,0.0
4500002996,20,5000006512,20230403,154.38,154.38,0.0,0.0
4500002997,10,5000006833,20230406,1200.0,1200.0,0.0,0.0
4500002997,20,5000006833,20230406,67.37,67.37,0.0,0.0
4500002998,10,5000006834,20230406,1350.0,1350.0,0.0,0.0
4500002998,20,5000006834,20230406,75.79,75.79,0.0,0.0
4500003000,10,,,11418.58,11418.57,0.0,0.0
4500003000,40,,,12619.47,12619.47,0.0,0.0
4500003000,50,,,1907.96,1907.96,0.0,0.0
4500003000,60,,,28251.33,28251.33,0.0,0.0
4500003000,70,,,20749.12,20749.12,0.0,0.0
4500003000,80,,,3143.81,3143.81,0.0,0.0
4500003000,120,,,15021.24,15021.24,0.0,0.0
4500003000,130,,,14146.02,14146.02,0.0,0.0
4500003001,10,5000008882,20230428,2125.0,2125.0,0.0,0.0
4500003001,20,5000008882,20230428,119.29,119.29,0.0,0.0
4500003002,10,,,74589.38,74589.38,0.0,0.0
4500003002,20,,,146649.56,146649.56,0.0,0.0
4500003002,30,,,168562.83,168562.83,0.0,0.0
4500003003,10,,,7900.88,7900.88,0.0,0.0
4500003004,10,,,1699.12,1699.12,0.0,0.0
4500003004,20,,,716.81,716.81,0.0,0.0
4500003004,30,,,955.75,955.75,0.0,0.0
4500003004,40,,,1274.34,1274.34,0.0,0.0
4500003005,10,,,4592.92,4592.92,0.0,0.0
4500003006,10,,,138.05,138.05,0.0,0.0
4500003007,10,5000006325,20230331,16991.15,16991.15,0.0,0.0
4500003008,10,,,1681.42,1681.42,0.0,0.0
4500003009,10,,,8849.56,8849.56,0.0,0.0
4500003009,20,,,1703.54,1703.54,0.0,0.0
4500003009,30,,,1703.54,1703.54,0.0,0.0
4500003010,10,,,159.29,159.29,0.0,0.0
4500003010,20,,,845.58,845.58,0.0,0.0
4500003010,30,,,304.87,304.87,0.0,0.0
4500003010,40,,,575.22,575.22,0.0,0.0
4500003010,50,,,71.68,71.68,0.0,0.0
4500003010,60,,,47.79,47.79,0.0,0.0
4500003012,10,,,15867.26,15867.26,0.0,0.0
4500003013,10,,,30973.45,30973.45,0.0,0.0
4500003014,10,,,3663.72,3663.72,0.0,0.0
4500003014,20,,,1017.7,1017.7,0.0,0.0
4500003014,30,,,610.62,610.62,0.0,0.0
4500003014,40,,,3561.95,3561.95,0.0,0.0
4500003015,10,,,62407.08,62407.08,0.0,0.0
4500003015,20,,,11946.9,11946.9,0.0,0.0
4500003015,30,,,0.0,0.0,0.0,0.0
4500003015,40,,,4553.1,4553.1,0.0,0.0
4500003016,10,,,19823.01,19823.01,0.0,0.0
4500003016,20,,,11415.93,11415.93,0.0,0.0
4500003016,30,,,4646.02,4646.02,0.0,0.0
4500003017,10,,,2168.13,2168.14,0.0,0.0
4500003018,10,,,619.47,619.47,0.0,0.0
4500003018,20,,,619.47,619.47,0.0,0.0
4500003018,30,,,1150.44,1150.44,0.0,0.0
4500003018,40,,,575.22,575.22,0.0,0.0
4500003018,50,,,1150.44,1150.44,0.0,0.0
4500003018,60,,,4026.55,4026.55,0.0,0.0
4500003018,70,,,1681.42,1681.42,0.0,0.0
4500003018,80,,,15132.74,15132.74,0.0,0.0
4500003019,10,,,4867.26,4867.25,0.0,0.0
4500003019,20,,,19469.03,19469.03,0.0,0.0
4500003020,30,,,12052.27,12052.27,0.0,0.0
4500003020,40,,,8217.43,8217.43,0.0,0.0
4500003020,50,,,7774.91,7774.91,0.0,0.0
4500003020,60,,,2739.16,2739.16,0.0,0.0
4500003020,70,,,32300.88,32300.88,0.0,0.0
4500003020,80,,,32212.39,32212.39,0.0,0.0
4500003020,90,,,9327.43,9327.43,0.0,0.0
4500003020,110,,,10200.67,10200.67,0.0,0.0
4500003021,10,,,17026.55,17026.55,0.0,0.0
4500003022,10,,,9430.09,9430.09,0.0,0.0
4500003022,20,,,28290.27,28290.27,0.0,0.0
4500003022,30,,,18300.88,18300.88,0.0,0.0
4500003022,60,,,44601.77,44601.77,0.0,0.0
4500003024,10,,,1288.19,1288.19,0.0,0.0
4500003024,20,,,11318.96,11318.96,0.0,0.0
4500003024,30,,,130139.75,130139.75,0.0,0.0
4500003025,10,,,28141.59,28141.59,0.0,0.0
4500003025,20,,,32920.35,32920.35,0.0,0.0
4500003025,30,,,5973.45,5973.45,0.0,0.0
4500003026,10,,,4644.96,4605.96,0.0,0.0
4500003026,20,,,4644.96,4644.96,0.0,0.0
4500003026,30,,,2254.87,2204.87,0.0,0.0
4500003027,10,,,2378.76,2378.76,0.0,0.0
4500003028,10,5000006660,20230404,2750.0,2750.0,0.0,0.0
4500003028,20,5000006660,20230404,158.55,158.55,0.0,0.0
4500003030,10,5000006836,20230406,1200.0,1200.0,0.0,0.0
4500003030,20,5000006836,20230406,69.19,69.19,0.0,0.0
4500003031,10,5000006719,20230405,6850.56,6850.48,0.0,0.0
4500003031,20,5000006719,20230405,6901.2,6900.86,0.0,0.0
4500003031,30,5000006719,20230405,465.48,465.24,0.0,0.0
4500003031,40,5000006719,20230405,312.0,311.85,0.0,0.0
4500003031,50,5000006719,20230405,312.0,311.85,0.0,0.0
4500003032,310,,,6185.84,6185.84,0.0,0.0
4500003032,810,,,2123.89,2123.89,0.0,0.0
4500003033,10,5000006716,20230405,7936.2,7936.2,0.0,0.0
4500003034,10,5000006720,20230405,7668.0,7667.63,0.0,0.0
4500003034,20,5000006720,20230405,517.2,516.93,0.0,0.0
4500003035,10,5000006721,20230405,2530.0,2530.0,0.0,0.0
4500003036,10,5000006722,20230405,3610.0,3610.0,0.0,0.0
4500003037,10,,,3982.3,3982.3,0.0,0.0
4500003038,10,5000006726,20230405,38500.0,38500.0,0.0,0.0
4500003039,10,,,8495.58,8495.58,0.0,0.0
4500003040,10,,,3451.33,3451.33,0.0,0.0
4500003040,20,,,1283.19,1283.19,0.0,0.0
4500003040,30,,,1283.19,1283.19,0.0,0.0
4500003041,10,,,10840.71,10840.7,0.0,0.0
4500003041,20,,,21681.42,21681.42,0.0,0.0
4500003041,30,,,10840.71,10840.71,0.0,0.0
4500003042,10,,,353.98,353.98,0.0,0.0
4500003042,20,,,2392.92,2392.92,0.0,0.0
4500003042,30,,,1656.64,1656.64,0.0,0.0
4500003042,40,,,6194.69,6194.69,0.0,0.0
4500003042,50,,,6442.48,6442.48,0.0,0.0
4500003042,60,,,22123.89,22123.89,0.0,0.0
4500003042,70,,,1681.42,1681.42,0.0,0.0
4500003042,80,,,1681.42,1681.42,0.0,0.0
4500003042,90,,,2831.86,2831.86,0.0,0.0
4500003042,100,,,3893.81,3893.81,0.0,0.0
4500003042,140,,,368.14,368.14,0.0,0.0
4500003042,150,,,2392.92,2392.92,0.0,0.0
4500003042,160,,,2212.39,2212.39,0.0,0.0
4500003042,170,,,2212.39,2212.39,0.0,0.0
4500003042,180,,,4247.79,4247.79,0.0,0.0
4500003042,190,,,4247.79,4247.79,0.0,0.0
4500003042,230,,,420.35,420.35,0.0,0.0
4500003042,240,,,3362.83,3362.83,0.0,0.0
4500003042,250,,,663.72,663.72,0.0,0.0
4500003042,260,,,1991.15,1991.15,0.0,0.0
4500003043,10,,,170243.36,170243.36,0.0,0.0
4500003043,20,,,155044.26,155044.26,0.0,0.0
4500003043,30,,,128230.09,128230.09,0.0,0.0
4500003043,40,,,97115.04,97115.04,0.0,0.0
4500003044,10,,,2654.87,2654.87,0.0,0.0
4500003044,20,,,14522.12,14522.12,0.0,0.0
4500003045,10,5000007608,20230417,18000.0,18000.0,0.0,0.0
4500003046,10,,,3097.35,3097.35,0.0,0.0
4500003046,20,,,3097.35,3097.35,0.0,0.0
4500003046,30,,,1725.66,1725.66,0.0,0.0
4500003046,40,,,1725.66,1725.66,0.0,0.0
4500003046,50,,,21504.42,21504.42,0.0,0.0
4500003046,60,,,21504.42,21504.42,0.0,0.0
4500003047,10,,,5309.74,5309.73,0.0,0.0
4500003047,20,,,7964.6,7964.6,0.0,0.0
4500003047,30,,,2654.87,2654.87,0.0,0.0
4500003047,40,,,1858.42,1858.42,0.0,0.0
4500003047,50,,,2787.61,2787.61,0.0,0.0
4500003048,10,,,182654.87,182654.86,0.0,0.0
4500003048,20,,,17256.64,17256.64,0.0,0.0
4500003048,30,,,16738.94,16738.94,0.0,0.0
4500003048,40,,,17084.07,17084.07,0.0,0.0
4500003048,50,,,19353.98,19353.98,0.0,0.0
4500003048,60,,,11946.9,11946.9,0.0,0.0
4500003048,70,,,11946.9,11946.9,0.0,0.0
4500003048,80,,,8283.19,8283.19,0.0,0.0
4500003049,10,5000006778,20230405,335.0,332.5,0.0,0.0
4500003049,20,5000006778,20230405,830.0,831.2,0.0,0.0
4500003051,10,,,2017.7,2017.7,0.0,0.0
4500003051,20,,,159.29,159.29,0.0,0.0
4500003051,30,,,207.96,207.96,0.0,0.0
4500003051,40,,,2699.12,2699.12,0.0,0.0
4500003051,50,,,53.1,53.1,0.0,0.0
4500003051,60,,,104.42,104.42,0.0,0.0
4500003051,80,,,69.03,69.03,0.0,0.0
4500003051,90,,,389.38,389.38,0.0,0.0
4500003051,100,,,53.98,53.98,0.0,0.0
4500003051,110,,,707.96,707.96,0.0,0.0
4500003051,120,,,575.22,575.22,0.0,0.0
4500003051,130,,,243.36,243.36,0.0,0.0
4500003051,140,,,487.6,487.6,0.0,0.0
4500003051,150,,,769.91,769.91,0.0,0.0
4500003051,160,,,115.04,115.04,0.0,0.0
4500003051,170,,,53.1,53.1,0.0,0.0
4500003051,180,,,35.4,35.4,0.0,0.0
4500003051,190,,,14.16,14.16,0.0,0.0
4500003051,200,,,57.52,57.52,0.0,0.0
4500003051,210,,,575.22,575.22,0.0,0.0
4500003051,220,,,77.43,77.43,0.0,0.0
4500003051,230,,,22.12,22.12,0.0,0.0
4500003051,240,,,8.67,8.67,0.0,0.0
4500003051,250,,,52.21,52.21,0.0,0.0
4500003051,260,,,221.24,221.24,0.0,0.0
4500003051,270,,,25.66,25.66,0.0,0.0
4500003051,280,,,66.37,66.37,0.0,0.0
4500003051,290,,,141.59,141.59,0.0,0.0
4500003051,300,,,282.3,282.3,0.0,0.0
4500003051,310,,,23.89,23.89,0.0,0.0
4500003052,10,,,2433.63,2433.63,0.0,0.0
4500003052,20,,,2433.63,2433.63,0.0,0.0
4500003053,10,5000006835,20230406,1200.0,1200.0,0.0,0.0
4500003053,20,5000006835,20230406,69.19,69.19,0.0,0.0
4500003054,10,,,70796.46,70796.46,0.0,0.0
4500003054,20,,,21238.94,21238.94,0.0,0.0
4500003054,30,,,29203.54,29203.54,0.0,0.0
4500003054,40,,,26548.67,26548.67,0.0,0.0
4500003055,10,5000006629,20230404,50.0,50.0,0.0,0.0
4500003055,20,5000006629,20230404,300.0,300.0,0.0,0.0
4500003056,10,,,265.49,265.49,0.0,0.0
4500003057,10,5000006730,20230405,38940.0,38940.0,0.0,0.0
4500003057,20,,,0.0,0.0,0.0,0.0
4500003058,10,,,0.0,0.0,0.0,0.0
4500003058,20,,,0.0,0.0,0.0,0.0
4500003058,30,,,0.0,0.0,0.0,0.0
4500003058,40,,,0.0,0.0,0.0,0.0
4500003058,50,,,0.0,0.0,0.0,0.0
4500003058,60,,,0.0,0.0,0.0,0.0
4500003058,70,,,0.0,0.0,0.0,0.0
4500003058,80,,,0.0,0.0,0.0,0.0
4500003058,90,,,0.0,0.0,0.0,0.0
4500003059,10,,,0.0,0.0,0.0,0.0
4500003059,20,,,0.0,0.0,0.0,0.0
4500003060,10,5000006739,20230405,620.0,620.0,0.0,0.0
4500003061,10,,,0.0,0.0,0.0,0.0
4500003061,20,,,0.0,0.0,0.0,0.0
4500003062,10,5000006557,20230404,356.13,356.13,0.0,0.0
4500003063,10,,,0.0,0.0,0.0,0.0
4500003063,20,,,0.0,0.0,0.0,0.0
4500003064,10,5000006558,20230404,356.13,356.13,0.0,0.0
4500003066,10,,,0.0,0.0,0.0,0.0
4500003066,20,,,0.0,0.0,0.0,0.0
4500003067,10,,,0.0,0.0,0.0,0.0
4500003067,20,,,0.0,0.0,0.0,0.0
4500003068,10,5000008015,20230420,7192.8,7192.8,0.0,0.0
4500003068,20,5000008015,20230420,1898.4,1898.4,0.0,0.0
4500003069,10,,,0.0,0.0,0.0,0.0
4500003069,20,,,0.0,0.0,0.0,0.0
4500003070,10,,,0.0,0.0,0.0,0.0
4500003070,20,,,0.0,0.0,0.0,0.0
4500003071,10,,,0.0,0.0,0.0,0.0
4500003071,20,,,0.0,0.0,0.0,0.0
4500003072,10,,,0.0,0.0,0.0,0.0
4500003072,20,,,0.0,0.0,0.0,0.0
4500003073,10,5000006706,20230405,820.0,820.0,0.0,0.0
4500003074,10,5000006498,20230403,1167610.62,1068033.62,0.0,0.0
4500003074,20,5000006498,20230403,842371.68,720683.18,0.0,0.0
4500003075,10,,,0.0,0.0,0.0,0.0
4500003075,20,,,0.0,0.0,0.0,0.0
4500003075,30,,,0.0,0.0,0.0,0.0
4500003075,40,,,0.0,0.0,0.0,0.0
4500003076,10,,,566.37,566.37,0.0,0.0
4500003076,20,,,283.19,283.19,0.0,0.0
4500003077,10,5000006630,20230404,2081.0,2081.0,0.0,0.0
4500003078,10,,,1238.94,1400.0,0.0,0.0
4500003079,10,,,1549.73,1549.73,0.0,0.0
4500003079,20,,,1565.31,1565.31,0.0,0.0
4500003079,30,,,1144.78,1144.79,0.0,0.0
4500003079,40,,,652.21,652.21,0.0,0.0
4500003080,10,,,1663.72,1663.72,0.0,0.0
4500003081,10,,,64455.91,64455.91,0.0,0.0
4500003082,10,5000006752,20230405,1440.88,1440.88,0.0,0.0
4500003082,20,5000006752,20230405,125.0,125.0,0.0,0.0
4500003083,10,5000006762,20230405,1611.55,1611.53,0.0,0.0
4500003083,20,5000006762,20230405,43.97,43.97,0.0,0.0
4500003084,10,5000006760,20230405,30231.0,30230.75,0.0,0.0
4500003084,20,5000006760,20230405,421.62,421.62,0.0,0.0
4500003085,10,5000006756,20230405,30231.0,30230.75,0.0,0.0
4500003085,20,5000006756,20230405,421.62,421.62,0.0,0.0
4500003086,10,,,3097.35,3097.35,0.0,0.0
4500003087,10,5000006548,20230403,735619.47,735619.48,0.0,0.0
4500003088,10,,,110.62,110.62,0.0,0.0
4500003089,370,,,1769.91,1769.91,0.0,0.0
4500003089,520,,,7367.26,7367.26,0.0,0.0
4500003089,530,,,2511.5,2511.5,0.0,0.0
4500003089,540,,,1522.12,1522.12,0.0,0.0
4500003089,550,,,1150.44,1150.44,0.0,0.0
4500003089,560,,,2530.97,2530.97,0.0,0.0
4500003090,10,,,14246.68,14246.68,0.0,0.0
4500003091,10,,,15979.65,15979.65,0.0,0.0
4500003091,20,,,6984.96,6984.96,0.0,0.0
4500003092,10,,,7265.49,7265.49,0.0,0.0
4500003093,10,,,22920.35,22920.35,0.0,0.0
4500003094,10,,,4867.26,4867.26,0.0,0.0
4500003095,20,,,17610.62,17610.62,0.0,0.0
4500003096,10,,,87610.62,87610.62,0.0,0.0
4500003096,20,,,24778.76,24778.76,0.0,0.0
4500003096,30,,,63716.81,63716.81,0.0,0.0
4500003097,10,,,1866.36,1866.37,0.0,0.0
4500003097,20,,,4247.8,4247.8,0.0,0.0
4500003098,10,,,6070.8,6070.8,0.0,0.0
4500003099,10,,,7327.43,7327.43,0.0,0.0
4500003099,20,,,16460.18,16460.18,0.0,0.0
4500003099,30,,,54867.26,54867.26,0.0,0.0
4500003100,10,,,15252.21,15252.21,0.0,0.0
4500003101,10,,,1115.04,1115.04,0.0,0.0
4500003101,20,,,1672.57,1672.57,0.0,0.0
4500003101,30,,,4203.54,4203.54,0.0,0.0
4500003102,10,,,3407.08,3407.08,0.0,0.0
4500003103,40,,,28567.65,28567.65,0.0,0.0
4500003104,10,5000006768,20230405,251.7,251.7,0.0,0.0
4500003105,10,5000006765,20230405,335.6,335.6,0.0,0.0
4500003106,10,5000007597,20230417,2205.0,2205.0,0.0,0.0
4500003106,20,5000007597,20230417,1512.0,1512.0,0.0,0.0
4500003106,30,5000007597,20230417,6.0,6.0,0.0,0.0
4500003107,10,,,7083.45,7089.29,0.0,0.0
4500003108,10,,,11168.14,11168.14,0.0,0.0
4500003109,10,,,2743.36,2743.36,0.0,0.0
4500003110,10,5000006776,20230405,596.0,596.0,0.0,0.0
4500003110,20,5000006776,20230405,596.0,596.0,0.0,0.0
4500003110,30,5000006775,20230405,3750.0,3750.0,0.0,0.0
4500003110,40,5000006775,20230405,600.0,600.0,0.0,0.0
4500003111,10,5000006711,20230405,2404.0,2404.1,0.0,0.0
4500003111,20,5000006711,20230405,27380.0,27380.0,0.0,0.0
4500003115,10,,,54297.48,54297.48,0.0,0.0
4500003116,10,5000006685,20230331,57204.37,55734.37,0.0,0.0
4500003117,10,5000006827,20230406,2750.0,2750.01,0.0,0.0
4500003117,20,5000006827,20230406,158.55,158.55,0.0,0.0
4500003117,30,5000006827,20230406,2750.0,2750.0,0.0,0.0
4500003117,40,5000006827,20230406,158.55,158.55,0.0,0.0
4500003118,10,5000008876,20230428,4470.0,4470.0,0.0,0.0
4500003118,20,5000008876,20230428,257.72,257.72,0.0,0.0
4500003122,10,5000006674,20230331,55814.66,55814.66,0.0,0.0
4500003123,10,5000006673,20230331,50938.35,50938.35,0.0,0.0
4500003124,10,5000006672,20230331,56782.46,56782.46,0.0,0.0
4500003125,10,5000006663,20230331,52669.91,52669.91,0.0,0.0
4500003126,10,,,0.0,0.0,0.0,0.0
4500003127,10,,,0.0,0.0,0.0,0.0
4500003128,10,5000006830,20230406,2750.0,2750.0,0.0,0.0
4500003128,20,5000006830,20230406,158.55,158.55,0.0,0.0
4500003128,30,5000006830,20230406,2750.0,2750.0,0.0,0.0
4500003128,40,5000006830,20230406,158.55,158.55,0.0,0.0
4500003130,10,5000007666,20230418,4470.0,4470.0,0.0,0.0
4500003130,20,5000007666,20230418,250.94,250.94,0.0,0.0
4500003131,10,,,1769.91,1769.91,0.0,0.0
4500003131,20,,,884.96,884.96,0.0,0.0
4500003131,30,,,3539.82,3539.82,0.0,0.0
4500003131,40,,,2654.87,2654.87,0.0,0.0
4500003132,10,,,684.96,684.96,0.0,0.0
4500003133,10,5000006625,20230404,26.57,26.57,0.0,0.0
4500003134,10,5000006626,20230404,181.12,181.12,0.0,0.0
4500003135,10,5000009413,20230505,711.7,711.7,0.0,0.0
4500003135,20,5000009413,20230505,10.72,10.72,0.0,0.0
4500003135,30,5000009413,20230505,10.0,10.0,0.0,0.0
4500003135,40,5000009413,20230505,9.5,9.5,0.0,0.0
4500003135,50,5000009413,20230505,107.96,107.96,0.0,0.0
4500003135,60,5000009413,20230505,165.0,165.0,0.0,0.0
4500003136,10,,,120.35,120.35,0.0,0.0
4500003136,20,,,97.35,97.35,0.0,0.0
4500003137,10,,,0.0,0.0,0.0,0.0
4500003138,10,,,0.0,0.0,0.0,0.0
4500003139,10,,,0.0,0.0,0.0,0.0
4500003140,10,,,0.0,0.0,0.0,0.0
4500003141,10,,,0.0,0.0,0.0,0.0
4500003142,10,,,21946.9,21946.9,0.0,0.0
4500003143,10,,,0.0,0.0,0.0,0.0
4500003144,10,,,0.0,0.0,0.0,0.0
4500003145,10,,,0.0,0.0,0.0,0.0
4500003146,10,,,0.0,0.0,0.0,0.0
4500003147,10,,,0.0,0.0,0.0,0.0
4500003148,10,,,0.0,0.0,0.0,0.0
4500003149,10,,,0.0,0.0,0.0,0.0
4500003150,10,,,0.0,0.0,0.0,0.0
4500003151,10,,,0.0,0.0,0.0,0.0
4500003152,10,,,0.0,0.0,0.0,0.0
4500003153,10,,,0.0,0.0,0.0,0.0
4500003154,10,,,0.0,0.0,0.0,0.0
4500003155,10,,,0.0,0.0,0.0,0.0
4500003156,10,,,0.0,0.0,0.0,0.0
4500003157,10,,,0.0,0.0,0.0,0.0
4500003159,10,,,0.0,0.0,0.0,0.0
4500003160,10,,,0.0,0.0,0.0,0.0
4500003161,10,5000006828,20230406,2750.0,2750.0,0.0,0.0
4500003161,20,5000006828,20230406,154.38,154.38,0.0,0.0
4500003162,10,5000011617,20230530,3900.0,3900.0,0.0,0.0
4500003162,20,5000011617,20230530,218.94,218.94,0.0,0.0
4500003163,10,,,88672.57,88672.56,0.0,0.0
4500003164,10,,,2654.87,2654.87,0.0,0.0
4500003165,10,5000006682,20230331,53549.25,53549.25,0.0,0.0
4500003166,10,5000006681,20230331,49010.44,49010.44,0.0,0.0
4500003167,10,5000006675,20230331,49879.25,49879.25,0.0,0.0
4500003168,10,5000006678,20230331,59868.57,59868.57,0.0,0.0
4500003169,10,5000006677,20230331,51721.03,51721.03,0.0,0.0
4500003170,10,,,0.0,0.0,0.0,0.0
4500003170,20,,,0.0,0.0,0.0,0.0
4500003170,30,,,0.0,0.0,0.0,0.0
4500003170,40,,,0.0,0.0,0.0,0.0
4500003171,10,5000006676,20230331,46823.37,46823.37,0.0,0.0
4500003172,10,,,0.0,0.0,0.0,0.0
4500003172,20,,,0.0,0.0,0.0,0.0
4500003172,30,,,0.0,0.0,0.0,0.0
4500003173,10,,,0.0,0.0,0.0,0.0
4500003173,20,,,0.0,0.0,0.0,0.0
4500003173,30,,,0.0,0.0,0.0,0.0
4500003173,40,,,0.0,0.0,0.0,0.0
4500003173,50,,,0.0,0.0,0.0,0.0
4500003173,60,,,0.0,0.0,0.0,0.0
4500003173,70,,,0.0,0.0,0.0,0.0
4500003173,80,,,0.0,0.0,0.0,0.0
4500003173,90,,,0.0,0.0,0.0,0.0
4500003174,10,,,1027.43,1027.43,0.0,0.0
4500003175,10,,,25.22,0.0,0.0,0.0
4500003175,20,,,58.85,0.0,0.0,0.0
4500003175,30,,,44.25,0.0,0.0,0.0
4500003175,40,,,44.25,0.0,0.0,0.0
4500003176,10,5000006669,20230404,548.1,548.1,652.41,-652.41
4500003176,20,5000006669,20230404,45.0,45.0,0.0,0.0
4500003177,10,5000006781,20230406,172.74,172.73,0.0,0.0
4500003178,10,5000006829,20230406,2750.0,2750.0,0.0,0.0
4500003178,20,5000006829,20230406,154.38,154.38,0.0,0.0
4500003179,10,5000006705,20230405,1012.0,1012.0,0.0,0.0
4500003180,10,5000006704,20230405,1012.0,1012.0,0.0,0.0
4500003181,10,5000006703,20230405,1012.0,1012.0,0.0,0.0
4500003182,10,5000006702,20230405,690.0,690.0,0.0,0.0
4500003184,20,5000006782,20230406,359.09,359.09,0.0,0.0
4500003185,10,5000006783,20230406,6393.6,6393.6,0.0,0.0
4500003186,10,,,1592.92,1592.92,0.0,0.0
4500003187,10,5000006784,20230406,2156.82,2156.82,0.0,0.0
4500003188,10,5000006774,20230405,248.32,248.32,0.0,0.0
4500003188,20,5000006774,20230405,49.66,49.66,0.0,0.0
4500003188,30,5000006774,20230405,49.66,49.66,0.0,0.0
4500003188,40,5000006774,20230405,49.66,49.66,0.0,0.0
4500003188,50,5000006774,20230405,24.84,24.84,0.0,0.0
4500003188,60,5000006774,20230405,24.84,24.84,0.0,0.0
4500003188,70,5000006774,20230405,24.84,24.84,0.0,0.0
4500003188,80,5000006774,20230405,99.33,99.33,0.0,0.0
4500003188,90,5000006774,20230405,49.66,49.66,0.0,0.0
4500003188,100,5000006774,20230405,49.66,49.66,0.0,0.0
4500003188,110,5000006774,20230405,611.1,611.1,0.0,0.0
4500003188,120,5000006774,20230405,642.6,642.6,0.0,0.0
4500003188,130,5000006774,20230405,511.35,511.35,0.0,0.0
4500003188,140,5000006774,20230405,742.34,742.34,0.0,0.0
4500003188,150,5000006774,20230405,511.35,511.35,0.0,0.0
4500003188,160,5000006774,20230405,511.35,511.35,0.0,0.0
4500003188,170,5000006774,20230405,511.35,511.35,0.0,0.0
4500003188,180,5000006774,20230405,511.35,511.35,0.0,0.0
4500003188,190,5000006774,20230405,511.35,511.35,0.0,0.0
4500003188,200,5000006774,20230405,36.59,36.59,0.0,0.0
4500003188,210,5000006774,20230405,36.59,36.59,0.0,0.0
4500003188,220,5000006774,20230405,36.59,36.59,0.0,0.0
4500003188,230,5000006774,20230405,36.59,36.59,0.0,0.0
4500003189,10,5000007592,20230417,74.0,74.0,0.0,0.0
4500003190,10,,,182808.85,182808.85,0.0,0.0
4500003190,30,,,285486.27,285486.27,0.0,0.0
4500003191,10,5000006671,20230330,398141.59,398141.59,0.0,0.0
4500003192,10,,,8761.06,8761.06,0.0,0.0
4500003192,20,,,5840.71,5840.71,0.0,0.0
4500003193,10,,,283.19,283.19,0.0,0.0
4500003194,10,,,10534.52,10534.52,0.0,0.0
4500003194,20,,,4938.05,4938.05,0.0,0.0
4500003195,10,,,1469.03,1469.03,0.0,0.0
4500003196,10,5000007595,20230417,1669.82,1669.82,0.0,0.0
4500003197,10,5000007596,20230417,577.5,577.5,0.0,0.0
4500003198,10,,,3682.3,3682.3,0.0,0.0
4500003198,20,,,3185.84,3185.84,0.0,0.0
4500003199,10,,,17.7,17.7,0.0,0.0
4500003199,20,,,17.7,17.7,0.0,0.0
4500003199,30,,,53.1,53.1,0.0,0.0
4500003200,10,,,0.0,2185.0,0.0,0.0
4500003201,10,,,0.0,0.0,0.0,0.0
4500003202,10,,,0.0,2081.0,0.0,0.0
4500003203,10,,,0.0,798.0,0.0,0.0
4500003204,10,,,0.0,798.0,0.0,0.0
4500003205,10,,,0.0,2081.0,0.0,0.0
4500003206,10,5000007988,20230420,135.0,136.02,0.0,0.0
4500003206,20,5000007988,20230420,756.0,756.4,0.0,0.0
4500003206,30,5000007988,20230420,200.4,200.32,0.0,0.0
4500003206,40,5000007988,20230420,1542.0,1541.88,0.0,0.0
4500003206,50,5000007988,20230420,64.41,64.13,0.0,0.0
4500003206,60,5000007988,20230420,944.9,944.95,0.0,0.0
4500003206,70,5000007988,20230420,1557.22,1557.29,0.0,0.0
4500003206,80,5000007988,20230420,311.36,311.36,0.0,0.0
4500003206,90,5000007988,20230420,140.0,140.06,0.0,0.0
4500003206,100,5000007988,20230420,96.1,96.63,0.0,0.0
4500003206,110,5000009175,20230501,2600.0,2597.5,0.0,0.0
4500003206,120,5000007989,20230420,155.0,155.85,0.0,0.0
4500003207,10,5000006764,20230405,15760.0,15760.0,0.0,0.0
4500003208,10,5000006723,20230405,85.0,85.0,0.0,0.0
4500003208,20,5000006723,20230405,85.0,85.0,0.0,0.0
4500003209,10,5000010144,20230516,3900.0,3900.0,0.0,0.0
4500003209,20,5000010144,20230516,218.94,218.94,0.0,0.0
4500003210,10,5000008877,20230428,4470.0,4470.0,0.0,0.0
4500003210,20,5000008877,20230428,250.94,250.94,0.0,0.0
4500003211,10,5000007606,20230417,259.87,259.87,0.0,0.0
4500003212,10,,,0.0,902.0,0.0,0.0
4500003213,10,,,0.0,1152.0,0.0,0.0
4500003214,10,,,0.0,2584.0,0.0,0.0
4500003215,10,,,0.0,902.0,0.0,0.0
4500003216,10,,,0.0,2185.0,0.0,0.0
4500003217,10,,,0.0,2682.0,0.0,0.0
4500003218,10,,,0.0,2258.0,0.0,0.0
4500003219,10,5000006753,20230405,725.0,725.0,0.0,0.0
4500003220,10,,,0.0,2258.0,0.0,0.0
4500003221,10,,,0.0,2185.0,0.0,0.0
4500003222,10,,,0.0,2258.0,0.0,0.0
4500003224,10,,,0.0,829.0,0.0,0.0
4500003225,10,,,0.0,2081.0,0.0,0.0
4500003226,10,5000006745,20230405,725.0,725.0,0.0,0.0
4500003227,10,,,0.0,2185.0,0.0,0.0
4500003228,10,,,0.0,2185.0,0.0,0.0
4500003229,10,,,0.0,2081.0,0.0,0.0
4500003230,10,,,0.0,798.0,0.0,0.0
4500003231,10,,,0.0,1179.0,0.0,0.0
4500003232,10,,,0.0,1086.0,0.0,0.0
4500003233,10,,,0.0,2073.0,0.0,0.0
4500003234,10,,,0.0,2185.0,0.0,0.0
4500003235,10,,,0.0,798.0,0.0,0.0
4500003236,10,,,0.0,2233.0,0.0,0.0
4500003237,10,,,0.0,0.0,0.0,0.0
4500003238,10,,,0.0,0.0,0.0,0.0
4500003239,10,,,0.0,0.0,0.0,0.0
4500003240,10,,,0.0,0.0,0.0,0.0
4500003241,10,,,0.0,0.0,0.0,0.0
4500003242,10,,,0.0,0.0,0.0,0.0
4500003243,10,,,0.0,0.0,0.0,0.0
4500003244,10,,,0.0,0.0,0.0,0.0
4500003245,10,5000012864,20230609,4470.0,4470.0,0.0,0.0
4500003245,20,5000012864,20230609,250.94,250.94,0.0,0.0
4500003246,10,5000012083,20230602,1460.0,1460.8,0.0,0.0
4500003246,20,5000007974,20230420,1250.0,1250.0,0.0,0.0
4500003248,10,5000011620,20230530,3900.0,3900.0,0.0,0.0
4500003248,20,5000011620,20230530,218.94,218.94,0.0,0.0
4500003250,10,5000006921,20230406,2750.0,2750.0,0.0,0.0
4500003250,20,5000006921,20230406,154.38,154.38,0.0,0.0
4500003251,10,5000008885,20230428,2125.0,2125.0,0.0,0.0
4500003251,20,5000008885,20230428,119.29,119.29,0.0,0.0
4500003252,10,5000006724,20230405,955.0,955.0,0.0,0.0
4500003252,20,5000006724,20230405,765.0,765.0,0.0,0.0
4500003252,30,5000006724,20230405,2340.0,2340.0,0.0,0.0
4500003252,40,5000006724,20230405,2340.0,2340.0,0.0,0.0
4500003252,50,5000006724,20230405,3060.0,3060.0,0.0,0.0
4500003252,60,5000006724,20230405,795.0,795.0,0.0,0.0
4500003252,70,5000006724,20230405,23680.0,23680.0,0.0,0.0
4500003252,80,5000006724,20230405,4270.0,4270.0,0.0,0.0
4500003252,90,5000006724,20230405,1380.0,1380.0,0.0,0.0
4500003253,10,5000008878,20230428,4470.0,4470.0,0.0,0.0
4500003253,20,5000008878,20230428,250.94,250.94,0.0,0.0
4500003254,10,5000006780,20230406,31391.43,31391.43,0.0,0.0
4500003254,20,5000006780,20230406,30847.13,30847.13,0.0,0.0
4500003254,30,5000006780,20230406,31052.39,31052.39,0.0,0.0
4500003254,40,5000008677,20230427,26684.18,26684.18,0.0,0.0
4500003254,50,5000006780,20230406,25352.89,25352.89,0.0,0.0
4500003254,60,5000008677,20230427,26592.72,26592.72,0.0,0.0
4500003254,70,5000006780,20230406,28586.98,28586.98,0.0,0.0
4500003254,80,5000006780,20230406,32205.58,32205.58,0.0,0.0
4500003254,90,5000006780,20230406,31145.59,31145.59,0.0,0.0
4500003254,100,5000006780,20230406,31983.14,31983.14,0.0,0.0
4500003254,110,5000006780,20230406,32197.37,32197.37,0.0,0.0
4500003254,120,5000008677,20230427,45692.25,45692.25,0.0,0.0
4500003255,10,5000006847,20230406,30782.42,30782.42,0.0,0.0
4500003255,20,5000008750,20230427,38153.37,38153.37,0.0,0.0
4500003255,30,5000006847,20230406,32741.67,32741.67,0.0,0.0
4500003255,40,5000006847,20230406,31807.66,31807.66,0.0,0.0
4500003255,50,5000006847,20230406,31270.87,31270.87,0.0,0.0
4500003255,60,5000008750,20230427,33640.1,33640.1,0.0,0.0
4500003255,70,5000006847,20230406,32278.4,32278.4,0.0,0.0
4500003255,80,5000006847,20230406,30977.93,30977.93,0.0,0.0
4500003255,90,5000006847,20230406,35722.16,35722.16,0.0,0.0
4500003255,100,5000006847,20230406,31894.26,31894.26,0.0,0.0
4500003255,110,5000006847,20230406,32982.74,32982.74,0.0,0.0
4500003255,120,5000006847,20230406,34912.25,34912.25,0.0,0.0
4500003255,130,5000006847,20230406,32096.18,32096.18,0.0,0.0
4500003255,140,5000006847,20230406,35118.45,35118.45,0.0,0.0
4500003255,150,5000006847,20230406,33133.41,33133.41,0.0,0.0
4500003256,10,5000007605,20230417,150.0,150.0,0.0,0.0
4500003256,20,5000007605,20230417,150.0,150.0,0.0,0.0
4500003256,30,5000007605,20230417,270.0,270.0,0.0,0.0
4500003256,40,5000007605,20230417,270.0,270.0,0.0,0.0
4500003256,50,5000007605,20230417,270.0,270.0,0.0,0.0
4500003256,60,5000007605,20230417,500.0,500.0,0.0,0.0
4500003256,70,5000007605,20230417,150.0,150.0,0.0,0.0
4500003257,10,5000007609,20230417,113.64,113.64,0.0,0.0
4500003258,10,5000007611,20230417,3080.0,3080.0,0.0,0.0
4500003259,10,5000007612,20230417,212.4,212.4,0.0,0.0
4500003259,20,5000007612,20230417,212.4,212.4,0.0,0.0
4500003259,30,5000007612,20230417,116.05,116.05,0.0,0.0
4500003259,40,5000007612,20230417,10.0,10.0,0.0,0.0
4500003260,10,5000007613,20230417,1087.0,1081.7,0.0,0.0
4500003261,10,5000006869,20230406,1952.0,1952.0,0.0,0.0
4500003262,10,5000006872,20230406,1952.0,1952.0,0.0,0.0
4500003263,10,5000006866,20230406,2081.0,2081.0,0.0,0.0
4500003264,10,5000006867,20230406,1952.0,1952.0,0.0,0.0
4500003265,10,5000006868,20230406,1952.0,1952.0,0.0,0.0
4500003266,10,5000007925,20230419,2750.0,2750.0,0.0,0.0
4500003266,20,5000007925,20230419,154.38,154.38,0.0,0.0
4500003267,10,5000006870,20230406,2081.0,2081.0,0.0,0.0
4500003268,10,5000006865,20230406,2081.0,2081.0,0.0,0.0
4500003269,10,5000006864,20230406,2081.0,2081.0,0.0,0.0
4500003270,10,5000006863,20230406,1952.0,1952.0,0.0,0.0
4500003271,10,,,0.0,0.0,0.0,0.0
4500003272,10,5000006861,20230406,1952.0,1952.0,0.0,0.0
4500003273,10,5000006860,20230406,1952.0,1952.0,0.0,0.0
4500003274,10,5000006859,20230406,2081.0,2081.0,0.0,0.0
4500003275,10,5000006858,20230406,1952.0,1952.0,0.0,0.0
4500003276,10,5000006857,20230406,2009.0,2009.0,0.0,0.0
4500003277,10,5000006856,20230406,2081.0,2081.0,0.0,0.0
4500003278,10,5000006895,20230406,2081.0,2081.0,0.0,0.0
4500003279,10,5000006894,20230406,1952.0,1952.0,0.0,0.0
4500003280,10,5000006893,20230406,2081.0,2081.0,0.0,0.0
4500003281,10,5000006892,20230406,2081.0,2081.0,0.0,0.0
4500003282,10,5000007371,20230414,2081.0,2081.0,0.0,0.0
4500003284,10,5000006891,20230406,1952.0,1952.0,0.0,0.0
4500003285,10,5000006890,20230406,2056.0,2056.0,0.0,0.0
4500003286,10,5000006889,20230406,1984.0,1984.0,0.0,0.0
4500003287,10,5000006871,20230406,2362.0,2362.0,0.0,0.0
4500003289,10,5000006888,20230406,2185.0,2185.0,0.0,0.0
4500003290,10,5000006887,20230406,2610.0,2610.0,0.0,0.0
4500003291,10,5000006886,20230406,2185.0,2185.0,0.0,0.0
4500003292,10,5000006885,20230406,2185.0,2185.0,0.0,0.0
4500003293,10,5000006884,20230406,2081.0,2081.0,0.0,0.0
4500003294,10,5000006883,20230406,2185.0,2185.0,0.0,0.0
4500003295,10,5000006882,20230406,2185.0,2185.0,0.0,0.0
4500003296,10,5000006881,20230406,2146.0,2146.0,0.0,0.0
4500003297,10,5000006880,20230406,2185.0,2185.0,0.0,0.0
4500003298,10,5000006879,20230406,2185.0,2185.0,0.0,0.0
4500003299,10,5000006878,20230406,2154.0,2154.0,0.0,0.0
4500003300,10,5000006877,20230406,2113.0,2113.0,0.0,0.0
4500003301,10,5000006876,20230406,2129.0,2129.0,0.0,0.0
4500003302,10,5000006875,20230406,2154.0,2154.0,0.0,0.0
4500003303,10,5000006874,20230406,2185.0,2185.0,0.0,0.0
4500003304,10,5000006873,20230406,2185.0,2185.0,0.0,0.0
4500003305,10,,,6637.17,6637.16,0.0,0.0
4500003306,20,,,3185.84,3185.84,0.0,0.0
4500003306,70,,,11946.9,11946.9,0.0,0.0
4500003306,90,,,12421.24,12421.24,0.0,0.0
4500003306,110,,,6371.68,6371.68,0.0,0.0
4500003306,180,,,1128.32,1128.32,0.0,0.0
4500003306,200,,,4314.16,4314.16,0.0,0.0
4500003306,210,,,19469.03,19469.03,0.0,0.0
4500003306,250,,,6902.65,6902.65,0.0,0.0
4500003306,260,,,14159.29,14159.29,0.0,0.0
4500003306,270,,,1415.93,1415.93,0.0,0.0
4500003306,280,,,45929.2,45929.2,0.0,0.0
4500003306,300,,,10420.35,10420.35,0.0,0.0
4500003306,310,,,3092.92,3092.92,0.0,0.0
4500003306,330,,,2507.96,2507.96,0.0,0.0
4500003306,340,,,3971.68,3971.68,0.0,0.0
4500003306,350,,,1061.95,1061.95,0.0,0.0
4500003306,380,,,4203.54,4203.54,0.0,0.0
4500003306,390,,,4380.53,4380.53,0.0,0.0
4500003306,400,,,2920.35,2920.35,0.0,0.0
4500003307,10,,,99557.53,99557.53,0.0,0.0
4500003307,20,,,99557.52,99557.52,0.0,0.0
4500003307,30,,,3318.58,3318.58,0.0,0.0
4500003308,10,5000006920,20230406,1600.0,1600.0,0.0,0.0
4500003309,10,5000007926,20230419,2750.0,2750.0,0.0,0.0
4500003309,20,5000007926,20230419,154.38,154.38,0.0,0.0
4500003310,10,5000010135,20230516,4470.0,4470.0,0.0,0.0
4500003310,20,5000010135,20230516,250.94,250.94,0.0,0.0
4500003311,10,,,500.4,500.3,0.0,0.0
4500003311,20,,,120.0,120.0,0.0,0.0
4500003311,30,,,1000.8,1000.8,0.0,0.0
4500003311,40,,,54.96,54.86,0.0,0.0
4500003311,50,,,75.0,75.0,0.0,0.0
4500003311,60,,,1120.0,1120.0,0.0,0.0
4500003311,70,,,1120.0,1120.0,0.0,0.0
4500003311,80,,,720.0,720.0,0.0,0.0
4500003311,90,,,109.92,109.92,0.0,0.0
4500003311,100,,,109.92,109.92,0.0,0.0
4500003311,110,,,225.0,225.0,0.0,0.0
4500003311,120,,,480.0,480.0,0.0,0.0
4500003311,130,,,816.0,816.0,0.0,0.0
4500003312,10,,,424.78,424.78,0.0,0.0
4500003313,10,,,37787.61,37787.61,0.0,0.0
4500003314,10,,,62.3,62.3,0.0,0.0
4500003314,20,,,2079.65,2079.65,0.0,0.0
4500003315,10,,,223.01,223.01,0.0,0.0
4500003315,20,,,223.01,223.01,0.0,0.0
4500003317,10,,,2831.86,2831.86,0.0,0.0
4500003317,20,,,2743.36,2743.36,0.0,0.0
4500003318,10,5000007395,20230414,2489.0,2489.0,0.0,0.0
4500003319,10,5000007394,20230414,902.0,902.0,0.0,0.0
4500003320,10,5000007393,20230414,2258.0,2258.0,0.0,0.0
4500003321,10,5000007392,20230414,982.0,982.0,0.0,0.0
4500003322,10,5000007391,20230414,2185.0,2185.0,0.0,0.0
4500003323,10,5000007390,20230414,982.0,982.0,0.0,0.0
4500003324,10,5000007389,20230414,2331.0,2331.0,0.0,0.0
4500003325,10,5000007388,20230414,2309.0,2309.0,0.0,0.0
4500003326,10,5000007387,20230414,2258.0,2258.0,0.0,0.0
4500003327,10,5000007386,20230414,902.0,902.0,0.0,0.0
4500003329,10,5000007355,20230413,574415.04,0.0,0.0,0.0
4500003330,10,,,1664.6,1664.6,0.0,0.0
4500003330,20,,,2900.0,2900.0,0.0,0.0
4500003331,10,,,0.0,2287.0,0.0,0.0
4500003332,10,,,10619.47,10619.47,0.0,0.0
4500003333,10,5000007385,20230414,2258.0,2258.0,0.0,0.0
4500003334,10,5000007384,20230414,1086.0,1086.0,0.0,0.0
4500003335,10,5000007383,20230414,2609.0,2609.0,0.0,0.0
4500003336,10,5000007382,20230414,902.0,902.0,0.0,0.0
4500003337,10,5000007381,20230414,2081.0,2081.0,0.0,0.0
4500003338,10,5000007380,20230414,2081.0,2081.0,0.0,0.0
4500003339,10,5000007379,20230414,2009.0,2009.0,0.0,0.0
4500003340,10,5000007378,20230414,798.0,798.0,0.0,0.0
4500003341,10,5000007377,20230414,2081.0,2081.0,0.0,0.0
4500003342,10,5000007376,20230414,982.0,982.0,0.0,0.0
4500003343,10,5000007375,20230414,1720.0,1720.0,0.0,0.0
4500003344,10,5000007374,20230414,2073.0,2073.0,0.0,0.0
4500003345,10,5000007373,20230414,2081.0,2081.0,0.0,0.0
4500003346,10,5000007372,20230414,882.0,882.0,0.0,0.0
4500003347,10,5000010141,20230516,4470.0,4470.0,0.0,0.0
4500003347,20,5000010141,20230516,250.94,250.94,0.0,0.0
4500003348,10,5000007369,20230414,2290.0,2290.0,0.0,0.0
4500003349,10,5000007368,20230414,2081.0,2081.0,0.0,0.0
4500003350,10,5000007933,20230419,2750.0,2750.0,0.0,0.0
4500003350,20,5000007933,20230419,154.38,154.38,0.0,0.0
4500003351,10,,,13274.34,13274.34,0.0,0.0
4500003351,20,,,6637.17,6637.15,0.0,0.0
4500003352,10,5000007526,20230417,617.5,617.5,0.0,0.0
4500003353,10,,,11946.9,11946.9,0.0,0.0
4500003353,20,,,3141.59,3141.59,0.0,0.0
4500003353,30,,,29203.54,29203.52,0.0,0.0
4500003353,40,,,3141.59,3141.59,0.0,0.0
4500003353,50,,,6283.19,6283.19,0.0,0.0
4500003353,60,,,7876.11,7876.11,0.0,0.0
4500003353,70,,,6283.19,6283.19,0.0,0.0
4500003353,80,,,29203.54,29203.54,0.0,0.0
4500003353,90,,,7876.11,7876.11,0.0,0.0
4500003353,100,,,30973.45,30973.45,0.0,0.0
4500003353,110,,,61946.9,61946.9,0.0,0.0
4500003353,120,,,6283.19,6283.19,0.0,0.0
4500003354,10,,,345132.74,345132.74,0.0,0.0
4500003354,20,,,4159.29,4159.29,0.0,0.0
4500003354,30,,,4159.29,4159.29,0.0,0.0
4500003355,10,,,2256.64,2256.64,0.0,0.0
4500003355,20,,,2256.64,2256.64,0.0,0.0
4500003356,10,,,390.0,390.0,0.0,0.0
4500003357,10,,,23787.61,23787.61,0.0,0.0
4500003358,10,,,361.06,361.06,0.0,0.0
4500003359,10,,,115.05,115.05,0.0,0.0
4500003359,20,,,163.72,163.72,0.0,0.0
4500003359,30,,,123.9,123.9,0.0,0.0
4500003359,40,,,340.71,340.71,0.0,0.0
4500003360,10,,,1761.06,1761.06,0.0,0.0
4500003360,20,,,1929.2,1929.2,0.0,0.0
4500003360,30,,,28318.58,28318.58,0.0,0.0
4500003361,10,,,2548.67,2548.67,0.0,0.0
4500003361,20,,,5380.62,5380.62,0.0,0.0
4500003361,30,,,4134.69,4134.69,0.0,0.0
4500003361,120,,,11779.38,11779.38,0.0,0.0
4500003361,130,,,7582.57,7582.57,0.0,0.0
4500003361,160,,,16134.96,16134.96,0.0,0.0
4500003362,10,,,2477.88,2477.88,0.0,0.0
4500003363,10,,,495.58,495.58,0.0,0.0
4500003364,10,,,3451.33,3451.33,0.0,0.0
4500003365,10,,,1247.79,1247.79,0.0,0.0
4500003365,20,,,1247.79,1247.79,0.0,0.0
4500003365,30,,,1380.53,1380.53,0.0,0.0
4500003366,10,,,1380.53,1380.53,0.0,0.0
4500003366,20,,,1380.53,1380.53,0.0,0.0
4500003366,30,,,1247.79,1247.79,0.0,0.0
4500003366,40,,,1247.79,1247.79,0.0,0.0
4500003367,10,,,1247.79,1247.79,0.0,0.0
4500003367,20,,,1247.79,1247.79,0.0,0.0
4500003368,10,,,1380.53,1380.53,0.0,0.0
4500003368,20,,,1380.53,1380.53,0.0,0.0
4500003369,10,,,1380.53,1380.53,0.0,0.0
4500003369,20,,,1380.53,1380.53,0.0,0.0
4500003369,30,,,1247.79,1247.79,0.0,0.0
4500003369,40,,,1380.53,1380.53,0.0,0.0
4500003370,10,,,1380.53,1380.51,0.0,0.0
4500003370,20,,,1247.79,1247.79,0.0,0.0
4500003370,30,,,1380.53,1380.53,0.0,0.0
4500003371,10,,,1247.79,1247.79,0.0,0.0
4500003371,20,,,1247.79,1247.79,0.0,0.0
4500003371,30,,,1380.53,1380.53,0.0,0.0
4500003372,10,,,1247.79,1247.79,0.0,0.0
4500003372,20,,,1247.79,1247.79,0.0,0.0
4500003372,30,,,1380.53,1380.53,0.0,0.0
4500003372,40,,,1380.53,1380.53,0.0,0.0
4500003373,10,,,1247.79,1247.79,0.0,0.0
4500003373,20,,,1247.79,1247.79,0.0,0.0
4500003373,30,,,1380.53,1380.53,0.0,0.0
4500003373,40,,,1380.53,1380.53,0.0,0.0
4500003374,10,5000007419,20230414,1263557.52,1094033.64,0.0,0.0
4500003374,20,5000007419,20230414,210592.92,0.0,0.0,0.0
4500003374,30,5000007419,20230414,973008.85,0.0,0.0,0.0
4500003375,10,,,1380.53,1380.53,0.0,0.0
4500003375,20,,,1247.79,1247.79,0.0,0.0
4500003375,30,,,1247.79,1247.79,0.0,0.0
4500003376,10,,,285.03,285.03,0.0,0.0
4500003376,20,,,649.29,649.29,0.0,0.0
4500003377,10,,,174747.56,174747.56,0.0,0.0
4500003377,20,,,203882.76,203882.76,0.0,0.0
4500003377,40,,,91419.3,91419.3,0.0,0.0
4500003377,50,,,104291.64,104291.64,0.0,0.0
4500003377,60,,,71178.64,71178.64,0.0,0.0
4500003377,70,,,36726.74,36726.74,0.0,0.0
4500003378,10,,,442.48,442.48,0.0,0.0
4500003379,10,,,292.04,292.04,0.0,0.0
4500003379,20,,,331.86,331.86,0.0,0.0
4500003379,30,,,353.98,353.98,0.0,0.0
4500003379,40,,,353.98,353.98,0.0,0.0
4500003379,50,,,141.59,141.59,0.0,0.0
4500003379,60,,,353.98,353.98,0.0,0.0
4500003380,10,,,34.51,34.51,0.0,0.0
4500003380,20,,,20.35,20.35,0.0,0.0
4500003380,30,,,23.01,23.01,0.0,0.0
4500003381,10,,,4778.76,4778.73,0.0,0.0
4500003381,20,,,5734.51,5734.51,0.0,0.0
4500003382,40,,,227509.73,227509.73,0.0,0.0
4500003383,10,,,39.82,39.82,0.0,0.0
4500003383,20,,,243.36,243.36,0.0,0.0
4500003383,30,,,805.31,805.31,0.0,0.0
4500003384,50,,,902.65,902.65,0.0,0.0
4500003384,130,,,10420.35,10420.35,0.0,0.0
4500003384,190,,,6902.65,6902.65,0.0,0.0
4500003384,200,,,14159.29,14159.29,0.0,0.0
4500003384,210,,,45929.2,45929.2,0.0,0.0
4500003384,240,,,3092.92,3092.92,0.0,0.0
4500003384,260,,,3971.68,3971.68,0.0,0.0
4500003384,270,,,2876.11,2876.11,0.0,0.0
4500003384,300,,,16460.18,16460.18,0.0,0.0
4500003384,320,,,11415.93,11415.93,0.0,0.0
4500003384,410,,,2920.35,2920.35,0.0,0.0
4500003384,420,,,2123.89,2123.89,0.0,0.0
4500003384,430,,,7699.12,7699.12,0.0,0.0
4500003384,440,,,5044.25,5044.25,0.0,0.0
4500003384,450,,,2507.96,2507.96,0.0,0.0
4500003384,460,,,4778.76,4778.76,0.0,0.0
4500003384,470,,,796.46,796.46,0.0,0.0
4500003385,30,,,25884.95,25884.95,0.0,0.0
4500003385,40,,,9557.53,9557.53,0.0,0.0
4500003385,50,,,8070.8,8070.81,0.0,0.0
4500003385,80,,,11946.9,11946.9,0.0,0.0
4500003385,100,,,11946.9,11946.9,0.0,0.0
4500003385,110,,,166482.3,163628.32,0.0,0.0
4500003385,120,,,8628.32,8628.32,0.0,0.0
4500003386,10,,,32123.89,31858.41,0.0,0.0
4500003386,20,,,61592.92,61592.92,0.0,0.0
4500003389,10,,,349469.03,349469.03,0.0,0.0
4500003390,10,,,796.46,796.46,0.0,0.0
4500003390,20,,,353.98,353.98,0.0,0.0
4500003390,30,,,3849.56,3849.56,0.0,0.0
4500003391,10,5000008021,20230420,5290.8,5290.8,0.0,0.0
4500003392,10,5000007997,20230420,204.8,204.8,0.0,0.0
4500003393,10,5000008687,20230427,335.6,335.6,0.0,0.0
4500003394,10,5000008688,20230427,251.7,251.7,0.0,0.0
4500003395,10,5000008689,20230427,419.5,0.0,0.0,0.0
4500003396,10,5000008690,20230427,251.7,0.0,0.0,0.0
4500003397,10,5000008691,20230427,335.6,0.0,0.0,0.0
4500003398,10,5000008020,20230420,20097.0,20097.0,0.0,0.0
4500003398,20,5000008020,20230420,44.29,44.29,0.0,0.0
4500003398,30,5000008020,20230420,35.28,35.28,0.0,0.0
4500003398,40,5000008020,20230420,35.2,35.2,0.0,0.0
4500003398,50,5000008020,20230420,13.01,13.01,0.0,0.0
4500003399,10,5000008019,20230420,19459.0,19459.0,0.0,0.0
4500003399,20,5000008019,20230420,45.36,45.36,0.0,0.0
4500003400,10,,,0.0,0.0,0.0,0.0
4500003400,20,,,0.0,0.0,0.0,0.0
4500003400,30,,,0.0,0.0,0.0,0.0
4500003400,40,,,0.0,0.0,0.0,0.0
4500003401,10,5000008017,20230420,15631.0,15631.0,0.0,0.0
4500003401,20,5000008017,20230420,45.61,45.61,0.0,0.0
4500003402,10,5000008686,20230427,125.0,125.0,0.0,0.0
4500003402,20,5000008686,20230427,125.0,125.0,0.0,0.0
4500003402,30,5000008686,20230427,125.0,125.0,0.0,0.0
4500003402,40,5000008686,20230427,250.0,250.0,0.0,0.0
4500003402,50,5000008686,20230427,578.14,578.14,0.0,0.0
4500003402,60,5000008686,20230427,250.0,250.0,0.0,0.0
4500003402,70,5000008686,20230427,696.3,696.3,0.0,0.0
4500003402,80,5000008686,20230427,250.0,250.0,0.0,0.0
4500003402,90,5000008686,20230427,865.0,730.06,0.0,0.0
4500003402,100,5000008686,20230427,250.0,250.0,0.0,0.0
4500003402,110,5000008686,20230427,616.12,616.12,0.0,0.0
4500003402,120,5000008686,20230427,250.0,250.0,0.0,0.0
4500003402,130,5000008686,20230427,683.64,683.64,0.0,0.0
4500003402,140,5000008686,20230427,250.0,250.0,0.0,0.0
4500003402,150,5000008686,20230427,746.94,746.94,0.0,0.0
4500003402,180,5000008686,20230427,250.0,250.0,0.0,0.0
4500003402,190,5000008686,20230427,510.62,510.62,0.0,0.0
4500003402,200,5000008686,20230427,250.0,250.0,0.0,0.0
4500003402,210,5000008686,20230427,557.04,557.04,0.0,0.0
4500003403,10,,,0.0,0.0,0.0,0.0
4500003403,20,,,0.0,0.0,0.0,0.0
4500003403,30,,,0.0,0.0,0.0,0.0
4500003403,40,,,0.0,0.0,0.0,0.0
4500003403,50,,,0.0,0.0,0.0,0.0
4500003403,60,,,0.0,0.0,0.0,0.0
4500003403,70,,,0.0,0.0,0.0,0.0
4500003403,80,,,0.0,0.0,0.0,0.0
4500003403,90,,,0.0,0.0,0.0,0.0
4500003403,100,,,0.0,0.0,0.0,0.0
4500003403,110,,,0.0,0.0,0.0,0.0
4500003403,120,,,0.0,0.0,0.0,0.0
4500003403,130,,,0.0,0.0,0.0,0.0
4500003403,140,,,0.0,0.0,0.0,0.0
4500003403,150,,,0.0,0.0,0.0,0.0
4500003403,160,,,0.0,0.0,0.0,0.0
4500003403,170,,,0.0,0.0,0.0,0.0
4500003403,180,,,0.0,0.0,0.0,0.0
4500003403,190,,,0.0,0.0,0.0,0.0
4500003403,200,,,0.0,0.0,0.0,0.0
4500003403,210,,,0.0,0.0,0.0,0.0
4500003403,220,,,0.0,0.0,0.0,0.0
4500003403,230,,,0.0,0.0,0.0,0.0
4500003403,240,,,0.0,0.0,0.0,0.0
4500003403,250,,,0.0,0.0,0.0,0.0
4500003403,260,,,0.0,0.0,0.0,0.0
4500003403,270,,,0.0,0.0,0.0,0.0
4500003403,280,,,0.0,0.0,0.0,0.0
4500003403,290,,,0.0,0.0,0.0,0.0
4500003403,300,,,0.0,0.0,0.0,0.0
4500003403,310,,,0.0,0.0,0.0,0.0
4500003403,320,,,0.0,0.0,0.0,0.0
4500003403,330,,,0.0,0.0,0.0,0.0
4500003403,340,,,0.0,0.0,0.0,0.0
4500003403,350,,,0.0,0.0,0.0,0.0
4500003403,360,,,0.0,0.0,0.0,0.0
4500003403,370,,,0.0,0.0,0.0,0.0
4500003403,380,,,0.0,0.0,0.0,0.0
4500003403,390,,,0.0,0.0,0.0,0.0
4500003403,400,,,0.0,0.0,0.0,0.0
4500003403,410,,,0.0,0.0,0.0,0.0
4500003403,420,,,0.0,0.0,0.0,0.0
4500003403,430,,,0.0,0.0,0.0,0.0
4500003403,440,,,0.0,0.0,0.0,0.0
4500003403,450,,,0.0,0.0,0.0,0.0
4500003403,460,,,0.0,0.0,0.0,0.0
4500003403,470,,,0.0,0.0,0.0,0.0
4500003404,10,5000008694,20230427,270.0,269.1,0.0,0.0
4500003404,20,5000008694,20230427,68.0,69.12,0.0,0.0
4500003404,30,5000008694,20230427,56.0,55.68,0.0,0.0
4500003404,40,5000008694,20230427,22.0,22.0,0.0,0.0
4500003405,10,5000008696,20230427,264.0,264.0,0.0,0.0
4500003406,10,,,0.0,0.0,0.0,0.0
4500003407,10,5000008701,20230427,3346.0,3346.0,0.0,0.0
4500003408,10,,,398.23,398.23,0.0,0.0
4500003408,20,,,597.35,597.35,0.0,0.0
4500003408,30,,,63.72,63.72,0.0,0.0
4500003409,10,5000007122,20230410,5973.45,5973.45,0.0,0.0
4500003410,10,,,14088.5,14088.5,0.0,0.0
4500003411,10,,,70.8,70.8,0.0,0.0
4500003411,20,,,70.8,70.8,0.0,0.0
4500003412,90,,,9734.51,9734.51,0.0,0.0
4500003412,110,,,353.98,353.98,0.0,0.0
4500003412,120,,,3539.82,3539.82,0.0,0.0
4500003412,170,,,774.33,774.33,0.0,0.0
4500003412,180,,,619.47,619.47,0.0,0.0
4500003413,20,,,1663.72,1663.72,0.0,0.0
4500003413,30,,,55734.51,55734.52,0.0,0.0
4500003413,40,,,51627.89,51627.89,0.0,0.0
4500003413,50,,,37008.85,37008.85,0.0,0.0
4500003413,60,,,18654.87,18654.87,0.0,0.0
4500003413,70,,,153008.85,153008.85,0.0,0.0
4500003413,80,,,78168.14,78168.14,0.0,0.0
4500003413,90,,,2739.16,2739.16,0.0,0.0
4500003413,100,,,31099.65,31099.65,0.0,0.0
4500003413,110,,,36978.45,36978.45,0.0,0.0
4500003413,120,,,89507.26,89507.26,0.0,0.0
4500003413,130,,,106616.19,106616.19,0.0,0.0
4500003413,140,,,168646.99,168646.99,0.0,0.0
4500003413,150,,,101137.7,101137.7,0.0,0.0
4500003414,10,,,15196.46,15196.46,0.0,0.0
4500003415,10,,,4424.78,4424.78,0.0,0.0
4500003415,20,,,49.47,49.47,0.0,0.0
4500003416,10,,,98017.7,98017.7,0.0,0.0
4500003417,10,,,37522.12,37522.12,0.0,0.0
4500003417,20,,,12389.38,12389.38,0.0,0.0
4500003418,10,,,2389.38,2389.38,0.0,0.0
4500003418,20,,,2389.38,2389.38,0.0,0.0
4500003419,10,,,9497.79,9497.79,0.0,0.0
4500003419,20,,,14246.68,14246.68,0.0,0.0
4500003419,30,,,18995.58,18995.58,0.0,0.0
4500003419,40,,,52237.83,52237.83,0.0,0.0
4500003420,10,,,442.48,442.48,0.0,0.0
4500003421,10,,,5176.99,5176.99,0.0,0.0
4500003421,20,,,8920.35,8920.35,0.0,0.0
4500003421,30,,,4690.27,4690.27,0.0,0.0
4500003421,40,,,8628.32,8628.32,0.0,0.0
4500003421,50,,,11946.9,11946.9,0.0,0.0
4500003422,10,,,11949.29,11949.29,0.0,0.0
4500003422,20,,,915.93,915.93,0.0,0.0
4500003422,30,,,960.8,960.8,0.0,0.0
4500003424,10,,,9292.04,9292.04,0.0,0.0
4500003424,20,,,34513.27,34513.27,0.0,0.0
4500003424,30,,,53097.35,53097.35,0.0,0.0
4500003425,10,,,32973.45,28561.94,0.0,0.0
4500003425,20,,,371.68,371.68,0.0,0.0
4500003425,30,,,371.68,371.68,0.0,0.0
4500003425,40,,,1858.41,1858.41,0.0,0.0
4500003425,50,,,796.46,796.46,0.0,0.0
4500003425,60,,,12743.36,12035.4,0.0,0.0
4500003425,70,,,3185.84,3149.11,0.0,0.0
4500003426,10,,,8184.07,8184.07,0.0,0.0
4500003426,20,,,1504.42,1504.42,0.0,0.0
4500003428,10,,,12600.0,12600.0,0.0,0.0
4500003428,20,,,12600.0,12600.0,0.0,0.0
4500003429,10,,,35044.25,35044.25,0.0,0.0
4500003430,10,,,583.96,583.96,0.0,0.0
4500003430,20,,,225.67,1375.22,0.0,0.0
4500003430,30,,,24373.81,24373.81,0.0,0.0
4500003431,10,,,7693.81,7693.81,0.0,0.0
4500003431,20,,,8960.18,8960.18,0.0,0.0
4500003431,30,,,19115.04,19115.04,0.0,0.0
4500003432,10,,,1529.2,1529.2,0.0,0.0
4500003432,20,,,8920.35,8920.35,0.0,0.0
4500003433,10,,,24336.28,24336.28,0.0,0.0
4500003433,20,,,62831.86,62831.86,0.0,0.0
4500003434,10,,,20318.58,20318.58,0.0,0.0
4500003435,10,,,35384.07,35384.07,0.0,0.0
4500003435,20,,,65707.96,65707.96,0.0,0.0
4500003435,30,,,11198.23,11261.95,0.0,0.0
4500003436,10,,,11681.42,11681.42,0.0,0.0
4500003436,20,,,15929.2,15929.2,0.0,0.0
4500003437,10,,,5840.71,5840.71,0.0,0.0
4500003439,10,,,2137.17,2137.17,0.0,0.0
4500003439,20,,,3053.1,3053.1,0.0,0.0
4500003439,30,,,2035.4,2035.4,0.0,0.0
4500003440,10,,,1238.94,1238.94,0.0,0.0
4500003441,10,,,296514.16,296514.16,0.0,0.0
4500003441,20,,,22000.0,22000.0,0.0,0.0
4500003441,30,,,89851.33,89851.33,0.0,0.0
4500003441,50,,,411823.01,411823.01,0.0,0.0
4500003442,10,5000007130,20230410,5309.73,5309.73,0.0,0.0
4500003443,10,,,42345.13,42345.13,0.0,0.0
4500003444,10,,,6690.27,6690.27,0.0,0.0
4500003444,20,,,33929.2,33929.2,0.0,0.0
4500003444,30,,,14530.97,14530.97,0.0,0.0
4500003444,40,,,6318.58,6318.58,0.0,0.0
4500003445,10,,,9292.04,9292.04,0.0,0.0
4500003445,20,,,34513.27,34513.27,0.0,0.0
4500003445,30,,,53097.35,53097.35,0.0,0.0
4500003446,10,,,30796.46,30796.46,0.0,0.0
4500003446,20,,,45787.61,45787.61,0.0,0.0
4500003447,10,,,488.5,488.52,0.0,0.0
4500003447,20,,,4424.78,4424.76,0.0,0.0
4500003447,30,,,2654.87,2654.87,0.0,0.0
4500003448,10,,,10221.24,10221.24,0.0,0.0
4500003448,20,,,8849.56,8849.56,0.0,0.0
4500003449,10,,,25486.73,25486.4,0.0,0.0
4500003450,30,,,1362.83,1362.83,0.0,0.0
4500003450,40,,,1518.58,1518.58,0.0,0.0
4500003450,60,,,973.45,973.45,0.0,0.0
4500003450,70,,,0.0,0.0,0.0,0.0
4500003450,80,,,1752.21,1752.21,0.0,0.0
4500003450,90,,,6853.1,6853.1,0.0,0.0
4500003450,100,,,3185.84,3185.84,0.0,0.0
4500003451,10,,,115221.24,115221.24,0.0,0.0
4500003451,20,,,21982.3,21982.3,0.0,0.0
4500003452,10,,,25663.72,25663.72,0.0,0.0
4500003453,10,,,20389.39,20389.38,0.0,0.0
4500003453,20,,,1769.92,1769.92,0.0,0.0
4500003453,30,,,6557.52,6557.52,0.0,0.0
4500003453,40,,,3584.07,3584.07,0.0,0.0
4500003454,10,,,22920.35,22920.35,0.0,0.0
4500003454,20,,,20353.98,20353.98,0.0,0.0
4500003455,10,,,12141.59,12141.59,0.0,0.0
4500003455,20,,,29557.52,29557.52,0.0,0.0
4500003456,10,,,39581.41,39581.41,0.0,0.0
4500003456,20,,,54061.06,54061.06,0.0,0.0
4500003456,30,,,47938.94,47938.95,0.0,0.0
4500003457,10,,,10088.5,10088.5,0.0,0.0
4500003457,20,,,1115.04,1115.04,0.0,0.0
4500003457,30,,,10871.68,10871.68,0.0,0.0
4500003458,10,,,229380.53,223008.84,0.0,0.0
4500003458,20,,,227520.8,227520.04,0.0,0.0
4500003458,30,,,7198.23,7198.23,0.0,0.0
4500003459,10,,,78566.37,78566.37,0.0,0.0
4500003460,10,,,14601.77,14601.77,0.0,0.0
4500003461,10,,,3185.84,3185.84,0.0,0.0
4500003462,10,,,29203.54,29203.54,0.0,0.0
4500003463,10,,,0.0,0.0,0.0,0.0
4500003463,20,,,238.94,238.94,0.0,0.0
4500003463,30,,,2823.01,2823.01,0.0,0.0
4500003463,40,,,707.96,707.96,0.0,0.0
4500003463,50,,,663.72,663.72,0.0,0.0
4500003463,60,,,256.64,256.64,0.0,0.0
4500003463,70,,,52.21,52.21,0.0,0.0
4500003463,80,,,867.26,867.26,0.0,0.0
4500003463,100,,,154.87,154.87,0.0,0.0
4500003463,110,,,3451.33,3451.33,0.0,0.0
4500003463,130,,,172.57,172.57,0.0,0.0
4500003463,140,,,56.64,56.64,0.0,0.0
4500003463,150,,,70.8,70.8,0.0,0.0
4500003463,160,,,265.49,265.49,0.0,0.0
4500003463,170,,,0.0,0.0,0.0,0.0
4500003463,180,,,690.27,690.27,0.0,0.0
4500003463,200,,,1796.46,1796.46,0.0,0.0
4500003463,210,,,973.45,973.45,0.0,0.0
4500003463,220,,,575.22,575.22,0.0,0.0
4500003463,230,,,3539.82,3539.82,0.0,0.0
4500003463,240,,,539.82,539.82,0.0,0.0
4500003463,250,,,2725.66,2725.66,0.0,0.0
4500003463,260,,,345.13,345.13,0.0,0.0
4500003463,270,,,530.97,530.97,0.0,0.0
4500003463,280,,,5.75,5.75,0.0,0.0
4500003463,300,,,1681.42,1681.42,0.0,0.0
4500003463,330,,,17.7,17.7,0.0,0.0
4500003463,350,,,530.97,530.97,0.0,0.0
4500003463,360,,,8.67,8.67,0.0,0.0
4500003463,380,,,66.37,66.37,0.0,0.0
4500003463,390,,,499.12,499.12,0.0,0.0
4500003463,400,,,584.07,584.07,0.0,0.0
4500003463,430,,,5398.23,5398.23,0.0,0.0
4500003463,440,,,1039.82,1039.82,0.0,0.0
4500003463,450,,,5707.96,5707.96,0.0,0.0
4500003463,470,,,18.58,18.58,0.0,0.0
4500003463,490,,,1548.67,1548.67,0.0,0.0
4500003463,510,,,1592.92,1592.92,0.0,0.0
4500003464,10,,,2477.88,2477.88,0.0,0.0
4500003464,20,,,2477.88,2477.88,0.0,0.0
4500003465,10,,,734.51,734.51,0.0,0.0
4500003465,20,,,1026.55,1026.55,0.0,0.0
4500003466,10,,,101946.9,101946.9,0.0,0.0
4500003467,20,,,6053.1,6053.1,0.0,0.0
4500003468,80,,,12212.39,12212.4,0.0,0.0
4500003468,110,,,9557.52,9557.52,0.0,0.0
4500003468,130,,,231929.2,231929.2,0.0,0.0
4500003469,10,,,65026.55,65026.55,0.0,0.0
4500003470,10,,,2787.61,2787.61,0.0,0.0
4500003470,20,,,2654.87,2654.87,0.0,0.0
4500003470,30,,,13274.34,13274.34,0.0,0.0
4500003470,40,,,1858.41,1858.41,0.0,0.0
4500003471,10,,,1053.1,1053.1,0.0,0.0
4500003471,20,,,353.98,353.98,0.0,0.0
4500003471,30,,,2580.53,2580.53,0.0,0.0
4500003471,40,,,796.46,796.46,0.0,0.0
4500003471,50,,,2389.38,2389.38,0.0,0.0
4500003471,60,,,584.07,584.07,0.0,0.0
4500003471,70,,,530.97,530.97,0.0,0.0
4500003471,80,,,30.97,30.97,0.0,0.0
4500003471,90,,,3504.42,3504.42,0.0,0.0
4500003471,100,,,3185.84,3185.84,0.0,0.0
4500003471,110,,,2867.26,2867.26,0.0,0.0
4500003471,120,,,3584.07,3584.07,0.0,0.0
4500003471,130,,,104.42,104.42,0.0,0.0
4500003471,140,,,318.58,318.58,0.0,0.0
4500003471,150,,,2070.8,2070.8,0.0,0.0
4500003471,160,,,451.33,451.33,0.0,0.0
4500003471,170,,,194.69,194.69,0.0,0.0
4500003471,180,,,97.35,97.35,0.0,0.0
4500003471,190,,,61.95,61.95,0.0,0.0
4500003471,200,,,216.81,216.81,0.0,0.0
4500003471,210,,,4690.27,4690.27,0.0,0.0
4500003471,220,,,2345.13,2345.13,0.0,0.0
4500003471,230,,,376.11,376.11,0.0,0.0
4500003471,240,,,690.27,690.27,0.0,0.0
4500003471,250,,,929.2,929.2,0.0,0.0
4500003471,260,,,3663.72,3663.72,0.0,0.0
4500003471,270,,,3716.81,3716.81,0.0,0.0
4500003471,280,,,2876.11,2876.11,0.0,0.0
4500003471,290,,,233.63,233.63,0.0,0.0
4500003472,10,,,353.98,353.98,0.0,0.0
4500003472,20,,,1529.2,1529.2,0.0,0.0
4500003472,30,,,265.49,265.49,0.0,0.0
4500003473,10,,,2654.87,2654.87,0.0,0.0
4500003474,10,,,48849.56,48849.56,0.0,0.0
4500003475,10,,,3539.82,3539.83,0.0,0.0
4500003475,20,,,345.13,345.13,0.0,0.0
4500003475,30,,,1115.04,1115.04,0.0,0.0
4500003475,40,,,20353.98,20353.98,0.0,0.0
4500003475,50,,,14159.29,14159.29,0.0,0.0
4500003475,60,,,283.19,283.19,0.0,0.0
4500003476,10,,,1265.49,1265.49,0.0,0.0
4500003476,20,,,7603.54,7603.54,0.0,0.0
4500003476,30,,,0.0,0.0,0.0,0.0
4500003477,10,,,5097.35,5097.35,0.0,0.0
4500003478,10,,,2619.47,2619.47,0.0,0.0
4500003478,20,,,208.41,208.41,0.0,0.0
4500003479,10,,,0.0,0.0,0.0,0.0
4500003480,10,,,6417.7,6417.7,0.0,0.0
4500003480,20,,,5203.54,5203.54,0.0,0.0
4500003482,10,5000007213,20230411,1120582.3,1102883.2,0.0,0.0
4500003483,10,,,3439.83,3439.83,0.0,0.0
4500003484,10,5000007215,20230411,191150.44,151665.49,0.0,0.0
4500003485,50,,,955.75,955.75,0.0,0.0
4500003486,10,,,19249.63,19249.63,0.0,0.0
4500003486,20,,,21263.72,21263.72,0.0,0.0
4500003486,30,,,26077.81,26077.81,0.0,0.0
4500003487,10,,,30265.49,30265.49,0.0,0.0
4500003487,20,,,52530.97,52530.97,0.0,0.0
4500003487,30,,,19823.01,19823.01,0.0,0.0
4500003487,40,,,22831.86,22831.86,0.0,0.0
4500003487,50,,,9292.04,9292.04,0.0,0.0
4500003488,10,5000007222,20230411,666194.69,666194.72,0.0,0.0
4500003488,20,5000007222,20230411,1352212.39,1352212.32,0.0,0.0
4500003488,30,5000007222,20230411,3.54,8999.92,0.0,0.0
4500003488,40,5000007222,20230411,9.73,192942.31,0.0,0.0
4500003488,50,5000007222,20230411,7.08,140321.68,0.0,0.0
4500003489,10,5000007233,20230412,171681.42,170353.98,0.0,0.0
4500003489,20,5000007233,20230412,84513.27,84513.27,0.0,0.0
4500003490,10,,,9734.51,9734.51,0.0,0.0
4500003492,10,,,146.9,0.0,0.0,0.0
4500003493,10,,,75100.88,75100.88,0.0,0.0
4500003493,20,,,31929.2,31929.2,0.0,0.0
4500003494,10,,,1103431.86,1085228.32,0.0,0.0
4500003495,10,5000007255,20230412,148.67,148.67,0.0,0.0
4500003495,20,5000007433,20230414,353.98,353.98,0.0,0.0
4500003495,30,5000007434,20230414,74.34,74.34,0.0,0.0
4500003495,40,5000007434,20230414,8.85,8.85,0.0,0.0
4500003495,50,5000007434,20230414,1251.33,1251.33,0.0,0.0
4500003495,60,5000007434,20230414,103.54,103.54,0.0,0.0
4500003495,70,5000007434,20230414,15.93,15.93,0.0,0.0
4500003496,10,5000010337,20230518,7079.65,7079.65,0.0,0.0
4500003496,20,5000010337,20230518,1460.18,1460.18,0.0,0.0
4500003497,10,,,4455.85,4455.85,0.0,0.0
4500003497,20,,,7392.0,7392.0,0.0,0.0
4500003497,30,,,2000.0,2000.0,0.0,0.0
4500003497,40,,,2000.0,2000.0,0.0,0.0
4500003497,50,,,29640.0,29640.0,0.0,0.0
4500003497,60,,,3000.0,3000.0,0.0,0.0
4500003498,20,,,1036.65,1036.65,0.0,0.0
4500003498,30,,,1663.72,1663.72,0.0,0.0
4500003498,40,,,1238.94,1238.94,0.0,0.0
4500003498,50,,,2477.88,2477.88,0.0,0.0
4500003499,10,,,164.6,164.6,0.0,0.0
4500003499,20,,,199.12,199.12,0.0,0.0
4500003499,30,,,26.55,26.55,0.0,0.0
4500003499,40,,,86.73,86.73,0.0,0.0
4500003499,50,,,79.65,79.65,0.0,0.0
4500003499,60,,,88.5,88.5,0.0,0.0
4500003500,10,,,28413.96,130365.62,0.0,0.0
4500003500,20,,,2515.48,11562.77,0.0,0.0
4500003501,10,,,24.78,24.78,0.0,0.0
4500003501,20,,,256.64,256.64,0.0,0.0
4500003501,30,,,0.0,0.0,0.0,0.0
4500003502,10,,,1805.31,1805.31,0.0,0.0
4500003503,10,,,9175.22,9175.22,0.0,0.0
4500003504,10,,,110.62,110.62,0.0,0.0
4500003505,10,,,67.26,67.26,0.0,0.0
4500003505,20,,,67.26,67.26,0.0,0.0
4500003506,10,,,1871.68,1871.68,0.0,0.0
4500003507,10,,,1592.92,1592.92,0.0,0.0
4500003507,20,,,35.4,35.4,0.0,0.0
4500003508,10,,,17.7,17.7,0.0,0.0
4500003508,20,,,17.7,17.7,0.0,0.0
4500003508,30,,,53.1,53.1,0.0,0.0
4500003509,10,,,1380.53,1380.53,0.0,0.0
4500003509,20,,,1247.79,1247.79,0.0,0.0
4500003509,30,,,1380.53,1380.53,0.0,0.0
4500003510,10,5000010338,20230518,7300.88,7300.88,0.0,0.0
4500003510,20,5000010338,20230518,1221.24,1221.24,0.0,0.0
4500003511,10,,,1247.79,1247.78,0.0,0.0
4500003511,20,,,1380.53,1380.53,0.0,0.0
4500003511,30,,,1380.53,1380.53,0.0,0.0
4500003512,10,,,1327.43,1327.43,0.0,0.0
4500003513,10,,,1876.11,1876.11,0.0,0.0
4500003514,10,,,1380.53,1380.53,0.0,0.0
4500003514,20,,,1380.53,1380.53,0.0,0.0
4500003514,30,,,1247.79,1247.79,0.0,0.0
4500003514,40,,,1247.79,1247.79,0.0,0.0
4500003515,10,,,1247.79,1247.79,0.0,0.0
4500003515,20,,,1247.79,1247.79,0.0,0.0
4500003515,30,,,1380.53,1380.53,0.0,0.0
4500003515,40,,,1380.53,1380.53,0.0,0.0
4500003515,50,,,1247.79,1247.79,0.0,0.0
4500003516,10,,,42560.18,42560.18,0.0,0.0
4500003516,30,,,6045.13,6045.13,0.0,0.0
4500003516,40,,,40789.38,40789.38,0.0,0.0
4500003517,10,,,0.0,0.0,0.0,0.0
4500003518,10,,,223699.12,223699.1,0.0,0.0
4500003518,20,,,81345.13,81345.12,0.0,0.0
4500003518,30,,,162690.27,162690.27,0.0,0.0
4500003518,40,,,20336.28,20336.28,0.0,0.0
4500003518,50,,,40672.57,40672.57,0.0,0.0
4500003519,10,,,65076.11,65076.11,0.0,0.0
4500003519,20,,,15252.21,15252.21,0.0,0.0
4500003519,30,,,162690.28,162690.26,0.0,0.0
4500003519,40,,,48807.08,48807.08,0.0,0.0
4500003520,30,,,4665.49,4665.49,0.0,0.0
4500003520,370,,,2548.67,2548.67,0.0,0.0
4500003520,380,,,9401.77,9401.77,0.0,0.0
4500003520,620,,,19469.03,19469.03,0.0,0.0
4500003520,640,,,517.7,517.7,0.0,0.0
4500003520,650,,,1150.44,1150.44,0.0,0.0
4500003521,10,,,375.22,375.22,0.0,0.0
4500003522,10,,,203.54,203.54,0.0,0.0
4500003522,20,,,407.08,407.08,0.0,0.0
4500003523,10,,,10353.98,10353.98,0.0,0.0
4500003524,10,5000007315,20230413,375207.96,375207.96,0.0,0.0
4500003525,10,,,18123.92,18123.92,0.0,0.0
4500003526,10,,,0.0,0.0,0.0,0.0
4500003527,10,,,221.24,221.24,0.0,0.0
4500003528,10,,,5530.97,5530.97,0.0,0.0
4500003529,10,,,0.88,327.43,0.0,0.0
4500003530,10,,,150.0,150.0,0.0,0.0
4500003531,10,5000007354,20230413,778407.08,700223.0,0.0,0.0
4500003531,20,5000007354,20230413,421185.84,355916.81,0.0,0.0
4500003532,10,,,31150.44,31150.44,0.0,0.0
4500003533,10,,,345.13,345.13,0.0,0.0
4500003534,20,,,261.06,261.06,0.0,0.0
4500003535,10,,,10619.47,10619.47,0.0,0.0
4500003536,10,,,750.0,663.72,0.0,0.0
4500003537,10,,,1106.19,1106.19,0.0,0.0
4500003538,10,,,0.0,0.0,0.0,0.0
4500003538,20,,,0.0,0.0,0.0,0.0
4500003539,10,,,12079.65,12079.65,0.0,0.0
4500003540,10,,,79.65,79.65,0.0,0.0
4500003541,10,,,35.4,0.0,0.0,0.0
4500003541,20,,,44.25,0.0,0.0,0.0
4500003541,30,,,40.71,0.0,0.0,0.0
4500003541,40,,,30.97,0.0,0.0,0.0
4500003541,50,,,30.97,0.0,0.0,0.0
4500003541,60,,,17.7,0.0,0.0,0.0
4500003541,70,,,0.0,0.0,0.0,0.0
4500003541,80,,,0.0,0.0,0.0,0.0
4500003542,10,,,39.82,39.82,0.0,0.0
4500003543,10,,,6.68,6.66,0.0,0.0
4500003543,20,,,13.11,13.11,0.0,0.0
4500003543,40,,,8453.24,8453.24,0.0,0.0
4500003543,50,,,553.52,553.52,0.0,0.0
4500003543,80,,,73516.48,73516.48,0.0,0.0
4500003543,90,,,13807.46,13807.46,0.0,0.0
4500003543,110,,,53785.52,53785.52,0.0,0.0
4500003543,120,,,34551.71,34551.71,0.0,0.0
4500003545,210,,,3092.92,3092.92,0.0,0.0
4500003545,370,,,35044.25,35044.25,0.0,0.0
4500003545,560,,,195.04,195.04,0.0,0.0
4500003545,590,,,2300.88,2300.88,0.0,0.0
4500003546,10,,,1102.65,1102.65,0.0,0.0
4500003547,10,,,1637.17,1659.29,0.0,0.0
4500003548,10,,,424.78,424.78,0.0,0.0
4500003548,20,,,3849.56,3849.56,0.0,0.0
4500003548,30,,,353.98,353.98,0.0,0.0
4500003549,10,,,3543.36,3543.36,0.0,0.0
4500003549,20,,,5132.74,5132.74,0.0,0.0
4500003550,10,,,26482.37,26482.32,0.0,0.0
4500003550,20,,,24438.08,24438.06,0.0,0.0
4500003550,30,,,21238.9,22389.39,0.0,0.0
4500003550,40,,,30531.0,29380.52,0.0,0.0
4500003551,10,,,2477.88,2477.88,0.0,0.0
4500003551,20,,,1982.3,1982.3,0.0,0.0
4500003552,10,,,1026.55,1026.55,0.0,0.0
4500003553,10,,,6044.25,6044.25,0.0,0.0
4500003554,10,,,6035.4,6035.4,0.0,0.0
4500003554,20,,,3440.72,3440.71,0.0,0.0
4500003554,30,,,5132.74,5132.74,0.0,0.0
4500003554,40,,,4247.8,4247.79,0.0,0.0
4500003555,10,,,2964.6,2964.6,0.0,0.0
4500003556,10,5000007466,20230415,832743.36,832743.4,0.0,0.0
4500003556,20,5000007466,20230415,929646.02,929645.97,0.0,0.0
4500003556,30,5000007466,20230415,85840.71,85840.71,0.0,0.0
4500003556,40,5000007466,20230415,111217.7,315723.78,0.0,0.0
4500003557,10,,,1327.43,1327.43,0.0,0.0
4500003558,10,,,5044.25,5044.25,0.0,0.0
4500003559,10,,,8407.08,8407.08,0.0,0.0
4500003560,10,,,11168.14,11168.14,0.0,0.0
4500003560,20,,,11168.14,11168.14,0.0,0.0
4500003560,30,,,9880.53,9880.53,0.0,0.0
4500003560,40,,,11856.64,11856.64,0.0,0.0
4500003560,50,,,10309.73,10309.73,0.0,0.0
4500003561,10,,,28318.58,28318.58,0.0,0.0
4500003562,10,,,100.88,100.88,0.0,0.0
4500003562,20,,,1699.12,1699.12,0.0,0.0
4500003562,30,,,716.81,716.81,0.0,0.0
4500003562,40,,,3026.55,3026.55,0.0,0.0
4500003562,50,,,318.58,318.58,0.0,0.0
4500003562,60,,,424.78,424.78,0.0,0.0
4500003562,70,,,150.44,150.44,0.0,0.0
4500003562,80,,,557.52,557.52,0.0,0.0
4500003562,90,,,353.98,353.98,0.0,0.0
4500003562,100,,,215.04,215.04,0.0,0.0
4500003562,110,,,199.12,199.12,0.0,0.0
4500003562,120,,,411.5,411.5,0.0,0.0
4500003562,130,,,566.37,566.37,0.0,0.0
4500003562,140,,,107.52,107.52,0.0,0.0
4500003562,150,,,135.4,135.4,0.0,0.0
4500003562,160,,,71.68,71.68,0.0,0.0
4500003562,170,,,1345.13,1345.13,0.0,0.0
4500003562,180,,,2123.89,2123.89,0.0,0.0
4500003562,190,,,215.04,215.04,0.0,0.0
4500003562,200,,,74.34,74.34,0.0,0.0
4500003562,210,,,175.22,175.22,0.0,0.0
4500003562,220,,,2389.38,2389.38,0.0,0.0
4500003562,230,,,254.87,254.87,0.0,0.0
4500003562,240,,,84.96,84.96,0.0,0.0
4500003562,250,,,122.12,122.12,0.0,0.0
4500003562,260,,,146.02,146.02,0.0,0.0
4500003563,10,,,3362.83,3362.83,0.0,0.0
4500003564,10,,,5634.88,5634.88,0.0,0.0
4500003565,10,,,748.8,748.8,0.0,0.0
4500003566,20,,,16300.88,16300.88,0.0,0.0
4500003566,40,,,3504.42,3504.42,0.0,0.0
4500003566,60,,,3274.34,3274.34,0.0,0.0
4500003566,70,,,176.99,176.99,0.0,0.0
4500003566,80,,,3504.42,3504.42,0.0,0.0
4500003566,90,,,621.24,621.24,0.0,0.0
4500003567,10,,,13451.33,13451.33,0.0,0.0
4500003567,20,,,637.17,141.6,0.0,0.0
4500003568,10,,,15132.74,15575.22,0.0,0.0
4500003568,20,,,26265.49,26265.49,0.0,0.0
4500003569,10,,,1000.8,1000.0,0.0,0.0
4500003569,20,,,75.0,75.0,0.0,0.0
4500003569,30,,,109.92,109.92,0.0,0.0
4500003569,40,,,54.96,54.6,0.0,0.0
4500003569,50,,,390.0,390.0,0.0,0.0
4500003570,10,,,575.22,0.0,0.0,0.0
4500003571,10,,,716.81,716.81,0.0,0.0
4500003571,20,,,1044.25,1044.25,0.0,0.0
4500003571,30,,,1017.7,1017.7,0.0,0.0
4500003571,40,,,1681.42,1681.42,0.0,0.0
4500003572,10,,,504.42,504.42,0.0,0.0
4500003573,10,5000007757,20230418,4470.0,4470.0,0.0,0.0
4500003573,20,5000007757,20230418,291.63,291.63,0.0,0.0
4500003574,10,,,0.0,0.0,0.0,0.0
4500003574,20,,,0.0,0.0,0.0,0.0
4500003574,30,,,0.0,0.0,0.0,0.0
4500003574,40,,,0.0,0.0,0.0,0.0
4500003574,50,,,0.0,0.0,0.0,0.0
4500003574,60,,,0.0,0.0,0.0,0.0
4500003574,70,,,0.0,0.0,0.0,0.0
4500003574,80,,,0.0,0.0,0.0,0.0
4500003574,90,,,0.0,0.0,0.0,0.0
4500003575,10,5000007590,20230417,25.6,25.6,0.0,0.0
4500003576,10,5000007776,20230418,2750.0,2750.0,0.0,0.0
4500003576,20,5000007776,20230418,179.41,179.41,0.0,0.0
4500003577,10,,,353.98,353.98,0.0,0.0
4500003578,10,,,115.04,115.04,0.0,0.0
4500003578,20,,,424.78,424.78,0.0,0.0
4500003578,30,,,115.04,115.04,0.0,0.0
4500003579,10,,,116.81,116.81,0.0,0.0
4500003580,10,5000008672,20230427,34616.2,34616.2,0.0,0.0
4500003580,20,5000007603,20230417,30922.64,30922.64,0.0,0.0
4500003580,30,5000007603,20230417,26342.9,26342.9,0.0,0.0
4500003580,40,5000007603,20230417,24857.17,24857.17,0.0,0.0
4500003580,50,5000007603,20230417,29340.74,29340.74,0.0,0.0
4500003580,60,5000007603,20230417,31380.26,31380.26,0.0,0.0
4500003580,70,5000007603,20230417,29017.36,29017.36,0.0,0.0
4500003580,80,5000007603,20230417,29340.74,29340.74,0.0,0.0
4500003580,90,5000007603,20230417,30124.75,30124.75,0.0,0.0
4500003580,100,5000008672,20230427,26342.9,26342.9,0.0,0.0
4500003580,110,5000007603,20230417,26149.13,26149.13,0.0,0.0
4500003580,120,5000007603,20230417,28825.31,28825.31,0.0,0.0
4500003580,130,5000007603,20230417,31824.57,31824.57,0.0,0.0
4500003580,140,5000007603,20230417,30650.21,30650.21,0.0,0.0
4500003580,150,5000007603,20230417,29340.74,29340.74,0.0,0.0
4500003580,160,5000008672,20230427,44347.13,44347.13,0.0,0.0
4500003580,170,5000007603,20230417,26342.9,26342.9,0.0,0.0
4500003580,180,5000007603,20230417,25593.19,25593.19,0.0,0.0
4500003580,190,5000007603,20230417,45520.77,45520.77,0.0,0.0
4500003581,10,,,124.6,124.6,0.0,0.0
4500003581,20,,,256.64,256.64,0.0,0.0
4500003581,30,,,42.04,42.04,0.0,0.0
4500003581,40,,,74.34,74.34,0.0,0.0
4500003582,10,,,1274.34,1274.34,0.0,0.0
4500003583,10,5000009295,20230504,785.4,785.4,0.0,0.0
4500003583,20,5000009295,20230504,785.4,785.4,0.0,0.0
4500003583,30,5000009295,20230504,2100.0,2100.0,0.0,0.0
4500003583,40,5000009295,20230504,35.0,35.0,0.0,0.0
4500003584,10,,,16893.81,16893.81,0.0,0.0
4500003585,10,,,0.0,0.0,0.0,0.0
4500003585,20,,,0.0,0.0,0.0,0.0
4500003586,10,,,973.45,973.45,0.0,0.0
4500003586,20,,,185.84,185.84,0.0,0.0
4500003586,30,,,336.28,336.28,0.0,0.0
4500003586,40,,,159.29,159.29,0.0,0.0
4500003586,50,,,4.42,4.42,0.0,0.0
4500003586,60,,,1274.34,1274.34,0.0,0.0
4500003586,70,,,340.71,340.71,0.0,0.0
4500003586,80,,,70.8,70.8,0.0,0.0
4500003586,100,,,19.91,19.91,0.0,0.0
4500003586,110,,,955.75,955.75,0.0,0.0
4500003586,120,,,123.89,123.89,0.0,0.0
4500003586,130,,,261.06,261.06,0.0,0.0
4500003586,140,,,584.07,584.07,0.0,0.0
4500003587,10,,,849.56,849.56,0.0,0.0
4500003588,10,,,1327.43,1327.43,0.0,0.0
4500003588,20,,,2654.87,2654.87,0.0,0.0
4500003588,30,,,317.84,317.84,0.0,0.0
4500003588,40,,,530.97,530.97,0.0,0.0
4500003590,10,5000010137,20230516,3900.0,3900.0,0.0,0.0
4500003590,20,5000010137,20230516,254.44,254.44,0.0,0.0
4500003591,10,,,20621.5,20621.5,0.0,0.0
4500003591,20,,,8320.25,8320.25,0.0,0.0
4500003592,10,,,1385.84,1385.84,0.0,0.0
4500003593,10,,,11893.81,11893.81,0.0,0.0
4500003593,20,,,24530.97,24530.97,0.0,0.0
4500003593,30,,,1548.67,1548.67,0.0,0.0
4500003593,40,,,212.39,212.39,0.0,0.0
4500003594,10,,,85331.86,83869.03,0.0,0.0
4500003595,10,,,353.98,353.98,0.0,0.0
4500003595,20,,,1150.44,1150.44,0.0,0.0
4500003596,10,,,14159.29,14159.29,0.0,0.0
4500003596,20,,,1646.02,1646.02,0.0,0.0
4500003596,30,,,407.08,407.08,0.0,0.0
4500003596,40,,,252.21,252.21,0.0,0.0
4500003596,50,,,1051.33,1051.33,0.0,0.0
4500003596,60,,,95.58,95.58,0.0,0.0
4500003596,70,,,110.62,110.62,0.0,0.0
4500003596,80,,,203.54,203.54,0.0,0.0
4500003596,90,,,2522.12,2522.12,0.0,0.0
4500003596,100,,,1752.21,1752.21,0.0,0.0
4500003597,190,,,2454.87,2454.87,0.0,0.0
4500003597,1460,,,1950.44,1950.44,0.0,0.0
4500003597,1660,,,11769.91,11769.91,0.0,0.0
4500003598,10,,,27985.38,27989.12,0.0,0.0
4500003598,20,,,77706.64,77733.2,0.0,0.0
4500003598,30,,,40164.06,40164.06,0.0,0.0
4500003599,10,,,19469.03,19469.03,0.0,0.0
4500003600,10,,,25845.13,25845.13,0.0,0.0
4500003601,10,,,663.72,637.17,0.0,0.0
4500003601,20,,,663.72,637.17,0.0,0.0
4500003601,30,,,1498.23,1498.23,0.0,0.0
4500003601,40,,,1498.23,1498.23,0.0,0.0
4500003602,10,5000007823,20230419,85.0,85.0,0.0,0.0
4500003602,20,5000007823,20230419,85.0,85.0,0.0,0.0
4500003602,30,5000007823,20230419,85.0,85.0,0.0,0.0
4500003603,10,5000007850,20230419,840.0,840.0,0.0,0.0
4500003604,10,5000007852,20230419,89.72,89.72,0.0,0.0
4500003605,10,,,0.0,0.0,0.0,0.0
4500003606,10,,,0.0,0.0,0.0,0.0
4500003607,10,,,0.0,0.0,0.0,0.0
4500003608,10,,,0.0,0.0,0.0,0.0
4500003609,10,,,0.0,0.0,0.0,0.0
4500003610,10,,,0.0,0.0,0.0,0.0
4500003611,10,,,0.0,0.0,0.0,0.0
4500003612,10,,,0.0,0.0,0.0,0.0
4500003613,10,,,0.0,0.0,0.0,0.0
4500003614,10,5000008707,20230427,445.67,445.67,0.0,0.0
4500003616,10,5000008016,20230420,30231.0,30230.75,0.0,0.0
4500003616,20,5000008016,20230420,451.15,451.15,0.0,0.0
4500003617,10,,,24811.33,24811.33,0.0,0.0
4500003617,20,,,32893.81,32893.81,0.0,0.0
4500003618,10,,,9748.67,9748.67,0.0,0.0
4500003619,10,,,663.72,663.72,0.0,0.0
4500003619,20,,,49.47,49.47,0.0,0.0
4500003620,10,,,884.96,884.95,0.0,0.0
4500003621,10,,,3539.8,3539.81,0.0,0.0
4500003623,10,,,1796.46,1796.46,0.0,0.0
4500003624,10,5000008712,20230427,153.64,153.64,0.0,0.0
4500003624,20,5000008712,20230427,231.82,231.82,0.0,0.0
4500003625,10,,,0.0,0.0,0.0,0.0
4500003626,10,,,0.0,0.0,0.0,0.0
4500003627,10,,,0.0,0.0,0.0,0.0
4500003628,10,,,0.0,0.0,0.0,0.0
4500003629,10,,,0.0,0.0,0.0,0.0
4500003630,10,,,0.0,0.0,0.0,0.0
4500003631,10,,,0.0,0.0,0.0,0.0
4500003632,10,,,0.0,0.0,0.0,0.0
4500003633,10,,,0.0,0.0,0.0,0.0
4500003634,10,,,0.0,0.0,0.0,0.0
4500003635,10,,,0.0,0.0,0.0,0.0
4500003636,10,,,0.0,0.0,0.0,0.0
4500003637,10,,,0.0,0.0,0.0,0.0
4500003638,10,,,0.0,0.0,0.0,0.0
4500003639,10,,,0.0,0.0,0.0,0.0
4500003640,10,,,0.0,0.0,0.0,0.0
4500003641,10,,,0.0,0.0,0.0,0.0
4500003642,10,,,0.0,0.0,0.0,0.0
4500003643,10,,,26235.4,26235.4,0.0,0.0
4500003643,20,,,11827.43,11827.43,0.0,0.0
4500003644,10,,,14654.87,14654.87,0.0,0.0
4500003645,10,,,86548.67,86548.67,0.0,0.0
4500003645,20,,,71778.99,71778.98,0.0,0.0
4500003646,10,,,10840.71,10840.71,0.0,0.0
4500003647,10,,,159.65,159.65,0.0,0.0
4500003647,20,,,72.21,72.21,0.0,0.0
4500003648,10,,,2477.88,0.0,0.0,0.0
4500003649,10,,,1214.16,1372.0,0.0,0.0
4500003650,10,,,3221.24,2115.04,0.0,0.0
4500003651,10,5000008883,20230428,2125.0,2125.0,0.0,0.0
4500003651,20,5000008883,20230428,138.64,138.64,0.0,0.0
4500003653,10,5000011616,20230530,3900.0,3900.0,0.0,0.0
4500003653,20,5000011616,20230530,254.44,254.44,0.0,0.0
4500003654,10,5000007722,20230418,300619.47,151665.49,0.0,0.0
4500003656,10,5000010140,20230516,3900.0,3900.0,0.0,0.0
4500003656,20,5000010140,20230516,254.44,254.44,0.0,0.0
4500003657,50,,,9829.91,9829.91,0.0,0.0
4500003657,90,,,1596.46,1596.46,0.0,0.0
4500003658,10,5000008010,20230420,48.4,48.4,0.0,0.0
4500003658,20,5000008010,20230420,29.93,29.93,0.0,0.0
4500003658,30,5000008010,20230420,63.88,63.88,0.0,0.0
4500003658,40,5000008010,20230420,35.95,35.95,0.0,0.0
4500003658,50,5000008010,20230420,83.36,83.36,0.0,0.0
4500003658,60,5000008010,20230420,50.0,50.0,0.0,0.0
4500003659,10,5000008012,20230420,1830.0,1827.5,0.0,0.0
4500003659,20,5000008012,20230420,5080.0,5080.0,0.0,0.0
4500003660,10,,,6163.72,6163.72,0.0,0.0
4500003661,10,5000008013,20230420,250.0,250.0,0.0,0.0
4500003662,10,5000008014,20230420,1848.0,1848.0,0.0,0.0
4500003662,20,5000008014,20230420,1848.0,1848.0,0.0,0.0
4500003663,10,,,42.04,42.04,0.0,0.0
4500003663,20,,,4247.79,4247.79,0.0,0.0
4500003663,30,,,1840.71,1840.71,0.0,0.0
4500003664,10,,,6.64,6.64,0.0,0.0
4500003665,10,,,13115.04,13115.05,0.0,0.0
4500003665,60,,,1150.44,1150.44,0.0,0.0
4500003666,10,,,6060.18,6060.18,0.0,0.0
4500003667,10,,,65026.55,65026.55,0.0,0.0
4500003668,10,,,6460.18,6460.18,0.0,0.0
4500003669,20,,,19646.02,19646.02,0.0,0.0
4500003669,60,,,38230.09,38230.09,0.0,0.0
4500003669,80,,,24212.4,24212.39,0.0,0.0
4500003669,90,,,7300.88,7300.88,0.0,0.0
4500003670,40,,,9557.52,9557.52,0.0,0.0
4500003670,50,,,206159.29,206159.29,0.0,0.0
4500003670,80,,,8849.56,8849.56,0.0,0.0
4500003670,180,,,12212.39,12212.39,0.0,0.0
4500003670,200,,,227509.73,227509.73,0.0,0.0
4500003670,280,,,13274.34,13274.34,0.0,0.0
4500003670,360,,,56460.18,56460.18,0.0,0.0
4500003670,440,,,177483.19,177483.18,0.0,0.0
4500003670,480,,,60453.1,60453.1,0.0,0.0
4500003670,490,,,69934.51,69934.51,0.0,0.0
4500003671,10,,,67352.21,67352.21,0.0,0.0
4500003672,10,5000008886,20230428,2125.0,2125.0,0.0,0.0
4500003672,20,5000008886,20230428,138.64,138.64,0.0,0.0
4500003674,10,5000008879,20230428,4470.0,4470.0,0.0,0.0
4500003674,20,5000008879,20230428,291.63,291.63,0.0,0.0
4500003675,10,,,8407.08,8407.08,0.0,0.0
4500003675,20,,,2920.35,2920.35,0.0,0.0
4500003676,10,,,7699.12,7699.12,0.0,0.0
4500003677,10,5000007903,20230419,2156.82,2156.82,0.0,0.0
4500003678,10,5000007904,20230419,2156.82,2156.82,0.0,0.0
4500003679,10,,,200.04,200.0,0.0,0.0
4500003680,10,,,20318.58,20318.58,0.0,0.0
4500003681,10,,,19376.99,19376.99,0.0,0.0
4500003681,20,,,59734.51,59734.53,0.0,0.0
4500003682,10,,,1529.2,1529.2,0.0,0.0
4500003682,20,,,6690.27,6690.27,0.0,0.0
4500003683,10,,,12389.38,12389.38,0.0,0.0
4500003684,10,,,3670.8,3670.8,0.0,0.0
4500003684,20,,,962.83,962.83,0.0,0.0
4500003685,10,,,3295.58,4398.58,0.0,0.0
4500003685,20,,,2180.53,2180.53,0.0,0.0
4500003685,30,,,976.98,707.96,0.0,0.0
4500003685,40,,,4530.97,4530.97,0.0,0.0
4500003685,50,,,56.64,0.0,0.0,0.0
4500003686,10,,,29203.54,29203.54,0.0,0.0
4500003687,10,,,7168.14,7168.14,0.0,0.0
4500003687,20,,,13507.96,13507.96,0.0,0.0
4500003688,10,,,142746.9,142746.9,0.0,0.0
4500003689,10,,,28672.57,28672.57,0.0,0.0
4500003689,20,,,185.84,185.84,0.0,0.0
4500003689,30,,,185.84,185.84,0.0,0.0
4500003689,40,,,1486.74,1486.74,0.0,0.0
4500003689,50,,,1592.92,1592.92,0.0,0.0
4500003689,60,,,9557.52,9469.02,0.0,0.0
4500003689,70,,,2389.38,2389.38,0.0,0.0
4500003690,10,,,6548.67,6548.67,0.0,0.0
4500003690,20,,,75398.23,75398.23,0.0,0.0
4500003691,50,,,17408.5,17408.48,0.0,0.0
4500003691,60,,,13901.95,13901.95,0.0,0.0
4500003691,180,,,12659.47,12659.47,0.0,0.0
4500003692,10,,,66010.61,66010.61,0.0,0.0
4500003692,50,,,45752.21,45752.21,0.0,0.0
4500003692,90,,,89203.54,89203.54,0.0,0.0
4500003693,10,,,13530.97,13530.97,0.0,0.0
4500003693,30,,,15991.15,15991.15,0.0,0.0
4500003693,40,,,35433.63,35433.63,0.0,0.0
4500003694,60,,,1537.31,1537.31,0.0,0.0
4500003694,70,,,2079.65,2079.65,0.0,0.0
4500003694,80,,,5407.08,5407.08,0.0,0.0
4500003694,90,,,415.93,415.93,0.0,0.0
4500003694,100,,,831.86,831.86,0.0,0.0
4500003694,110,,,20380.53,20380.53,0.0,0.0
4500003694,120,,,23107.65,23107.65,0.0,0.0
4500003694,140,,,14893.81,14893.81,0.0,0.0
4500003694,150,,,10973.45,10973.45,0.0,0.0
4500003694,160,,,71327.43,71327.43,0.0,0.0
4500003694,170,,,40053.1,40053.1,0.0,0.0
4500003694,180,,,2739.16,2739.16,0.0,0.0
4500003694,190,,,19178.12,19178.12,0.0,0.0
4500003694,200,,,16434.87,16434.87,0.0,0.0
4500003694,210,,,43261.84,43261.84,0.0,0.0
4500003694,220,,,20139.13,20139.13,0.0,0.0
4500003694,230,,,57016.49,57016.49,0.0,0.0
4500003694,240,,,85056.74,85056.74,0.0,0.0
4500003694,250,,,2414.65,2414.65,0.0,0.0
4500003694,260,,,80067.35,80067.35,0.0,0.0
4500003695,10,5000010128,20230516,1100.0,1100.0,0.0,0.0
4500003695,20,5000010128,20230516,71.77,71.77,0.0,0.0
4500003696,10,,,398.23,398.23,0.0,0.0
4500003696,20,,,265.49,265.49,0.0,0.0
4500003696,30,,,663.72,663.71,0.0,0.0
4500003696,40,,,132.74,132.74,0.0,0.0
4500003696,50,,,398.23,398.23,0.0,0.0
4500003696,60,,,265.49,265.49,0.0,0.0
4500003696,70,,,265.49,265.49,0.0,0.0
4500003696,80,,,530.97,530.97,0.0,0.0
4500003698,10,,,1097.35,1097.35,0.0,0.0
4500003698,20,,,1433.63,1433.63,0.0,0.0
4500003698,30,,,1194.69,1194.69,0.0,0.0
4500003698,40,,,1194.69,1194.69,0.0,0.0
4500003698,50,,,1194.69,1194.69,0.0,0.0
4500003699,10,5000009193,20230503,1350.0,1350.0,0.0,0.0
4500003699,20,5000009193,20230503,88.08,88.08,0.0,0.0
4500003700,10,5000007978,20230420,85.0,85.0,0.0,0.0
4500003701,10,5000007986,20230420,80.0,80.0,0.0,0.0
4500003702,10,5000007985,20230420,260.0,260.0,0.0,0.0
4500003703,10,5000007984,20230420,2871.0,2871.0,0.0,0.0
4500003704,10,5000007982,20230420,276.99,276.99,0.0,0.0
4500003705,10,5000007981,20230420,276.99,276.99,0.0,0.0
4500003706,10,,,0.0,2258.0,0.0,0.0
4500003707,10,,,88407.08,88407.08,0.0,0.0
4500003707,20,,,95510.71,95510.71,0.0,0.0
4500003708,10,,,300.88,300.88,0.0,0.0
4500003709,10,,,4070.8,4070.8,0.0,0.0
4500003709,20,,,9734.51,9734.51,0.0,0.0
4500003710,10,5000007927,20230419,181810.07,181810.07,0.0,0.0
4500003711,10,5000007928,20230419,180679.3,180679.3,0.0,0.0
4500003712,10,5000007929,20230419,166823.66,0.0,0.0,0.0
4500003713,10,5000007930,20230419,180679.3,180679.3,0.0,0.0
4500003714,10,5000007931,20230419,186208.5,186208.5,0.0,0.0
4500003715,10,5000007935,20230419,177111.88,177111.88,0.0,0.0
4500003716,10,5000007937,20230419,192372.06,192372.06,0.0,0.0
4500003717,10,5000007938,20230419,192372.06,192372.06,0.0,0.0
4500003718,10,5000007940,20230419,180679.3,180679.3,0.0,0.0
4500003719,10,5000007941,20230419,192372.06,0.0,0.0,0.0
4500003720,10,5000007942,20230419,192372.06,0.0,0.0,0.0
4500003721,10,5000007943,20230419,177450.96,177450.96,0.0,0.0
4500003722,10,,,42345.13,42345.13,0.0,0.0
4500003723,10,,,69.03,69.03,0.0,0.0
4500003723,20,,,274.34,274.34,0.0,0.0
4500003723,30,,,66.37,66.37,0.0,0.0
4500003723,40,,,169.91,169.91,0.0,0.0
4500003724,10,5000007944,20230419,200599.19,200599.19,0.0,0.0
4500003725,10,5000007945,20230419,182752.87,182752.87,0.0,0.0
4500003726,10,5000007946,20230419,181810.07,181810.07,0.0,0.0
4500003727,10,5000007947,20230419,185741.25,185741.25,0.0,0.0
4500003728,10,5000007948,20230419,186695.23,186695.23,0.0,0.0
4500003729,10,5000007949,20230419,177111.88,177111.88,0.0,0.0
4500003730,10,5000007950,20230419,180479.74,180479.74,0.0,0.0
4500003731,10,5000007951,20230419,186872.02,186872.02,0.0,0.0
4500003733,10,,,31969.91,31969.91,0.0,0.0
4500003734,10,,,148672.56,148672.56,0.0,0.0
4500003734,20,,,151680.53,151680.45,0.0,0.0
4500003736,10,,,3345.13,3345.14,0.0,0.0
4500003736,20,,,11309.73,11309.73,0.0,0.0
4500003736,30,,,7265.49,7265.49,0.0,0.0
4500003737,10,,,9292.04,9292.04,0.0,0.0
4500003738,10,,,6415.93,6415.93,0.0,0.0
4500003738,20,,,22893.81,22893.81,0.0,0.0
4500003739,10,,,2973.45,2973.45,0.0,0.0
4500003739,20,,,2803.54,2803.54,0.0,0.0
4500003739,30,,,2605.31,2605.31,0.0,0.0
4500003740,10,,,8601.77,9558.4,0.0,0.0
4500003741,10,,,60353.98,60353.98,0.0,0.0
4500003741,20,,,7327.43,7327.43,0.0,0.0
4500003742,10,,,25663.72,25663.72,0.0,0.0
4500003743,10,,,11784.96,11784.96,0.0,0.0
4500003744,10,,,5522.12,5522.12,0.0,0.0
4500003744,20,,,4993.81,4993.8,0.0,0.0
4500003744,30,,,597.35,597.35,0.0,0.0
4500003745,10,,,4070.8,4070.8,0.0,0.0
4500003746,10,,,15176.99,15176.99,0.0,0.0
4500003747,10,,,23283.19,23283.19,0.0,0.0
4500003747,20,,,36040.71,36040.71,0.0,0.0
4500003747,30,,,31959.29,31959.29,0.0,0.0
4500003748,10,,,3097.35,3097.35,0.0,0.0
4500003749,10,,,5267.26,5267.26,0.0,0.0
4500003749,20,,,5267.26,5267.26,0.0,0.0
4500003750,20,,,119.47,119.47,0.0,0.0
4500003750,30,,,1411.5,1411.5,0.0,0.0
4500003750,40,,,707.96,707.96,0.0,0.0
4500003750,50,,,663.72,663.72,0.0,0.0
4500003750,60,,,256.64,256.64,0.0,0.0
4500003750,70,,,1734.51,1734.51,0.0,0.0
4500003750,80,,,433.63,433.63,0.0,0.0
4500003750,90,,,0.0,0.0,0.0,0.0
4500003750,100,,,774.34,774.34,0.0,0.0
4500003750,110,,,3451.33,3451.33,0.0,0.0
4500003750,120,,,287.61,287.61,0.0,0.0
4500003750,130,,,141.59,141.59,0.0,0.0
4500003750,140,,,70.8,70.8,0.0,0.0
4500003750,150,,,530.97,530.97,0.0,0.0
4500003750,160,,,0.0,0.0,0.0,0.0
4500003750,170,,,690.27,690.27,0.0,0.0
4500003750,180,,,122.12,122.12,0.0,0.0
4500003750,190,,,973.45,973.45,0.0,0.0
4500003750,200,,,575.22,575.22,0.0,0.0
4500003750,210,,,3539.82,3539.82,0.0,0.0
4500003750,220,,,539.82,539.82,0.0,0.0
4500003750,230,,,2336.28,2336.28,0.0,0.0
4500003750,240,,,345.13,345.13,0.0,0.0
4500003750,250,,,530.97,530.97,0.0,0.0
4500003750,260,,,5.75,5.75,0.0,0.0
4500003750,290,,,522.12,522.12,0.0,0.0
4500003750,310,,,88.5,88.5,0.0,0.0
4500003750,320,,,265.49,265.49,0.0,0.0
4500003750,330,,,43.36,43.36,0.0,0.0
4500003750,340,,,0.0,0.0,0.0,0.0
4500003750,350,,,499.12,499.12,0.0,0.0
4500003750,360,,,584.07,584.07,0.0,0.0
4500003750,370,,,0.0,0.0,0.0,0.0
4500003750,380,,,0.0,0.0,0.0,0.0
4500003750,390,,,5707.96,5707.96,0.0,0.0
4500003750,400,,,92.92,92.92,0.0,0.0
4500003750,410,,,1548.67,1548.67,0.0,0.0
4500003750,420,,,1592.92,1592.92,0.0,0.0
4500003750,430,,,44.25,44.25,0.0,0.0
4500003750,440,,,1681.42,1681.42,0.0,0.0
4500003751,10,,,9734.51,9734.51,0.0,0.0
4500003752,10,,,2123.89,2123.89,0.0,0.0
4500003753,10,,,14601.77,14601.77,0.0,0.0
4500003754,10,,,488.5,488.5,0.0,0.0
4500003754,20,,,4424.78,4424.78,0.0,0.0
4500003755,10,,,30.97,30.97,0.0,0.0
4500003756,10,,,67256.64,67256.65,0.0,0.0
4500003757,10,,,1907.96,2546.55,0.0,0.0
4500003757,20,,,1104.43,1104.43,0.0,0.0
4500003758,10,5000065390,20240726,3211.6,3211.87,0.0,0.0
4500003759,10,5000009173,20230501,1250.0,1250.0,0.0,0.0
4500003760,10,5000008180,20230421,903.0,903.0,0.0,0.0
4500003761,10,5000008181,20230421,903.0,903.0,0.0,0.0
4500003762,10,5000008182,20230421,798.0,798.0,0.0,0.0
4500003763,10,5000008183,20230421,903.0,903.0,0.0,0.0
4500003764,10,5000008184,20230421,798.0,798.0,0.0,0.0
4500003765,10,5000008185,20230421,903.0,903.0,0.0,0.0
4500003766,10,5000008186,20230421,2081.0,2081.0,0.0,0.0
4500003767,10,5000008187,20230421,798.0,798.0,0.0,0.0
4500003768,10,5000008188,20230421,2081.0,2081.0,0.0,0.0
4500003769,10,5000008189,20230421,2250.0,2250.0,0.0,0.0
4500003770,10,5000008190,20230421,2185.0,2185.0,0.0,0.0
4500003771,10,5000008191,20230421,2666.0,2666.0,0.0,0.0
4500003772,10,5000008192,20230421,220.0,220.0,0.0,0.0
4500003773,10,5000008887,20230428,2125.0,2125.0,0.0,0.0
4500003773,20,5000008887,20230428,138.64,138.64,0.0,0.0
4500003774,10,5000009194,20230503,1450.0,1450.0,0.0,0.0
4500003774,20,5000009194,20230503,94.6,94.6,0.0,0.0
4500003775,10,,,2212.39,2212.39,0.0,0.0
4500003776,150,,,1353.98,1353.98,0.0,0.0
4500003777,30,,,18584.07,18584.07,0.0,0.0
4500003778,10,,,132212.39,132212.38,0.0,0.0
4500003779,10,,,194601.77,194601.77,0.0,0.0
4500003780,20,,,2330.97,2330.97,0.0,0.0
4500003781,10,,,26548.67,26548.67,0.0,0.0
4500003783,10,,,19911.5,19911.5,0.0,0.0
4500003784,10,5000008179,20230421,1279.0,1279.0,0.0,0.0
4500003785,10,5000008178,20230421,798.0,798.0,0.0,0.0
4500003786,10,5000008177,20230421,73.0,73.0,0.0,0.0
4500003787,10,5000008176,20230421,2081.0,2081.0,0.0,0.0
4500003788,10,5000008175,20230421,73.0,73.0,0.0,0.0
4500003789,10,5000008174,20230421,73.0,73.0,0.0,0.0
4500003790,10,5000008173,20230421,73.0,73.0,0.0,0.0
4500003791,10,5000008172,20230421,73.0,73.0,0.0,0.0
4500003792,10,5000008171,20230421,73.0,73.0,0.0,0.0
4500003793,10,5000010142,20230516,4470.0,4470.0,0.0,0.0
4500003793,20,5000010142,20230516,291.63,291.63,0.0,0.0
4500003794,10,5000008033,20230420,1103431.86,1103431.86,0.0,0.0
4500003795,10,,,0.0,0.0,3533.06,-3533.06
4500003795,20,5000008094,20230420,619.8,619.91,681.9,-681.9
4500003795,30,5000008094,20230420,1926.6,1926.67,2119.34,-2119.34
4500003796,10,5000008170,20230421,73.0,73.0,0.0,0.0
4500003797,10,5000008169,20230421,1910.0,1910.0,0.0,0.0
4500003797,20,5000008169,20230421,1755.0,1755.0,0.0,0.0
4500003797,30,5000008169,20230421,1460.0,1460.0,0.0,0.0
4500003797,40,5000008169,20230421,3825.0,3825.0,0.0,0.0
4500003797,50,5000008169,20230421,740.0,740.0,0.0,0.0
4500003797,60,5000008169,20230421,765.0,765.0,0.0,0.0
4500003798,10,5000008163,20230421,300.0,300.0,0.0,0.0
4500003799,10,5000008168,20230421,74.44,74.44,0.0,0.0
4500003799,20,5000008168,20230421,42.0,42.0,0.0,0.0
4500003800,10,5000008167,20230421,125.41,125.41,0.0,0.0
4500003801,10,5000008166,20230421,107.8,107.82,0.0,0.0
4500003802,10,5000008165,20230421,516.0,0.0,0.0,0.0
4500003802,20,5000008165,20230421,90.0,0.0,0.0,0.0
4500003802,30,5000008165,20230421,87.42,0.0,0.0,0.0
4500003802,40,5000008165,20230421,1444.0,0.0,0.0,0.0
4500003802,50,5000008165,20230421,578.2,0.0,0.0,0.0
4500003802,60,5000008165,20230421,180.0,0.0,0.0,0.0
4500003802,70,5000008165,20230421,222.0,0.0,0.0,0.0
4500003802,80,5000008165,20230421,502.5,0.0,0.0,0.0
4500003803,10,,,11.5,11.5,0.0,0.0
4500003804,10,,,5209.03,5209.03,0.0,0.0
4500003804,250,,,7341.73,7341.73,0.0,0.0
4500003804,260,,,900.57,900.57,0.0,0.0
4500003805,10,5000008093,20230420,6775.16,6775.15,0.0,0.0
4500003805,20,5000008093,20230420,3013.15,3013.15,0.0,0.0
4500003805,30,5000008093,20230420,2222.56,2222.56,0.0,0.0
4500003806,10,5000008713,20230427,800.0,800.0,0.0,0.0
4500003807,10,,,2212.39,2212.39,0.0,0.0
4500003808,10,,,0.0,0.0,0.0,0.0
4500003809,10,,,34566.37,34566.37,0.0,0.0
4500003809,20,,,1253.1,1253.1,0.0,0.0
4500003809,30,,,5398.23,5398.23,0.0,0.0
4500003810,10,5000008162,20230421,19140.0,19140.0,0.0,0.0
4500003810,20,5000008162,20230421,59.41,59.41,0.0,0.0
4500003810,30,5000008162,20230421,51.28,51.28,0.0,0.0
4500003810,40,5000008162,20230421,429.0,429.0,0.0,0.0
4500003811,10,,,50893.81,50893.81,0.0,0.0
4500003811,20,,,53044.25,53044.25,0.0,0.0
4500003811,50,,,52566.37,52566.37,0.0,0.0
4500003811,60,,,52924.77,23815.75,0.0,0.0
4500003812,10,,,0.0,0.0,0.0,0.0
4500003812,20,,,0.0,0.0,0.0,0.0
4500003813,10,,,0.0,0.0,0.0,0.0
4500003814,10,,,12389.38,12389.38,0.0,0.0
4500003815,10,5000008117,20230420,461942.69,498598.36,0.0,0.0
4500003816,10,,,5840.71,5840.71,0.0,0.0
4500003817,10,5000008118,20230420,461942.69,0.0,0.0,0.0
4500003818,10,5000008119,20230420,505837.3,490025.58,0.0,0.0
4500003819,10,5000008120,20230420,461942.69,0.0,0.0,0.0
4500003820,10,,,1104.48,1093.05,0.0,0.0
4500003821,10,5000008122,20230420,461942.69,463429.61,0.0,0.0
4500003822,10,5000008123,20230420,461942.69,465986.66,0.0,0.0
4500003823,10,,,165.15,0.0,0.0,0.0
4500003823,20,,,255.0,0.0,0.0,0.0
4500003823,30,,,580.5,0.0,0.0,0.0
4500003824,10,5000008124,20230420,461942.69,459725.34,0.0,0.0
4500003825,10,5000008125,20230420,461942.69,464253.58,0.0,0.0
4500003826,10,,,451.33,451.33,0.0,0.0
4500003827,10,,,17256.64,17256.64,0.0,0.0
4500003827,20,,,6902.65,6902.65,0.0,0.0
4500003827,30,,,8628.32,8628.32,0.0,0.0
4500003827,40,,,35619.47,35008.93,0.0,0.0
4500003828,10,,,1460.18,1460.18,0.0,0.0
4500003828,20,,,1460.18,1460.18,0.0,0.0
4500003828,30,,,4380.53,4380.53,0.0,0.0
4500003829,10,,,500.4,500.4,0.0,0.0
4500003829,20,,,109.92,109.92,0.0,0.0
4500003830,10,,,1000.8,1000.0,0.0,0.0
4500003830,20,,,234.0,234.0,0.0,0.0
4500003830,30,,,109.92,109.92,0.0,0.0
4500003830,40,,,75.0,75.0,0.0,0.0
4500003831,10,,,1380.53,1380.53,0.0,0.0
4500003831,20,,,1380.53,1380.53,0.0,0.0
4500003831,30,,,1247.79,1247.79,0.0,0.0
4500003831,40,,,1247.79,1247.79,0.0,0.0
4500003832,10,,,1247.79,1247.79,0.0,0.0
4500003832,20,,,1380.53,1380.53,0.0,0.0
4500003832,30,,,1247.79,1247.79,0.0,0.0
4500003833,10,,,1380.53,1380.53,0.0,0.0
4500003833,20,,,1380.53,1380.53,0.0,0.0
4500003833,30,,,1247.79,1247.79,0.0,0.0
4500003834,10,,,13539.82,0.0,0.0,0.0
4500003835,10,,,1247.79,1247.79,0.0,0.0
4500003835,20,,,1247.79,1247.79,0.0,0.0
4500003835,30,,,1247.79,1247.79,0.0,0.0
4500003836,10,,,1380.53,1380.53,0.0,0.0
4500003836,20,,,1380.53,1380.53,0.0,0.0
4500003836,30,,,1380.53,1380.53,0.0,0.0
4500003836,40,,,1380.53,1380.53,0.0,0.0
4500003836,50,,,1247.79,1247.79,0.0,0.0
4500003837,10,,,1380.53,1380.51,0.0,0.0
4500003837,20,,,1247.79,1247.79,0.0,0.0
4500003837,30,,,1247.79,1247.79,0.0,0.0
4500003837,40,,,1380.53,1380.53,0.0,0.0
4500003837,50,,,1247.79,1247.79,0.0,0.0
4500003837,60,,,1247.79,1247.79,0.0,0.0
4500003837,70,,,1380.53,1380.53,0.0,0.0
4500003838,10,,,2522.12,2522.12,0.0,0.0
4500003838,20,,,876.11,876.11,0.0,0.0
4500003838,30,,,230.09,230.09,0.0,0.0
4500003838,40,,,116.81,116.81,0.0,0.0
4500003839,10,,,2502.0,2214.16,0.0,0.0
4500003840,10,,,1000.8,1000.8,0.0,0.0
4500003840,20,,,109.92,109.92,0.0,0.0
4500003840,30,,,75.0,75.0,0.0,0.0
4500003840,40,,,1000.8,1000.8,0.0,0.0
4500003841,10,,,0.0,0.0,0.0,0.0
4500003842,10,5000008719,20230427,500.0,500.0,0.0,0.0
4500003842,20,5000008719,20230427,350.0,350.0,0.0,0.0
4500003842,30,5000008719,20230427,350.0,350.0,0.0,0.0
4500003842,40,5000008719,20230427,350.0,350.0,0.0,0.0
4500003842,50,5000008719,20230427,150.0,150.0,0.0,0.0
4500003842,60,5000008719,20230427,150.0,150.0,0.0,0.0
4500003843,10,5000009402,20230505,4470.0,4470.0,0.0,0.0
4500003843,20,5000009402,20230505,291.63,291.63,0.0,0.0
4500003843,30,5000010134,20230516,4470.0,4470.0,0.0,0.0
4500003843,40,5000010134,20230516,291.63,291.63,0.0,0.0
4500003844,10,,,1486.73,1486.73,0.0,0.0
4500003845,10,,,4460.18,4460.18,0.0,0.0
4500003846,10,5000016370,20230707,14993.0,14993.0,0.0,0.0
4500003847,10,5000008485,20230426,1200.0,1200.0,0.0,0.0
4500003847,20,5000008485,20230426,78.29,78.29,0.0,0.0
4500003848,10,5000008484,20230426,1350.0,1350.0,0.0,0.0
4500003848,20,5000008484,20230426,88.08,88.08,0.0,0.0
4500003849,10,5000008482,20230426,1350.0,1350.0,0.0,0.0
4500003849,20,5000008482,20230426,88.08,88.08,0.0,0.0
4500003850,10,,,88.5,88.5,0.0,0.0
4500003851,10,,,672.57,672.57,0.0,0.0
4500003852,10,5000008481,20230426,1350.0,1350.0,0.0,0.0
4500003852,20,5000008481,20230426,75.79,75.79,0.0,0.0
4500003853,10,5000008480,20230426,1200.0,1200.0,0.0,0.0
4500003853,20,5000008480,20230426,67.37,67.37,0.0,0.0
4500003854,10,5000008479,20230426,1100.0,1100.0,0.0,0.0
4500003854,20,5000008479,20230426,61.75,61.75,0.0,0.0
4500003855,10,5000008477,20230426,1450.0,1450.0,0.0,0.0
4500003855,20,5000008477,20230426,81.4,81.4,0.0,0.0
4500003856,10,5000008476,20230426,1200.0,1200.0,0.0,0.0
4500003856,20,5000008476,20230426,67.37,67.37,0.0,0.0
4500003858,10,5000012541,20230607,200.0,200.0,0.0,0.0
4500003859,10,5000008717,20230427,1440.0,1440.0,0.0,0.0
4500003860,10,,,309.73,304.42,0.0,0.0
4500003862,10,,,120157.17,120157.17,0.0,0.0
4500003862,20,,,67846.8,67846.8,0.0,0.0
4500003862,30,,,36882.3,36882.3,0.0,0.0
4500003863,10,5000008483,20230426,2750.0,2750.0,0.0,0.0
4500003863,20,5000008483,20230426,459.98,459.98,0.0,0.0
4500003863,30,5000008483,20230426,447.32,447.32,0.0,0.0
4500003863,40,5000008483,20230426,523.28,523.28,0.0,0.0
4500003863,50,5000008483,20230426,438.88,438.88,0.0,0.0
4500003863,60,5000008483,20230426,451.54,451.54,0.0,0.0
4500003863,70,5000008483,20230426,540.16,540.16,0.0,0.0
4500003863,80,5000008483,20230426,443.1,443.1,0.0,0.0
4500003863,90,5000008483,20230426,519.06,519.06,0.0,0.0
4500003863,100,5000008483,20230426,531.72,531.72,0.0,0.0
4500003863,110,5000008483,20230426,434.66,434.66,0.0,0.0
4500003863,120,5000008483,20230426,510.62,510.62,0.0,0.0
4500003864,30,5000008722,20230427,24.0,24.0,0.0,0.0
4500003864,40,5000008722,20230427,151.82,151.82,0.0,0.0
4500003865,10,,,10221.24,0.0,0.0,0.0
4500003866,10,,,831.86,831.86,0.0,0.0
4500003867,10,,,134.51,134.51,0.0,0.0
4500003868,10,,,716.81,716.81,0.0,0.0
4500003869,10,,,24.78,24.78,0.0,0.0
4500003870,10,,,2778.76,2778.76,0.0,0.0
4500003871,10,5000008730,20230427,385.0,385.0,0.0,0.0
4500003872,10,5000008729,20230427,2453.24,2453.24,0.0,0.0
4500003874,10,5000008232,20230421,461942.69,460279.48,0.0,0.0
4500003876,10,5000008233,20230421,191150.44,192035.4,0.0,0.0
4500003876,20,5000008233,20230421,191150.44,192035.4,0.0,0.0
4500003876,30,5000008233,20230421,191150.44,191150.44,0.0,0.0
4500003876,40,5000008233,20230421,191150.44,191150.44,0.0,0.0
4500003876,50,5000008233,20230421,128495.58,257876.11,0.0,0.0
4500003876,60,5000008233,20230421,128495.58,258761.06,0.0,0.0
4500003876,70,5000008233,20230421,128495.58,129380.53,0.0,0.0
4500003876,80,5000008233,20230421,128495.58,0.0,0.0,0.0
4500003876,90,5000008233,20230421,128495.58,0.0,0.0,0.0
4500003876,100,5000008233,20230421,191150.44,647031.87,0.0,0.0
4500003876,110,5000008233,20230421,191150.44,191150.44,0.0,0.0
4500003876,120,5000008233,20230421,191150.44,0.0,0.0,0.0
4500003876,130,5000008233,20230421,191150.44,0.0,0.0,0.0
4500003876,140,5000008233,20230421,191150.44,0.0,0.0,0.0
4500003876,150,5000008233,20230421,120707.96,117356.64,0.0,0.0
4500003876,160,5000008233,20230421,120707.96,243185.84,0.0,0.0
4500003876,170,5000008233,20230421,120707.96,242300.88,0.0,0.0
4500003876,180,5000008233,20230421,120707.96,0.0,0.0,0.0
4500003876,190,5000008233,20230421,120707.96,0.0,0.0,0.0
4500003876,200,5000008233,20230421,206814.16,414513.28,0.0,0.0
4500003876,210,5000008233,20230421,206814.16,622212.4,0.0,0.0
4500003876,220,5000008233,20230421,206814.16,206814.16,0.0,0.0
4500003876,230,5000010649,20230522,206814.16,206814.16,0.0,0.0
4500003876,240,5000010649,20230522,206814.16,206814.16,0.0,0.0
4500003876,250,5000008233,20230421,206814.16,0.0,0.0,0.0
4500003876,260,5000008233,20230421,206814.16,0.0,0.0,0.0
4500003876,270,5000008233,20230421,206814.16,0.0,0.0,0.0
4500003876,280,5000008233,20230421,347610.62,324070.8,0.0,0.0
4500003876,290,,,0.0,0.0,0.0,0.0
4500003876,300,5000008233,20230421,295400.0,261415.93,0.0,0.0
4500003876,310,5000008233,20230421,261415.93,261415.93,0.0,0.0
4500003876,320,5000008233,20230421,360366.97,347610.62,0.0,0.0
4500003876,330,5000010649,20230522,360366.97,347610.62,0.0,0.0
4500003876,340,,,0.0,0.0,0.0,0.0
4500003876,350,5000008233,20230421,86400.0,76460.18,0.0,0.0
4500003877,10,,,0.0,0.0,0.0,0.0
4500003877,20,,,0.0,0.0,0.0,0.0
4500003877,30,,,0.0,0.0,0.0,0.0
4500003877,40,,,0.0,0.0,0.0,0.0
4500003877,50,,,0.0,0.0,0.0,0.0
4500003877,60,,,0.0,0.0,0.0,0.0
4500003877,70,,,0.0,0.0,0.0,0.0
4500003877,80,,,0.0,0.0,0.0,0.0
4500003877,90,,,0.0,0.0,0.0,0.0
4500003877,100,,,0.0,0.0,0.0,0.0
4500003877,110,,,0.0,0.0,0.0,0.0
4500003877,120,,,0.0,0.0,0.0,0.0
4500003878,10,5000008234,20230421,1052964.6,898420.36,0.0,0.0
4500003880,10,,,2277.88,2277.88,0.0,0.0
4500003881,10,5000008236,20230421,919526.55,875278.75,0.0,0.0
4500003881,20,5000008236,20230421,210592.92,177914.16,0.0,0.0
4500003882,10,5000008474,20230426,61.64,61.64,0.0,0.0
4500003883,10,5000008475,20230426,4412.4,4412.4,0.0,0.0
4500003883,20,5000008475,20230426,1418.5,1418.5,0.0,0.0
4500003883,30,5000008475,20230426,702.4,702.4,0.0,0.0
4500003883,40,5000008475,20230426,258.4,258.4,0.0,0.0
4500003883,50,5000008475,20230426,11234.0,11234.0,0.0,0.0
4500003883,60,5000008475,20230426,2206.0,2206.21,0.0,0.0
4500003883,70,5000008475,20230426,1943.5,1943.56,0.0,0.0
4500003883,80,5000008475,20230426,2269.44,2269.44,0.0,0.0
4500003883,90,5000008475,20230426,4312.75,4312.75,0.0,0.0
4500003883,100,5000008475,20230426,178.2,178.2,0.0,0.0
4500003883,110,5000008475,20230426,2296.5,2296.35,0.0,0.0
4500003884,10,,,139380.53,136991.07,0.0,0.0
4500003885,10,,,3682.3,3682.3,0.0,0.0
4500003886,10,5000008731,20230427,315.45,315.45,0.0,0.0
4500003887,10,,,1380.53,1380.52,0.0,0.0
4500003887,20,,,1247.79,1247.79,0.0,0.0
4500003887,30,,,1247.79,1247.79,0.0,0.0
4500003887,40,,,1247.79,1247.79,0.0,0.0
4500003888,10,,,7079.65,7079.65,0.0,0.0
4500003888,20,,,2654.87,2654.87,0.0,0.0
4500003888,30,,,2389.38,2389.38,0.0,0.0
4500003888,40,,,12035.4,12035.4,0.0,0.0
4500003888,50,,,20707.96,20707.96,0.0,0.0
4500003889,10,,,22241.74,22241.74,0.0,0.0
4500003890,10,,,752.21,752.21,0.0,0.0
4500003890,20,,,2212.39,2212.39,0.0,0.0
4500003890,30,,,6371.68,6371.68,0.0,0.0
4500003890,40,,,353.98,353.98,0.0,0.0
4500003891,10,,,2254.87,2254.87,0.0,0.0
4500003892,10,,,4692.48,4692.48,0.0,0.0
4500003893,20,5000022857,20230821,3136.0,2048.4,0.0,0.0
4500003893,40,5000022432,20230817,819.05,599.3,0.0,0.0
4500003893,50,5000022431,20230817,503.0,531.74,0.0,0.0
4500003893,70,5000022431,20230817,295.4,182.0,0.0,0.0
4500003893,80,5000022171,20230815,320.0,158.24,0.0,0.0
4500003893,110,5000022857,20230821,10.15,10.35,0.0,0.0
4500003894,10,,,31150.44,31150.44,0.0,0.0
4500003894,20,,,52530.97,52530.97,0.0,0.0
4500003895,10,5000010296,20230517,860.0,860.0,0.0,0.0
4500003896,10,,,3097.35,3097.35,0.0,0.0
4500003896,20,,,16814.16,16814.16,0.0,0.0
4500003896,30,,,24778.76,24778.76,0.0,0.0
4500003897,10,,,84070.8,84070.8,0.0,0.0
4500003898,10,,,7518.59,7518.59,0.0,0.0
4500003899,10,,,5017.7,5940.0,0.0,0.0
4500003899,20,,,3185.84,3600.0,0.0,0.0
4500003900,10,,,10534.51,10534.51,0.0,0.0
4500003901,10,,,2819.47,2819.47,0.0,0.0
4500003902,260,,,8230.09,8230.09,0.0,0.0
4500003902,310,,,3682.3,3682.3,0.0,0.0
4500003902,380,,,2831.86,2831.86,0.0,0.0
4500003902,430,,,18371.68,18371.68,0.0,0.0
4500003902,470,,,2256.64,2256.64,0.0,0.0
4500003902,500,,,1734.51,1734.51,0.0,0.0
4500003902,540,,,707.96,707.96,0.0,0.0
4500003902,730,,,14159.29,14159.29,0.0,0.0
4500003902,790,,,6252.21,6252.21,0.0,0.0
4500003902,860,,,7699.12,7699.12,0.0,0.0
4500003902,910,,,5044.25,5044.25,0.0,0.0
4500003902,940,,,6185.84,6185.84,0.0,0.0
4500003902,1020,,,6619.47,6619.47,0.0,0.0
4500003902,1090,,,1522.12,1522.12,0.0,0.0
4500003902,1110,,,2300.88,2300.88,0.0,0.0
4500003902,1130,,,2876.11,2876.11,0.0,0.0
4500003902,1160,,,7168.14,7168.14,0.0,0.0
4500003902,1190,,,2946.9,2946.9,0.0,0.0
4500003902,1220,,,2920.35,2920.35,0.0,0.0
4500003902,1250,,,2530.97,2530.97,0.0,0.0
4500003902,1290,,,2123.89,2123.89,0.0,0.0
4500003902,1330,,,2920.35,2920.35,0.0,0.0
4500003902,1350,,,1769.91,1769.91,0.0,0.0
4500003902,1410,,,19469.03,19469.03,0.0,0.0
4500003902,1480,,,11504.42,11504.42,0.0,0.0
4500003902,1510,,,5256.64,5256.64,0.0,0.0
4500003902,1620,,,4247.79,4247.79,0.0,0.0
4500003902,1630,,,1769.91,1769.91,0.0,0.0
4500003903,10,,,30973.45,30973.45,0.0,0.0
4500003904,110,,,81470.8,81470.8,0.0,0.0
4500003904,120,,,16893.81,16893.81,0.0,0.0
4500003905,10,,,1548.67,1548.67,0.0,0.0
4500003906,10,,,23589.38,23589.38,0.0,0.0
4500003906,30,,,6228.32,6228.32,0.0,0.0
4500003907,10,,,127.43,127.43,0.0,0.0
4500003907,20,,,19469.03,19469.03,0.0,0.0
4500003908,10,,,62809.5,62809.5,0.0,0.0
4500003908,20,,,222684.3,222684.3,0.0,0.0
4500003909,10,,,11424.55,11424.55,0.0,0.0
4500003909,20,,,6318.38,6318.38,0.0,0.0
4500003909,30,,,25654.94,25654.94,0.0,0.0
4500003909,40,,,88968.17,88968.18,0.0,0.0
4500003909,50,,,3338.25,3338.25,0.0,0.0
4500003909,60,,,55552.34,55552.34,0.0,0.0
4500003909,70,,,2182.38,2182.38,0.0,0.0
4500003909,100,,,133805.31,133805.31,0.0,0.0
4500003909,110,,,36637.17,36637.17,0.0,0.0
4500003910,10,,,16441.59,16441.59,0.0,0.0
4500003910,30,,,104826.55,104826.55,0.0,0.0
4500003910,40,,,22000.0,22000.0,0.0,0.0
4500003910,50,,,411823.01,411823.01,0.0,0.0
4500003910,60,,,395352.21,395352.21,0.0,0.0
4500003911,10,,,59823.01,59823.08,0.0,0.0
4500003911,20,,,47358.41,47358.41,0.0,0.0
4500003911,30,,,2460.19,2460.19,0.0,0.0
4500003912,10,,,133.63,133.63,0.0,0.0
4500003913,10,,,6026.15,6026.15,0.0,0.0
4500003913,20,,,9223.86,9223.86,0.0,0.0
4500003913,30,,,4991.15,4991.15,0.0,0.0
4500003913,40,,,90391.99,90391.99,0.0,0.0
4500003913,50,,,2317.74,2317.74,0.0,0.0
4500003913,60,,,31327.54,31327.54,0.0,0.0
4500003913,70,,,2983.58,2983.58,0.0,0.0
4500003913,80,,,64601.77,64601.77,0.0,0.0
4500003913,90,,,2584.07,2584.07,0.0,0.0
4500003913,100,,,116194.69,116194.69,0.0,0.0
4500003913,130,,,31642.9,31642.9,0.0,0.0
4500003913,140,,,41592.92,41592.92,0.0,0.0
4500003913,170,,,12637.17,12637.17,0.0,0.0
4500003913,200,,,23843.06,23843.06,0.0,0.0
4500003913,220,,,8048.85,8048.85,0.0,0.0
4500003913,230,,,126422.12,126422.12,0.0,0.0
4500003913,240,,,12070.8,12070.8,0.0,0.0
4500003913,250,,,26295.79,26295.79,0.0,0.0
4500003913,260,,,57433.82,57433.82,0.0,0.0
4500003913,270,,,146649.56,146649.56,0.0,0.0
4500003914,10,5000022194,20230815,5309.73,5309.73,0.0,0.0
4500003914,20,5000010339,20230518,16814.16,16814.16,0.0,0.0
4500003915,10,,,151907.97,151907.97,0.0,0.0
4500003915,20,,,61946.9,61946.9,0.0,0.0
4500003915,30,,,30973.45,30973.45,0.0,0.0
4500003915,40,,,29203.54,29203.53,0.0,0.0
4500003915,50,,,9424.78,9424.78,0.0,0.0
4500003915,60,,,23628.32,23628.32,0.0,0.0
4500003915,70,,,29203.54,29203.54,0.0,0.0
4500003915,80,,,18849.56,18849.56,0.0,0.0
4500003915,90,,,62389.38,62389.38,0.0,0.0
4500003915,100,,,29203.54,29203.54,0.0,0.0
4500003915,110,,,6283.19,6283.19,0.0,0.0
4500003915,120,,,14601.77,14601.77,0.0,0.0
4500003915,130,,,17920.35,17920.35,0.0,0.0
4500003915,140,,,12566.37,12566.37,0.0,0.0
4500003915,150,,,58407.08,58407.08,0.0,0.0
4500003916,10,,,1327.43,0.0,0.0,0.0
4500003917,10,,,442.48,442.48,0.0,0.0
4500003918,10,,,17280.0,15292.04,0.0,0.0
4500003918,20,,,10670.0,9442.48,0.0,0.0
4500003918,30,,,11760.0,10407.08,0.0,0.0
4500003918,40,,,6670.0,5902.65,0.0,0.0
4500003918,50,,,26980.0,23876.11,0.0,0.0
4500003918,60,,,7040.0,6230.09,0.0,0.0
4500003918,70,,,7260.0,6424.78,0.0,0.0
4500003919,10,,,135892.03,138095.57,0.0,0.0
4500003919,20,,,262392.21,262392.21,0.0,0.0
4500003919,30,,,98718.57,98718.57,0.0,0.0
4500003919,40,,,114159.29,114159.29,0.0,0.0
4500003919,50,,,46460.19,46460.19,0.0,0.0
4500003920,10,,,101946.9,101946.9,0.0,0.0
4500003921,10,,,16725.66,16725.67,0.0,0.0
4500003922,10,,,10761.06,10761.06,0.0,0.0
4500003922,40,,,442.48,442.48,0.0,0.0
4500003923,10,,,24690.27,24469.02,0.0,0.0
4500003924,10,,,1592.92,1592.92,0.0,0.0
4500003925,10,,,65026.55,65026.55,0.0,0.0
4500003926,10,,,3164.6,3164.6,0.0,0.0
4500003927,10,,,39292.05,39292.05,0.0,0.0
4500003927,30,,,55814.17,55814.13,0.0,0.0
4500003927,50,,,38230.09,38230.09,0.0,0.0
4500003927,60,,,5309.73,5309.73,0.0,0.0
4500003928,10,,,59.73,59.73,0.0,0.0
4500003928,20,,,132.74,132.74,0.0,0.0
4500003928,30,,,66.37,66.37,0.0,0.0
4500003928,40,,,199.12,199.12,0.0,0.0
4500003929,10,,,7300.88,7300.88,0.0,0.0
4500003930,10,,,61946.9,61946.9,0.0,0.0
4500003930,20,,,7561.06,7561.06,0.0,0.0
4500003930,30,,,3110.18,3110.17,0.0,0.0
4500003930,40,,,0.0,0.0,0.0,0.0
4500003930,50,,,5969.03,5969.03,0.0,0.0
4500003930,60,,,12415.57,12415.57,0.0,0.0
4500003930,70,,,61946.9,61946.9,0.0,0.0
4500003931,10,,,5309.73,5309.73,0.0,0.0
4500003931,20,,,897.61,897.61,0.0,0.0
4500003931,30,,,1194.69,1194.69,0.0,0.0
4500003933,10,,,0.0,0.0,0.0,0.0
4500003933,20,,,0.0,0.0,0.0,0.0
4500003934,10,5000008450,20230425,1008.85,1008.85,0.0,0.0
4500003934,20,5000008450,20230425,1646.02,1646.02,0.0,0.0
4500003935,10,,,531.08,531.08,0.0,0.0
4500003936,10,,,18053.1,9026.57,0.0,0.0
4500003938,10,,,4050.0,4050.0,0.0,0.0
4500003938,20,,,8500.0,8500.0,0.0,0.0
4500003939,10,,,438.05,438.05,0.0,0.0
4500003940,10,,,10221.24,0.0,0.0,0.0
4500003941,10,,,7884.96,7884.96,0.0,0.0
4500003941,20,,,12185.84,12185.84,0.0,0.0
4500003941,30,,,11725.66,11725.66,0.0,0.0
4500003941,40,,,7168.14,7168.14,0.0,0.0
4500003941,50,,,2150.44,2150.44,0.0,0.0
4500003942,10,,,265.49,265.49,0.0,0.0
4500003942,20,,,199.12,199.12,0.0,0.0
4500003942,30,,,7.08,7.08,0.0,0.0
4500003943,10,,,5597.34,5597.34,0.0,0.0
4500003943,20,,,4884.96,4884.96,0.0,0.0
4500003943,30,,,10787.61,10787.61,0.0,0.0
4500003943,40,,,3460.18,3460.18,0.0,0.0
4500003943,50,,,305.31,305.31,0.0,0.0
4500003943,60,,,3154.87,3154.87,0.0,0.0
4500003943,70,,,2747.79,2747.79,0.0,0.0
4500003944,10,,,14469.03,14469.03,0.0,0.0
4500003944,20,,,26194.69,26194.69,0.0,0.0
4500003944,30,,,125663.72,125663.7,0.0,0.0
4500003945,10,,,12389.38,12389.38,0.0,0.0
4500003946,10,,,6017.7,6017.7,0.0,0.0
4500003946,20,,,3610.63,3610.63,0.0,0.0
4500003947,10,,,10109.73,10109.73,0.0,0.0
4500003947,20,,,59734.51,59734.51,0.0,0.0
4500003947,30,,,2044.25,2044.25,0.0,0.0
4500003947,40,,,31283.19,31283.19,0.0,0.0
4500003947,50,,,38230.09,38230.09,0.0,0.0
4500003948,10,,,3035.4,4051.33,0.0,0.0
4500003948,20,,,1982.3,1982.3,0.0,0.0
4500003948,30,,,991.15,991.15,0.0,0.0
4500003948,40,,,2817.7,2817.7,0.0,0.0
4500003948,50,,,991.15,821.24,0.0,0.0
4500003949,10,,,12600.0,12600.0,0.0,0.0
4500003949,20,,,12420.0,12420.0,0.0,0.0
4500003950,10,,,21902.65,21902.65,0.0,0.0
4500003951,10,,,7507.96,7507.96,0.0,0.0
4500003952,10,,,5017.7,5017.7,0.0,0.0
4500003952,20,,,8960.18,8960.18,0.0,0.0
4500003952,30,,,15292.04,15292.04,0.0,0.0
4500003952,40,,,1553.1,1553.1,0.0,0.0
4500003953,10,,,28672.57,27433.63,0.0,0.0
4500003953,20,,,0.0,0.0,0.0,0.0
4500003953,30,,,66.37,66.37,0.0,0.0
4500003953,50,,,371.68,371.68,0.0,0.0
4500003953,60,,,7821.24,7386.73,0.0,0.0
4500003954,10,,,7646.02,7646.02,0.0,0.0
4500003954,20,,,35681.42,35681.42,0.0,0.0
4500003955,50,,,84955.75,84955.75,0.0,0.0
4500003955,80,,,4194.69,4194.69,0.0,0.0
4500003955,110,,,6292.04,6292.04,0.0,0.0
4500003956,10,,,2743.36,0.0,0.0,0.0
4500003957,10,5000008611,20230427,85.0,85.0,0.0,0.0
4500003958,10,5000010136,20230516,4470.0,4470.0,0.0,0.0
4500003958,20,5000010136,20230516,237.37,237.37,0.0,0.0
4500003959,10,5000008740,20230427,2750.0,2750.0,0.0,0.0
4500003959,20,5000008740,20230427,146.03,146.03,0.0,0.0
4500003960,10,5000009139,20230501,1200.0,1200.0,0.0,0.0
4500003960,20,5000009139,20230501,63.72,63.72,0.0,0.0
4500003961,10,5000009140,20230501,1450.0,1450.0,0.0,0.0
4500003961,20,5000009140,20230501,77.0,77.0,0.0,0.0
4500003962,10,5000008732,20230427,475.36,475.36,0.0,0.0
4500003962,20,5000008732,20230427,82.26,82.26,0.0,0.0
4500003962,30,5000008732,20230427,112.0,112.0,0.0,0.0
4500003962,40,5000008732,20230427,255.0,255.0,0.0,0.0
4500003962,50,5000008732,20230427,77.98,77.98,0.0,0.0
4500003962,60,5000008732,20230427,436.96,436.96,0.0,0.0
4500003962,70,5000008732,20230427,287.85,287.85,0.0,0.0
4500003962,80,5000008732,20230427,132.75,132.75,0.0,0.0
4500003962,90,5000008732,20230427,248.07,248.07,0.0,0.0
4500003963,10,5000008733,20230427,169.0,153.64,0.0,0.0
4500003963,20,5000008733,20230427,57.75,52.5,0.0,0.0
4500003964,10,,,0.0,0.0,0.0,0.0
4500003966,10,5000013802,20230619,40.0,40.0,0.0,0.0
4500003966,20,5000013802,20230619,21.5,21.5,0.0,0.0
4500003966,30,5000013802,20230619,188.0,188.0,0.0,0.0
4500003966,40,5000013802,20230619,210.6,210.6,0.0,0.0
4500003966,50,5000013802,20230619,501.68,501.68,0.0,0.0
4500003966,60,5000013802,20230619,391.47,391.45,0.0,0.0
4500003966,70,5000013802,20230619,95.95,95.95,0.0,0.0
4500003967,100,,,5267.26,5267.26,0.0,0.0
4500003968,10,5000008741,20230427,2750.0,2750.0,0.0,0.0
4500003968,20,5000008741,20230427,146.03,146.03,0.0,0.0
4500003968,30,5000008742,20230427,2750.0,2750.0,0.0,0.0
4500003968,40,5000008742,20230427,146.03,146.03,0.0,0.0
4500003969,10,,,322123.89,322123.9,0.0,0.0
4500003970,10,,,261.06,261.06,0.0,0.0
4500003971,10,5000009141,20230501,1450.0,1450.0,0.0,0.0
4500003971,20,5000009141,20230501,77.0,77.0,0.0,0.0
4500003972,10,,,1769.91,1769.9,0.0,0.0
4500003972,20,,,134513.27,134203.54,0.0,0.0
4500003973,10,,,884.96,884.96,0.0,0.0
4500003974,10,,,7964.6,7964.6,0.0,0.0
4500003974,20,,,13274.34,13274.34,0.0,0.0
4500003975,10,,,115044.25,115044.25,0.0,0.0
4500003976,10,5000008734,20230427,2185.0,2185.0,0.0,0.0
4500003977,10,,,2654.87,2654.87,0.0,0.0
4500003978,10,,,59982.83,59982.83,0.0,0.0
4500003978,20,,,2265.54,0.0,0.0,0.0
4500003978,30,,,407797.17,407797.15,0.0,0.0
4500003978,40,,,152995.22,152995.22,0.0,0.0
4500003979,10,,,39844.25,39844.25,0.0,0.0
4500003979,20,,,28460.17,28460.17,0.0,0.0
4500003980,10,,,9497.79,9497.79,0.0,0.0
4500003980,20,,,4748.89,4748.89,0.0,0.0
4500003980,30,,,24905.31,24905.31,0.0,0.0
4500003980,40,,,14246.68,14246.68,0.0,0.0
4500003981,10,,,23283.19,23283.19,0.0,0.0
4500003981,20,,,36040.71,36040.71,0.0,0.0
4500003981,30,,,31959.29,31959.29,0.0,0.0
4500003982,10,,,81345.13,81345.13,0.0,0.0
4500003982,20,,,15252.21,15252.21,0.0,0.0
4500003982,30,,,101681.42,101681.42,0.0,0.0
4500003982,40,,,15252.21,15252.21,0.0,0.0
4500003983,10,,,6070.8,6070.8,0.0,0.0
4500003984,10,,,25663.72,25663.72,0.0,0.0
4500003985,10,,,2123.89,2123.89,0.0,0.0
4500003986,10,,,30026.54,30026.54,0.0,0.0
4500003986,20,,,31699.12,31699.12,0.0,0.0
4500003987,10,,,34380.53,34380.53,0.0,0.0
4500003987,20,,,6106.19,6106.19,0.0,0.0
4500003988,10,,,14601.77,14601.77,0.0,0.0
4500003989,10,,,47139.82,47139.82,0.0,0.0
4500003990,10,,,976.99,976.99,0.0,0.0
4500003990,20,,,4424.78,4424.78,0.0,0.0
4500003990,30,,,2654.87,2654.87,0.0,0.0
4500003991,10,,,6194.69,6194.69,0.0,0.0
4500003991,20,,,35398.23,35398.23,0.0,0.0
4500003992,10,,,461.95,461.95,0.0,0.0
4500003992,20,,,1024.25,1024.25,0.0,0.0
4500003992,40,,,1667.26,1667.26,0.0,0.0
4500003992,80,,,1161.5,1161.5,0.0,0.0
4500003992,90,,,278.76,278.76,0.0,0.0
4500003992,120,,,78.32,78.32,0.0,0.0
4500003992,130,,,971.68,971.68,0.0,0.0
4500003992,160,,,90.8,90.8,0.0,0.0
4500003994,10,,,265.49,265.49,0.0,0.0
4500003995,10,,,119.47,119.47,0.0,0.0
4500003995,20,,,707.96,707.96,0.0,0.0
4500003995,30,,,265.49,265.49,0.0,0.0
4500003995,40,,,4336.28,4336.28,0.0,0.0
4500003995,50,,,867.26,867.26,0.0,0.0
4500003995,60,,,2212.39,2212.39,0.0,0.0
4500003995,70,,,1548.67,1548.67,0.0,0.0
4500003995,80,,,2300.88,2300.88,0.0,0.0
4500003995,90,,,575.22,575.22,0.0,0.0
4500003995,100,,,283.19,283.19,0.0,0.0
4500003995,110,,,353.98,353.98,0.0,0.0
4500003995,120,,,796.46,796.46,0.0,0.0
4500003995,130,,,1150.44,1150.44,0.0,0.0
4500003995,140,,,305.31,305.31,0.0,0.0
4500003995,150,,,1460.18,1460.18,0.0,0.0
4500003995,160,,,1725.66,1725.66,0.0,0.0
4500003995,170,,,7079.65,7079.65,0.0,0.0
4500003995,180,,,269.91,269.91,0.0,0.0
4500003995,190,,,1946.9,1946.9,0.0,0.0
4500003995,200,,,345.13,345.13,0.0,0.0
4500003995,210,,,530.97,530.97,0.0,0.0
4500003995,220,,,28.76,28.76,0.0,0.0
4500003995,230,,,44.25,44.25,0.0,0.0
4500003995,240,,,88.5,88.5,0.0,0.0
4500003995,250,,,44.25,44.25,0.0,0.0
4500003995,260,,,88.5,88.5,0.0,0.0
4500003995,270,,,86.73,86.73,0.0,0.0
4500003995,280,,,499.12,499.12,0.0,0.0
4500003995,290,,,2787.61,2787.61,0.0,0.0
4500003995,300,,,2699.12,2699.12,0.0,0.0
4500003995,310,,,16.81,16.81,0.0,0.0
4500003995,320,,,22.12,22.12,0.0,0.0
4500003995,330,,,2283.19,2283.19,0.0,0.0
4500003995,340,,,92.92,92.92,0.0,0.0
4500003995,350,,,538.41,538.41,0.0,0.0
4500003995,360,,,1548.67,1548.61,0.0,0.0
4500003995,370,,,1703.54,1703.54,0.0,0.0
4500003995,380,,,796.46,796.46,0.0,0.0
4500003995,390,,,315.04,315.04,0.0,0.0
4500003995,400,,,2017.7,2017.7,0.0,0.0
4500003995,410,,,1415.93,1415.93,0.0,0.0
4500003996,10,,,82.63,0.0,0.0,0.0
4500003997,10,,,77433.63,76106.19,0.0,0.0
4500003998,10,,,0.0,0.0,0.0,0.0
4500003999,10,,,178407.07,173451.5,0.0,0.0
4500003999,20,,,151680.53,151680.53,0.0,0.0
4500003999,30,,,7345.13,7345.13,0.0,0.0
4500004000,70,,,13619.47,13619.47,0.0,0.0
4500004001,10,,,158654.87,158654.86,0.0,0.0
4500004002,10,5000008599,20230426,202831.86,202831.86,0.0,0.0
4500004003,20,,,175141.59,175141.59,0.0,0.0
4500004004,10,,,135699.11,135699.11,0.0,0.0
4500004004,20,,,129023.01,129023.01,0.0,0.0
4500004005,10,5000008600,20230426,196637.17,157699.12,0.0,0.0
4500004006,10,,,139787.61,139787.62,0.0,0.0
4500004007,10,5000008601,20230426,319469.03,319469.03,0.0,0.0
4500004008,10,5000008602,20230426,202831.86,202831.86,0.0,0.0
4500004009,10,5000008603,20230426,319469.03,319469.03,0.0,0.0
4500004010,10,5000008604,20230426,202831.86,202831.86,0.0,0.0
4500004011,10,5000008605,20230426,202831.86,202831.86,0.0,0.0
4500004012,10,5000008606,20230426,202831.86,202831.86,0.0,0.0
4500004013,10,5000008607,20230426,196637.17,157699.12,0.0,0.0
4500004014,10,5000008608,20230426,196637.17,157699.12,0.0,0.0
4500004015,10,5000008609,20230426,202831.86,202831.86,0.0,0.0
4500004016,10,5000008610,20230426,196637.17,157699.12,0.0,0.0
4500004017,10,5000008796,20230428,284.22,284.22,0.0,0.0
4500004018,10,5000008795,20230428,270.0,270.0,0.0,0.0
4500004019,10,5000008794,20230428,320.0,320.0,0.0,0.0
4500004020,10,5000008793,20230428,1670.0,1670.0,0.0,0.0
4500004021,10,5000008792,20230428,195.0,195.0,0.0,0.0
4500004021,20,5000008792,20230428,217.8,217.8,0.0,0.0
4500004022,10,5000008791,20230428,376.9,376.9,0.0,0.0
4500004023,10,5000008790,20230428,100.0,100.0,0.0,0.0
4500004024,10,5000008789,20230428,310.5,0.0,0.0,0.0
4500004024,20,5000008789,20230428,182.0,0.0,0.0,0.0
4500004024,30,5000008789,20230428,550.7,0.0,0.0,0.0
4500004024,40,5000008789,20230428,335.0,0.0,0.0,0.0
4500004024,50,5000008789,20230428,335.0,0.0,0.0,0.0
4500004024,60,5000008789,20230428,106.9,0.0,0.0,0.0
4500004024,70,5000008789,20230428,25.44,0.0,0.0,0.0
4500004024,80,5000008789,20230428,496.0,0.0,0.0,0.0
4500004024,90,5000008789,20230428,150.0,0.0,0.0,0.0
4500004024,100,5000008789,20230428,496.0,0.0,0.0,0.0
4500004024,110,5000008789,20230428,195.4,0.0,0.0,0.0
4500004024,120,5000008789,20230428,400.0,0.0,0.0,0.0
4500004024,130,5000008789,20230428,35.24,0.0,0.0,0.0
4500004024,140,5000008789,20230428,502.5,0.0,0.0,0.0
4500004025,10,,,6460.18,6460.17,0.0,0.0
4500004026,10,,,663.72,663.72,0.0,0.0
4500004026,20,,,973.45,973.45,0.0,0.0
4500004027,10,,,3141.59,3141.59,0.0,0.0
4500004028,10,,,2846.02,2846.02,0.0,0.0
4500004029,10,,,307879.65,307879.64,0.0,0.0
4500004029,20,,,5940.46,5940.46,0.0,0.0
4500004030,10,,,70.8,0.0,0.0,0.0
4500004031,10,,,53734.51,53734.51,0.0,0.0
4500004032,10,5000008663,20230427,196637.17,157699.12,0.0,0.0
4500004033,10,5000008661,20230427,411715.04,411715.04,0.0,0.0
4500004034,10,5000008664,20230427,202831.86,202831.86,0.0,0.0
4500004035,10,5000008665,20230427,202831.86,202831.86,0.0,0.0
4500004036,10,5000008666,20230427,202831.86,202831.86,0.0,0.0
4500004037,10,5000008667,20230427,202831.86,202831.86,0.0,0.0
4500004038,10,5000008668,20230427,202831.86,202831.86,0.0,0.0
4500004039,10,5000008669,20230427,202831.86,202831.86,0.0,0.0
4500004040,10,5000008670,20230427,202831.86,202831.86,0.0,0.0
4500004041,10,,,1805.31,1805.25,0.0,0.0
4500004042,10,5000009142,20230501,1200.0,1200.0,0.0,0.0
4500004042,20,5000009142,20230501,63.72,63.72,0.0,0.0
4500004043,10,5000010138,20230516,4470.0,4470.0,0.0,0.0
4500004043,20,5000010138,20230516,237.37,237.37,0.0,0.0
4500004044,10,,,40789.38,40789.38,0.0,0.0
4500004044,20,,,40789.38,40789.38,0.0,0.0
4500004045,10,5000009206,20230503,196.0,196.0,0.0,0.0
4500004045,20,5000009206,20230503,150.0,150.0,0.0,0.0
4500004045,30,5000009206,20230503,19.2,19.2,0.0,0.0
4500004046,10,,,221.24,221.24,0.0,0.0
4500004047,10,5000012865,20230609,4470.0,4470.0,0.0,0.0
4500004047,20,5000012865,20230609,237.37,237.37,0.0,0.0
4500004048,10,5000009178,20230501,510.3,510.3,0.0,0.0
4500004048,20,5000009178,20230501,45.0,45.0,0.0,0.0
4500004049,10,5000009143,20230501,1200.0,1200.0,0.0,0.0
4500004049,20,5000009143,20230501,63.72,63.72,0.0,0.0
4500004050,10,5000009915,20230512,2206858.41,2169252.23,0.0,0.0
4500004051,10,5000019106,20230724,703.0,703.0,0.0,0.0
4500004051,20,5000019106,20230724,451.8,451.8,0.0,0.0
4500004051,30,5000019106,20230724,548.7,548.7,0.0,0.0
4500004051,40,5000019106,20230724,29.0,29.0,0.0,0.0
4500004052,10,5000009207,20230503,561.22,561.22,0.0,0.0
4500004053,10,,,36283.19,36283.19,0.0,0.0
4500004054,10,,,12610.62,12610.62,0.0,0.0
4500004054,20,,,10871.68,10871.68,0.0,0.0
4500004054,30,,,2230.09,2230.09,0.0,0.0
4500004055,10,5000008788,20230428,9889.0,9889.0,0.0,0.0
4500004055,20,5000008788,20230428,60.15,60.15,0.0,0.0
4500004056,10,,,2477.88,2477.88,0.0,0.0
4500004056,20,,,2477.88,2477.83,0.0,0.0
4500004056,30,,,5646.02,5646.02,0.0,0.0
4500004057,10,,,98761.06,98761.06,0.0,0.0
4500004057,20,,,27433.63,27433.63,0.0,0.0
4500004057,30,,,13189.38,13189.38,0.0,0.0
4500004058,10,,,597.35,597.35,0.0,0.0
4500004058,20,,,11469.03,11469.03,0.0,0.0
4500004059,10,,,42345.13,42345.13,0.0,0.0
4500004060,10,,,5017.7,5017.7,0.0,0.0
4500004060,20,,,16964.6,16964.6,0.0,0.0
4500004060,30,,,10898.23,10898.23,0.0,0.0
4500004060,40,,,6318.58,6318.58,0.0,0.0
4500004061,10,,,12168.14,12168.14,0.0,0.0
4500004062,10,,,61.95,61.95,0.0,0.0
4500004062,20,,,267.26,267.26,0.0,0.0
4500004063,10,,,1008.0,1008.0,0.0,0.0
4500004063,20,,,2640.0,2640.0,0.0,0.0
4500004063,30,,,1320.0,1320.0,0.0,0.0
4500004064,10,5000009783,20230510,9990.0,9990.0,0.0,0.0
4500004065,10,,,2654.87,2654.87,0.0,0.0
4500004065,20,,,5752.21,5752.21,0.0,0.0
4500004065,30,,,7433.63,7433.63,0.0,0.0
4500004066,10,,,61504.42,61504.42,0.0,0.0
4500004067,10,,,5752.21,5752.21,0.0,0.0
4500004067,20,,,4690.27,4690.27,0.0,0.0
4500004067,30,,,3938.05,3938.05,0.0,0.0
4500004067,40,,,840.71,840.71,0.0,0.0
4500004068,10,,,11150.44,11150.44,0.0,0.0
4500004069,10,5000009172,20230501,300.0,300.0,0.0,0.0
4500004070,10,5000009208,20230503,323.58,323.58,0.0,0.0
4500004071,10,,,0.0,0.0,0.0,0.0
4500004072,10,5000009164,20230501,300.0,300.0,0.0,0.0
4500004073,10,5000009163,20230501,560.0,560.0,0.0,0.0
4500004074,10,5000009160,20230501,66.3,66.38,0.0,0.0
4500004074,20,5000009160,20230501,29.35,29.35,0.0,0.0
4500004074,30,5000009160,20230501,29.35,29.35,0.0,0.0
4500004074,40,5000009160,20230501,208.25,208.25,0.0,0.0
4500004074,50,5000009160,20230501,27.0,27.0,0.0,0.0
4500004074,60,5000009160,20230501,30.0,30.0,0.0,0.0
4500004074,70,5000009160,20230501,30.5,30.5,0.0,0.0
4500004074,80,5000009160,20230501,190.08,190.08,0.0,0.0
4500004074,90,5000009160,20230501,25.0,25.0,0.0,0.0
4500004074,100,5000009160,20230501,147.0,147.0,0.0,0.0
4500004075,10,,,5840.71,5840.71,0.0,0.0
4500004076,10,,,2376.99,2376.99,0.0,0.0
4500004077,10,,,1769.91,1769.91,0.0,0.0
4500004078,10,,,888006.37,888006.35,0.0,0.0
4500004078,20,,,1028389.82,1028389.38,0.0,0.0
4500004078,40,,,1751760.0,1751760.14,0.0,0.0
4500004078,50,,,613116.0,613116.0,0.0,0.0
4500004078,60,,,42931.19,42931.19,0.0,0.0
4500004078,70,,,180311.02,180311.04,0.0,0.0
4500004079,10,5000008775,20230427,144247.79,144247.79,0.0,0.0
4500004080,10,5000008776,20230427,759389.35,714349.98,0.0,0.0
4500004081,10,5000008777,20230427,759389.35,711463.83,0.0,0.0
4500004082,10,5000016592,20230710,3200.0,3200.0,0.0,0.0
4500004082,20,5000016592,20230710,9000.0,9000.0,0.0,0.0
4500004083,10,5000009187,20230503,1100.0,1100.0,0.0,0.0
4500004083,20,5000009187,20230503,58.41,58.41,0.0,0.0
4500004084,10,5000008853,20230428,2293.2,2293.2,0.0,0.0
4500004084,20,5000008853,20230428,225.0,224.78,0.0,0.0
4500004084,30,5000008853,20230428,803.0,802.94,0.0,0.0
4500004084,40,5000008853,20230428,17714.16,17714.16,0.0,0.0
4500004084,50,5000008853,20230428,8857.08,8857.08,0.0,0.0
4500004084,60,5000008853,20230428,1755.8,1755.8,0.0,0.0
4500004085,10,5000008852,20230428,808.5,808.5,0.0,0.0
4500004085,20,5000008852,20230428,98.0,98.0,0.0,0.0
4500004085,30,5000008852,20230428,252.0,252.0,0.0,0.0
4500004085,40,5000008852,20230428,181.0,181.0,0.0,0.0
4500004085,50,5000008852,20230428,4832.6,4832.6,0.0,0.0
4500004086,10,,,1120.0,1120.0,0.0,0.0
4500004086,20,,,560.0,560.0,0.0,0.0
4500004086,30,,,200.0,200.0,0.0,0.0
4500004086,40,,,109.92,109.92,0.0,0.0
4500004086,50,,,150.0,150.0,0.0,0.0
4500004086,60,,,390.0,390.0,0.0,0.0
4500004087,10,5000009200,20230503,14048.8,14048.8,0.0,0.0
4500004087,20,5000009200,20230503,1584.0,1584.35,0.0,0.0
4500004087,30,5000009200,20230503,976.5,976.3,0.0,0.0
4500004087,40,5000009200,20230503,4100.0,4100.0,0.0,0.0
4500004087,50,5000009200,20230503,472.8,472.8,0.0,0.0
4500004087,60,5000009200,20230503,160.5,160.5,0.0,0.0
4500004088,10,5000008850,20230428,23738.8,23738.8,0.0,0.0
4500004088,20,5000008850,20230428,94.56,94.56,0.0,0.0
4500004089,10,5000008804,20230428,76460.18,76460.18,0.0,0.0
4500004089,20,5000008804,20230428,86400.0,76460.18,0.0,0.0
4500004089,30,5000008804,20230428,76460.18,76460.18,0.0,0.0
4500004090,10,5000008847,20230428,1968.24,1968.24,0.0,0.0
4500004091,10,5000019279,20230726,4470.0,4470.0,0.0,0.0
4500004091,20,5000019279,20230726,237.37,237.37,0.0,0.0
4500004092,30,,,20224.78,20224.78,0.0,0.0
4500004092,40,,,23221.24,23221.24,0.0,0.0
4500004093,10,,,60929.2,60929.2,0.0,0.0
4500004093,20,,,10869.77,10869.77,0.0,0.0
4500004094,10,,,204.42,204.42,0.0,0.0
4500004094,20,,,262.83,262.83,0.0,0.0
4500004094,30,,,146.02,146.02,0.0,0.0
4500004094,40,,,175.22,175.22,0.0,0.0
4500004095,10,,,2707.96,2707.96,0.0,0.0
4500004095,20,,,1592.92,1592.92,0.0,0.0
4500004096,10,,,8661.96,8661.96,0.0,0.0
4500004096,20,,,13079.1,13079.1,0.0,0.0
4500004096,40,,,5.73,5.73,0.0,0.0
4500004096,50,,,6785.39,6785.39,0.0,0.0
4500004096,100,,,23102.36,23102.36,0.0,0.0
4500004096,110,,,6049.64,6049.64,0.0,0.0
4500004096,140,,,18593.12,18593.12,0.0,0.0
4500004096,150,,,11987.74,11987.74,0.0,0.0
4500004096,170,,,12735.48,12735.48,0.0,0.0
4500004096,180,,,28417.4,28417.4,0.0,0.0
4500004097,10,,,4692.48,4692.48,0.0,0.0
4500004098,10,,,11261.95,11261.95,0.0,0.0
4500004099,190,,,12516.81,12516.81,0.0,0.0
4500004100,10,5000008844,20230428,191150.44,151665.49,0.0,0.0
4500004100,20,5000008844,20230428,120707.96,120707.96,0.0,0.0
4500004101,10,5000009188,20230503,1450.0,1450.0,0.0,0.0
4500004101,20,5000009188,20230503,77.0,77.0,0.0,0.0
4500004101,30,5000009188,20230503,1450.0,1450.0,0.0,0.0
4500004101,40,5000009188,20230503,77.0,77.0,0.0,0.0
4500004102,10,5000010297,20230517,4470.0,4470.0,0.0,0.0
4500004102,20,5000010297,20230517,237.37,237.37,0.0,0.0
4500004104,10,5000009190,20230503,1350.0,1350.0,0.0,0.0
4500004104,20,5000009190,20230503,71.69,71.69,0.0,0.0
4500004105,10,5000009191,20230503,1100.0,1100.0,0.0,0.0
4500004105,20,5000009191,20230503,58.41,58.41,0.0,0.0
4500004106,10,,,12.27,12.27,0.0,0.0
4500004106,20,,,7.61,7.61,0.0,0.0
4500004106,30,,,23.89,23.89,0.0,0.0
4500004107,10,5000009299,20230504,345.0,345.0,0.0,0.0
4500004107,20,5000009299,20230504,900.0,900.0,0.0,0.0
4500004108,10,,,21225.66,21225.66,0.0,0.0
4500004109,10,5000009300,20230504,804.0,804.0,0.0,0.0
4500004109,20,5000009300,20230504,534.0,534.0,0.0,0.0
4500004109,30,5000009300,20230504,384.0,384.0,0.0,0.0
4500004109,40,5000009300,20230504,297.0,297.15,0.0,0.0
4500004109,50,5000009300,20230504,299.22,299.23,0.0,0.0
4500004109,60,5000009300,20230504,146.0,145.46,0.0,0.0
4500004109,70,5000009300,20230504,32.4,32.4,0.0,0.0
4500004109,80,5000009300,20230504,132.0,131.95,0.0,0.0
4500004109,90,5000009300,20230504,248.0,247.8,0.0,0.0
4500004110,10,,,7433.63,7433.63,0.0,0.0
4500004111,10,5000016022,20230705,1702.8,1704.42,0.0,0.0
4500004112,10,,,0.0,0.0,0.0,0.0
4500004113,10,5000009195,20230503,85.0,85.0,0.0,0.0
4500004113,20,5000009195,20230503,85.0,85.0,0.0,0.0
4500004114,10,,,0.0,0.0,0.0,0.0
4500004115,10,,,0.0,0.0,0.0,0.0
4500004116,10,5000009204,20230503,356.13,356.13,0.0,0.0
4500004117,10,5000009205,20230503,356.13,356.13,0.0,0.0
4500004118,10,5000008899,20230428,161766.27,161766.27,0.0,0.0
4500004119,10,5000009162,20230501,9000.0,9000.0,0.0,0.0
4500004120,10,5000008918,20230428,463583.6,409366.01,0.0,0.0
4500004121,10,5000008920,20230428,410250.97,410681.33,0.0,0.0
4500004122,10,5000008921,20230428,410250.97,408235.72,0.0,0.0
4500004123,10,5000008922,20230428,410250.97,409375.11,0.0,0.0
4500004124,10,,,0.0,0.0,0.0,0.0
4500004124,20,,,8761.06,8761.06,0.0,0.0
4500004125,10,5000008924,20230428,410250.97,407925.36,0.0,0.0
4500004126,10,5000008930,20230428,233088.5,233088.5,0.0,0.0
4500004127,10,5000008929,20230428,161766.27,161766.27,0.0,0.0
4500004128,10,5000008941,20230428,49879.25,52718.39,0.0,0.0
4500004129,10,5000008942,20230428,52340.6,52340.6,0.0,0.0
4500004130,10,5000008943,20230428,49010.44,59866.47,0.0,0.0
4500004131,10,5000008944,20230428,59361.02,59361.02,0.0,0.0
4500004132,10,5000008945,20230428,56014.43,56014.43,0.0,0.0
4500004133,10,,,23998.27,23998.27,0.0,0.0
4500004133,20,,,32452.57,32452.57,0.0,0.0
4500004133,30,,,59723.68,59723.68,0.0,0.0
4500004133,40,,,113743.1,113743.1,0.0,0.0
4500004133,50,,,128855.75,128855.75,0.0,0.0
4500004133,60,,,122606.11,122606.11,0.0,0.0
4500004133,70,,,24325.49,24325.49,0.0,0.0
4500004133,80,,,15089.98,15089.98,0.0,0.0
4500004133,90,,,10135.62,10135.62,0.0,0.0
4500004133,100,,,4849.52,4849.52,0.0,0.0
4500004133,110,,,129450.09,129450.09,0.0,0.0
4500004133,120,,,239863.36,239863.36,0.0,0.0
4500004134,10,,,8203.84,0.0,0.0,0.0
4500004135,10,5000008973,20230428,58341.58,58341.58,0.0,0.0
4500004136,10,5000008948,20230428,52317.92,52317.92,0.0,0.0
4500004137,10,5000008947,20230428,47668.95,47668.95,0.0,0.0
4500004138,10,5000008950,20230428,49924.67,49924.67,0.0,0.0
4500004139,10,5000008937,20230428,161837.07,161837.07,0.0,0.0
4500004140,10,5000008953,20230428,56339.21,56339.21,0.0,0.0
4500004141,10,5000008951,20230428,47850.9,47850.9,0.0,0.0
4500004142,10,,,20353.98,20353.98,0.0,0.0
4500004142,20,,,17699.12,17699.12,0.0,0.0
4500004142,30,,,18805.31,19911.5,0.0,0.0
4500004142,40,,,4601.77,4601.77,0.0,0.0
4500004143,10,5000008952,20230428,44992.73,44992.73,0.0,0.0
4500004144,10,,,32256.64,32256.64,0.0,0.0
4500004144,20,,,10752.21,10752.21,0.0,0.0
4500004145,10,,,141.59,141.59,0.0,0.0
4500004146,10,,,21592.92,21592.92,0.0,0.0
4500004146,20,,,21592.92,21592.92,0.0,0.0
4500004146,30,,,10796.46,10796.46,0.0,0.0
4500004147,10,5000008954,20230428,66545.42,66545.42,0.0,0.0
4500004148,30,,,11918.94,11918.93,0.0,0.0
4500004149,10,,,48672.57,48672.57,0.0,0.0
4500004150,10,5000008957,20230428,161837.06,161837.06,0.0,0.0
4500004151,10,,,6286.66,0.0,0.0,0.0
4500004151,20,,,71011.68,0.0,0.0,0.0
4500004151,30,,,13714.55,0.0,0.0,0.0
4500004152,10,,,1440.0,1440.0,0.0,0.0
4500004152,20,,,960.0,960.0,0.0,0.0
4500004153,10,,,28.32,28.32,0.0,0.0
4500004154,10,,,561.6,558.6,0.0,0.0
4500004154,20,,,2583.36,2557.31,0.0,0.0
4500004155,10,5000009119,20230430,233088.5,233088.5,0.0,0.0
4500004156,10,5000009136,20230430,52610.45,52610.45,0.0,0.0
4500004157,10,5000009137,20230430,58521.05,58521.05,0.0,0.0
4500004158,10,5000009199,20230503,17764.0,17763.24,0.0,0.0
4500004158,20,5000009199,20230503,302.24,302.35,0.0,0.0
4500004159,10,5000009192,20230503,1100.0,1100.0,0.0,0.0
4500004159,20,5000009192,20230503,58.41,58.41,0.0,0.0
4500004159,30,5000009192,20230503,1100.0,1100.0,0.0,0.0
4500004159,40,5000009192,20230503,58.41,58.41,0.0,0.0
4500004160,10,5000010133,20230516,4470.0,4470.0,0.0,0.0
4500004160,20,5000010133,20230516,237.37,237.37,0.0,0.0
4500004162,10,5000016216,20230707,520.0,520.0,0.0,0.0
4500004162,20,,,130.0,156.0,0.0,0.0
4500004162,30,5000016216,20230707,132.0,132.0,0.0,0.0
4500004162,40,5000016216,20230707,990.0,990.0,0.0,0.0
4500004162,50,5000016216,20230707,5400.0,5400.0,0.0,0.0
4500004162,60,5000016216,20230707,625.0,625.0,0.0,0.0
4500004162,70,5000016216,20230707,300.0,300.0,0.0,0.0
4500004162,80,5000016216,20230707,520.0,520.0,0.0,0.0
4500004162,90,5000016216,20230707,87.6,87.6,0.0,0.0
4500004162,100,5000016216,20230707,40.0,40.0,0.0,0.0
4500004163,10,5000015408,20230630,1945.2,1945.2,0.0,0.0
4500004164,10,5000012091,20230602,1159.05,1159.05,0.0,0.0
4500004164,20,5000012091,20230602,4464.0,4464.0,0.0,0.0
4500004164,30,5000012091,20230602,6500.0,6500.0,0.0,0.0
4500004164,40,5000012091,20230602,287.5,287.5,0.0,0.0
4500004164,50,5000012091,20230602,718.75,718.75,0.0,0.0
4500004164,60,5000012091,20230602,225.4,225.4,0.0,0.0
4500004164,70,5000013924,20230619,19840.5,19840.5,0.0,0.0
4500004164,80,5000012091,20230602,3138.0,3138.0,0.0,0.0
4500004164,90,5000012091,20230602,3246.0,3246.0,0.0,0.0
4500004164,100,5000012091,20230602,2142.0,2142.0,0.0,0.0
4500004164,110,5000012091,20230602,902.0,902.0,0.0,0.0
4500004165,10,5000015858,20230704,44280.0,44280.0,0.0,0.0
4500004165,20,5000015858,20230704,40.0,40.0,0.0,0.0
4500004166,10,5000016851,20230712,2468.64,2468.64,0.0,0.0
4500004166,20,5000016852,20230712,8446.0,8446.0,0.0,0.0
4500004166,30,5000016851,20230712,360.0,360.0,0.0,0.0
4500004167,10,5000009408,20230505,2750.0,2750.0,0.0,0.0
4500004167,20,5000009408,20230505,146.03,146.03,0.0,0.0
4500004167,30,5000009408,20230505,2750.0,2750.0,0.0,0.0
4500004167,40,5000009408,20230505,146.03,146.03,0.0,0.0
4500004169,10,5000010431,20230519,750.0,750.0,0.0,0.0
4500004169,20,5000010433,20230519,3060.0,3060.0,0.0,0.0
4500004169,30,5000010431,20230519,153.0,153.0,0.0,0.0
4500004169,40,5000010433,20230519,12780.0,12780.0,0.0,0.0
4500004169,50,5000010431,20230519,1500.0,1500.0,0.0,0.0
4500004169,60,5000010431,20230519,1500.0,1500.0,0.0,0.0
4500004169,70,5000010431,20230519,1500.0,1500.0,0.0,0.0
4500004169,80,5000010431,20230519,825.0,825.0,0.0,0.0
4500004169,90,5000010433,20230519,250.0,250.0,0.0,0.0
4500004170,10,5000023726,20230825,160.0,159.09,0.0,0.0
4500004170,20,5000023726,20230825,1250.0,1250.0,0.0,0.0
4500004170,30,5000023726,20230825,795.0,722.73,0.0,0.0
4500004171,10,5000012317,20230605,1341.06,1341.06,0.0,0.0
4500004172,10,5000009189,20230503,1200.0,1200.0,0.0,0.0
4500004172,20,5000009189,20230503,63.72,63.72,0.0,0.0
4500004173,10,5000009198,20230503,330.75,330.75,0.0,0.0
4500004174,10,5000009197,20230503,441.0,441.0,0.0,0.0
4500004175,10,5000009201,20230503,590.0,590.4,0.0,0.0
4500004175,20,5000009201,20230503,426.4,426.4,0.0,0.0
4500004175,30,5000009201,20230503,5099.4,5099.4,0.0,0.0
4500004175,40,5000009201,20230503,2036.7,2036.7,0.0,0.0
4500004175,50,5000009201,20230503,549.8,549.86,0.0,0.0
4500004176,10,5000018171,20230719,2580.0,2580.0,0.0,0.0
4500004176,20,5000018171,20230719,129.0,150.36,0.0,0.0
4500004176,30,5000018171,20230719,2580.0,2580.0,0.0,0.0
4500004176,40,5000018171,20230719,516.0,516.0,0.0,0.0
4500004176,50,5000018171,20230719,1659.75,1742.7,0.0,0.0
4500004176,60,5000018171,20230719,1241.36,960.0,0.0,0.0
4500004176,70,5000018171,20230719,1205.26,990.0,0.0,0.0
4500004176,80,5000018171,20230719,9022.16,7210.0,0.0,0.0
4500004176,90,5000018171,20230719,3332.35,2650.0,0.0,0.0
4500004176,100,5000018171,20230719,11130.62,8947.0,0.0,0.0
4500004176,110,5000018171,20230719,1117.8,1167.79,0.0,0.0
4500004176,120,5000023389,20230824,1102.0,1120.95,0.0,0.0
4500004176,130,5000018171,20230719,5565.0,5842.9,0.0,0.0
4500004176,140,5000018171,20230719,159.0,166.94,0.0,0.0
4500004176,150,5000018171,20230719,1800.0,2100.0,0.0,0.0
4500004176,160,5000018171,20230719,141.7,175.0,0.0,0.0
4500004176,170,5000018171,20230719,11938.0,11938.0,0.0,0.0
4500004176,180,5000018174,20230719,1404.16,1484.04,0.0,0.0
4500004176,190,5000018171,20230719,2768.32,3163.64,0.0,0.0
4500004176,200,5000018174,20230719,339.36,333.53,0.0,0.0
4500004176,210,5000018166,20230719,20625.0,20625.0,0.0,0.0
4500004176,220,5000018175,20230719,732.0,731.0,0.0,0.0
4500004176,230,5000018171,20230719,73.2,73.1,0.0,0.0
4500004176,240,5000018171,20230719,139.0,139.0,0.0,0.0
4500004176,250,5000018171,20230719,1757.5,1702.0,0.0,0.0
4500004176,260,5000018166,20230719,13149.6,15300.0,0.0,0.0
4500004176,270,5000018173,20230719,20880.0,21500.0,0.0,0.0
4500004177,10,5000012090,20230602,21161.0,21440.38,0.0,0.0
4500004177,20,5000012090,20230602,305.77,305.77,0.0,0.0
4500004179,10,5000009411,20230505,2750.0,2750.0,0.0,0.0
4500004179,20,5000009411,20230505,146.03,146.03,0.0,0.0
4500004179,30,5000009411,20230505,2750.0,2750.0,0.0,0.0
4500004179,40,5000009411,20230505,146.03,146.03,0.0,0.0
4500004179,50,5000009411,20230505,2750.0,2750.0,0.0,0.0
4500004179,60,5000009411,20230505,146.03,146.03,0.0,0.0
4500004179,70,5000009411,20230505,2750.0,2750.0,0.0,0.0
4500004179,80,5000009411,20230505,146.03,146.03,0.0,0.0
4500004179,90,5000009411,20230505,2750.0,2750.0,0.0,0.0
4500004179,100,5000009411,20230505,146.03,146.03,0.0,0.0
4500004179,110,5000009411,20230505,2750.0,2750.0,0.0,0.0
4500004179,120,5000009411,20230505,146.03,146.03,0.0,0.0
4500004179,130,5000009411,20230505,2750.0,2750.0,0.0,0.0
4500004179,140,5000009411,20230505,146.03,146.03,0.0,0.0
4500004179,150,5000009411,20230505,2750.0,2750.0,0.0,0.0
4500004179,160,5000009411,20230505,146.03,146.03,0.0,0.0
4500004179,170,5000009411,20230505,2750.0,2750.0,0.0,0.0
4500004179,180,5000009411,20230505,146.03,146.03,0.0,0.0
4500004179,190,5000009411,20230505,2750.0,2750.0,0.0,0.0
4500004179,200,5000009411,20230505,146.03,146.03,0.0,0.0
4500004181,10,5000012088,20230602,22258.08,22258.08,0.0,0.0
4500004181,20,5000012088,20230602,1.8,0.0,0.0,0.0
4500004181,30,5000012492,20230606,500.0,500.0,0.0,0.0
4500004181,40,5000012492,20230606,250.0,250.0,0.0,0.0
4500004181,50,5000012492,20230606,550.0,566.5,0.0,0.0
4500004181,60,5000012492,20230606,550.0,540.75,0.0,0.0
4500004181,70,5000012493,20230606,1000.0,1000.0,0.0,0.0
4500004181,80,5000012492,20230606,22919.4,22920.0,0.0,0.0
4500004181,90,5000012089,20230602,33202.0,33207.2,0.0,0.0
4500004181,100,5000012492,20230606,52598.0,43264.0,0.0,0.0
4500004181,110,5000012492,20230606,9356.0,7832.0,0.0,0.0
4500004181,120,5000012492,20230606,6656.0,6656.0,0.0,0.0
4500004181,130,5000012493,20230606,7832.0,7832.0,0.0,0.0
4500004181,140,5000029288,20231011,18553.6,18553.6,0.0,0.0
4500004182,10,5000012087,20230602,736.0,736.0,0.0,0.0
4500004182,20,5000012087,20230602,355.2,355.2,0.0,0.0
4500004182,30,5000012087,20230602,1035.2,1035.2,0.0,0.0
4500004182,40,5000012087,20230602,29.0,29.0,0.0,0.0
4500004183,10,5000010887,20230524,23376.6,23376.6,0.0,0.0
4500004183,20,5000012566,20230607,4662.0,4662.0,0.0,0.0
4500004183,30,5000012566,20230607,2003.4,2003.4,0.0,0.0
4500004183,40,5000012566,20230607,4646.7,4646.7,0.0,0.0
4500004184,10,5000020106,20230731,51109.31,51359.87,0.0,0.0
4500004184,20,5000020106,20230731,3242.0,3242.0,0.0,0.0
4500004184,30,5000020106,20230731,25936.0,25936.0,0.0,0.0
4500004186,10,5000016299,20230707,925.0,925.0,0.0,0.0
4500004187,10,5000015195,20230629,9666.25,9666.25,0.0,0.0
4500004188,10,5000012077,20230602,26838.0,26836.69,0.0,0.0
4500004188,20,5000012077,20230602,18839.04,18838.82,0.0,0.0
4500004188,30,5000016230,20230707,2436.0,2153.87,0.0,0.0
4500004188,40,5000012077,20230602,1810.2,1809.25,0.0,0.0
4500004188,60,5000012077,20230602,568.92,568.62,0.0,0.0
4500004189,10,5000015705,20230703,3339.64,3339.64,0.0,0.0
4500004189,20,5000015705,20230703,3176.25,3176.25,0.0,0.0
4500004189,30,5000015705,20230703,3176.25,3176.25,0.0,0.0
4500004190,10,5000012926,20230609,155.4,99.0,0.0,0.0
4500004190,20,5000012926,20230609,155.4,99.0,0.0,0.0
4500004190,30,5000012926,20230609,23.0,25.0,0.0,0.0
4500004191,10,5000012086,20230602,6300.0,6300.0,0.0,0.0
4500004191,20,5000012086,20230602,520.0,520.0,0.0,0.0
4500004191,30,5000012086,20230602,50.0,50.0,0.0,0.0
4500004192,10,5000015404,20230630,475.0,475.0,0.0,0.0
4500004192,20,5000015404,20230630,675.0,675.0,0.0,0.0
4500004192,30,5000015404,20230630,170.5,170.5,0.0,0.0
4500004192,40,5000015404,20230630,39.5,39.5,0.0,0.0
4500004193,10,5000011105,20230526,29160.0,29160.0,0.0,0.0
4500004193,20,5000011105,20230526,300.0,300.0,0.0,0.0
4500004194,10,5000010469,20230519,1890.0,1890.0,0.0,0.0
4500004194,20,5000011450,20230529,6600.0,6600.0,0.0,0.0
4500004195,10,5000015202,20230629,4245.0,4245.0,0.0,0.0
4500004196,10,5000015409,20230630,702.9,702.9,0.0,0.0
4500004196,20,5000015409,20230630,370.5,370.5,0.0,0.0
4500004196,30,5000015409,20230630,392.1,392.1,0.0,0.0
4500004196,40,5000015409,20230630,60.0,60.0,0.0,0.0
4500004197,10,5000020672,20230803,5851.25,5851.25,0.0,0.0
4500004198,10,5000013596,20230616,2156.82,2156.82,0.0,0.0
4500004199,10,5000016284,20230707,2156.82,2156.82,0.0,0.0
4500004200,10,5000016285,20230707,2156.82,2156.82,0.0,0.0
4500004201,10,5000013587,20230616,2156.82,2156.82,0.0,0.0
4500004202,10,5000016286,20230707,3929.55,3929.55,0.0,0.0
4500004203,10,5000013597,20230616,3929.55,3929.55,0.0,0.0
4500004204,10,5000013588,20230616,3929.55,3929.55,0.0,0.0
4500004205,10,5000013592,20230616,3929.55,3929.55,0.0,0.0
4500004206,10,5000013591,20230616,3929.55,3929.55,0.0,0.0
4500004207,10,5000013590,20230616,3929.55,3929.55,0.0,0.0
4500004208,10,5000013589,20230616,3929.55,3929.55,0.0,0.0
4500004209,10,5000020105,20230728,3884.64,3733.8,0.0,0.0
4500004210,10,5000009762,20230510,1350.0,1350.0,0.0,0.0
4500004210,20,5000009762,20230510,71.69,71.69,0.0,0.0
4500004211,10,5000009286,20230504,85.0,85.0,0.0,0.0
4500004211,20,5000009286,20230504,100.0,100.0,0.0,0.0
4500004211,30,5000009286,20230504,85.0,85.0,0.0,0.0
4500004212,10,5000009761,20230510,1350.0,1350.0,0.0,0.0
4500004212,20,5000009761,20230510,71.69,71.69,0.0,0.0
4500004213,10,5000010143,20230516,3900.0,3900.0,0.0,0.0
4500004213,20,5000010143,20230516,207.1,207.1,0.0,0.0
4500004213,30,5000011619,20230530,3900.0,3900.0,0.0,0.0
4500004213,40,5000011619,20230530,207.1,207.1,0.0,0.0
4500004214,10,5000011555,20230530,2125.0,2125.0,0.0,0.0
4500004214,20,5000011555,20230530,112.84,112.84,0.0,0.0
4500004216,10,5000009756,20230510,1450.0,1450.0,0.0,0.0
4500004216,20,5000009756,20230510,77.0,77.0,0.0,0.0
4500004216,30,5000009756,20230510,1450.0,1450.0,0.0,0.0
4500004216,40,5000009756,20230510,77.0,77.0,0.0,0.0
4500004217,10,5000009237,20230504,83.84,83.84,0.0,0.0
4500004218,10,5000009760,20230510,1100.0,1100.0,0.0,0.0
4500004218,20,5000009760,20230510,58.41,58.41,0.0,0.0
4500004219,10,5000009236,20230504,140.28,140.28,0.0,0.0
4500004219,20,5000009236,20230504,335.28,335.28,0.0,0.0
4500004219,30,5000009236,20230504,41.0,41.0,0.0,0.0
4500004219,40,5000009236,20230504,25.3,25.3,0.0,0.0
4500004220,10,5000009235,20230504,880.0,880.0,0.0,0.0
4500004221,10,5000010972,20230525,2750.0,2750.0,0.0,0.0
4500004221,20,5000010972,20230525,146.03,146.03,0.0,0.0
4500004222,10,,,0.0,0.0,0.0,0.0
4500004222,20,,,0.0,0.0,0.0,0.0
4500004222,30,,,0.0,0.0,0.0,0.0
4500004222,40,,,0.0,0.0,0.0,0.0
4500004222,50,,,0.0,0.0,0.0,0.0
4500004223,10,5000009233,20230504,798.0,798.0,0.0,0.0
4500004224,10,5000009232,20230504,982.0,982.0,0.0,0.0
4500004225,10,5000009231,20230504,798.0,798.0,0.0,0.0
4500004226,10,5000009230,20230504,2177.0,2177.0,0.0,0.0
4500004227,10,5000009229,20230504,1015.0,1015.0,0.0,0.0
4500004228,10,5000009228,20230504,2081.0,2081.0,0.0,0.0
4500004229,10,5000009227,20230504,2185.0,2185.0,0.0,0.0
4500004230,10,5000012103,20230602,1621.0,1621.0,0.0,0.0
4500004231,10,5000009226,20230504,1152.0,1152.0,0.0,0.0
4500004232,10,5000009225,20230504,902.0,902.0,0.0,0.0
4500004233,10,5000010438,20230519,3929.55,3929.55,0.0,0.0
4500004234,10,5000009224,20230504,798.0,798.0,0.0,0.0
4500004235,10,5000009223,20230504,2185.0,2185.0,0.0,0.0
4500004236,10,5000009222,20230504,2154.0,2154.0,0.0,0.0
4500004237,10,5000009221,20230504,902.0,902.0,0.0,0.0
4500004238,10,5000009220,20230504,798.0,798.0,0.0,0.0
4500004240,10,5000009219,20230504,798.0,798.0,0.0,0.0
4500004241,10,5000016689,20230701,40.3,19.6,0.0,0.0
4500004241,20,5000016689,20230701,66.43,54.17,0.0,0.0
4500004241,30,,,0.0,0.0,0.0,0.0
4500004241,40,,,0.0,0.0,0.0,0.0
4500004241,50,,,0.0,0.0,0.0,0.0
4500004241,60,5000016689,20230701,1528.8,1290.0,0.0,0.0
4500004241,70,5000016689,20230701,655.24,479.44,0.0,0.0
4500004241,80,5000016689,20230701,1724.8,1126.62,0.0,0.0
4500004241,90,5000016689,20230701,14048.8,11854.8,0.0,0.0
4500004241,100,5000016689,20230701,5520.32,4658.24,0.0,0.0
4500004241,110,,,0.0,0.0,0.0,0.0
4500004241,120,,,0.0,0.0,0.0,0.0
4500004241,130,,,0.0,0.0,0.0,0.0
4500004241,140,,,0.0,0.0,0.0,0.0
4500004241,150,,,0.0,0.0,0.0,0.0
4500004241,160,,,0.0,0.0,0.0,0.0
4500004241,170,5000016689,20230701,65.52,66.68,0.0,0.0
4500004241,180,,,0.0,0.0,0.0,0.0
4500004241,190,5000016689,20230701,393.12,400.08,0.0,0.0
4500004241,200,5000016689,20230701,9.8,8.2,0.0,0.0
4500004241,210,5000016689,20230701,12.6,13.3,0.0,0.0
4500004241,220,5000016689,20230701,778.77,143.61,0.0,0.0
4500004241,230,5000016689,20230701,298.83,47.87,0.0,0.0
4500004241,240,,,0.0,0.0,0.0,0.0
4500004241,250,,,0.0,0.0,0.0,0.0
4500004241,260,,,0.0,0.0,0.0,0.0
4500004241,270,,,0.0,0.0,0.0,0.0
4500004241,280,5000016689,20230701,319.55,316.0,0.0,0.0
4500004241,290,,,0.0,0.0,0.0,0.0
4500004241,300,,,0.0,0.0,0.0,0.0
4500004241,310,,,0.0,0.0,0.0,0.0
4500004241,320,,,0.0,0.0,0.0,0.0
4500004241,330,,,0.0,0.0,0.0,0.0
4500004241,340,5000016689,20230701,4.72,4.8,0.0,0.0
4500004241,350,,,0.0,0.0,0.0,0.0
4500004241,360,5000016689,20230701,97.44,85.4,0.0,0.0
4500004241,370,5000016689,20230701,326.0,61.0,0.0,0.0
4500004241,380,5000016689,20230701,326.0,61.0,0.0,0.0
4500004241,390,,,0.0,0.0,0.0,0.0
4500004241,400,,,0.0,0.0,0.0,0.0
4500004241,410,,,0.0,0.0,0.0,0.0
4500004241,420,5000016689,20230701,1410.5,686.0,0.0,0.0
4500004241,430,,,0.0,0.0,0.0,0.0
4500004241,440,5000016689,20230701,153.74,142.52,0.0,0.0
4500004241,450,,,0.0,0.0,0.0,0.0
4500004241,460,5000016689,20230701,316.8,278.08,0.0,0.0
4500004241,470,5000016689,20230701,24.84,25.28,0.0,0.0
4500004241,480,,,0.0,0.0,0.0,0.0
4500004241,490,,,0.0,0.0,0.0,0.0
4500004241,500,,,0.0,0.0,0.0,0.0
4500004241,510,,,0.0,0.0,0.0,0.0
4500004241,520,,,0.0,0.0,0.0,0.0
4500004241,530,,,0.0,0.0,0.0,0.0
4500004241,540,5000016689,20230701,6769.92,9317.24,0.0,0.0
4500004241,550,,,0.0,0.0,0.0,0.0
4500004241,560,,,0.0,0.0,0.0,0.0
4500004241,570,,,0.0,0.0,0.0,0.0
4500004241,580,,,0.0,0.0,0.0,0.0
4500004241,590,,,0.0,0.0,0.0,0.0
4500004241,600,5000016689,20230701,4154.29,3505.46,0.0,0.0
4500004241,610,,,0.0,0.0,0.0,0.0
4500004241,620,5000016689,20230701,951.82,1001.56,0.0,0.0
4500004241,630,5000016689,20230701,4.0,4.14,0.0,0.0
4500004241,640,,,0.0,0.0,0.0,0.0
4500004241,650,,,0.0,0.0,0.0,0.0
4500004241,660,5000016689,20230701,28.26,28.74,0.0,0.0
4500004241,670,,,0.0,0.0,0.0,0.0
4500004241,680,,,0.0,0.0,0.0,0.0
4500004241,690,5000016689,20230701,5.51,16.35,0.0,0.0
4500004241,700,,,0.0,0.0,0.0,0.0
4500004241,710,,,0.0,0.0,0.0,0.0
4500004241,720,5000016689,20230701,6703.45,2661.13,0.0,0.0
4500004241,730,,,0.0,0.0,0.0,0.0
4500004241,740,,,0.0,0.0,0.0,0.0
4500004241,750,5000016689,20230701,136.06,235.24,0.0,0.0
4500004241,760,5000016689,20230701,35.0,53.0,0.0,0.0
4500004241,770,,,0.0,0.0,0.0,0.0
4500004241,780,5000016689,20230701,0.84,1.4,0.0,0.0
4500004241,790,5000016689,20230701,1.6,2.8,0.0,0.0
4500004241,800,,,0.0,0.0,0.0,0.0
4500004241,810,,,0.0,0.0,0.0,0.0
4500004241,820,,,0.0,0.0,0.0,0.0
4500004241,830,,,0.0,0.0,0.0,0.0
4500004241,840,,,0.0,0.0,0.0,0.0
4500004241,850,,,0.0,0.0,0.0,0.0
4500004241,860,,,0.0,0.0,0.0,0.0
4500004241,870,,,0.0,0.0,0.0,0.0
4500004241,880,,,0.0,0.0,0.0,0.0
4500004241,890,,,0.0,0.0,0.0,0.0
4500004241,900,,,0.0,0.0,0.0,0.0
4500004242,10,5000009759,20230510,1200.0,1200.0,0.0,0.0
4500004242,20,5000009759,20230510,63.72,63.72,0.0,0.0
4500004243,10,5000009357,20230505,2081.0,2081.0,0.0,0.0
4500004244,10,5000009356,20230505,1206.0,1206.0,0.0,0.0
4500004245,10,5000009757,20230510,1100.0,1100.0,0.0,0.0
4500004245,20,5000009757,20230510,58.41,58.41,0.0,0.0
4500004246,10,5000009758,20230510,1350.0,1350.0,0.0,0.0
4500004246,20,5000009758,20230510,71.69,71.69,0.0,0.0
4500004247,10,5000010971,20230525,2750.0,2750.0,0.0,0.0
4500004247,20,5000010971,20230525,146.03,146.03,0.0,0.0
4500004248,10,,,30265.49,30265.49,0.0,0.0
4500004248,20,,,52530.97,52530.97,0.0,0.0
4500004248,30,,,19823.01,19823.01,0.0,0.0
4500004248,40,,,22831.86,22831.85,0.0,0.0
4500004248,50,,,9292.04,9292.04,0.0,0.0
4500004249,10,,,4247.79,4247.79,0.0,0.0
4500004250,20,,,2424.78,2424.78,0.0,0.0
4500004250,30,,,1247.79,1247.79,0.0,0.0
4500004250,40,,,1380.53,1380.53,0.0,0.0
4500004251,10,,,10115.04,10115.48,0.0,0.0
4500004252,10,,,1380.53,1380.53,0.0,0.0
4500004252,20,,,1380.53,1380.53,0.0,0.0
4500004252,30,,,2424.78,2424.78,0.0,0.0
4500004253,10,,,398.23,398.23,0.0,0.0
4500004254,10,,,796.46,796.46,0.0,0.0
4500004255,10,5000009292,20230504,469.45,469.45,0.0,0.0
4500004255,20,5000009292,20230504,802.25,802.25,0.0,0.0
4500004255,30,5000009292,20230504,80.0,80.0,0.0,0.0
4500004256,10,5000009595,20230508,1530.0,1530.0,0.0,0.0
4500004257,10,5000009596,20230508,2095.0,2095.0,0.0,0.0
4500004258,20,,,3716.81,3716.81,0.0,0.0
4500004258,30,,,4247.79,4247.79,0.0,0.0
4500004258,40,,,19115.04,19115.04,0.0,0.0
4500004259,10,5000009593,20230508,337.75,337.75,0.0,0.0
4500004260,10,,,172.57,172.57,0.0,0.0
4500004260,20,,,7035.4,7035.4,0.0,0.0
4500004260,30,,,11946.9,11946.9,0.0,0.0
4500004260,40,,,8628.32,8628.32,0.0,0.0
4500004260,50,,,56526.55,55557.52,0.0,0.0
4500004260,60,,,11561.95,11561.95,0.0,0.0
4500004260,70,,,11946.9,11946.9,0.0,0.0
4500004260,80,,,12902.65,12902.65,0.0,0.0
4500004260,90,,,12743.36,12743.36,0.0,0.0
4500004261,10,,,955.75,955.75,0.0,0.0
4500004262,10,5000009594,20230508,85.0,85.0,0.0,0.0
4500004263,10,5000013365,20230615,1200.0,1200.0,0.0,0.0
4500004263,20,5000013365,20230615,63.72,63.72,0.0,0.0
4500004264,190,,,3682.3,3682.3,0.0,0.0
4500004264,210,,,2474.34,2474.34,0.0,0.0
4500004264,230,,,2647.79,2647.79,0.0,0.0
4500004264,370,,,5132.74,5132.74,0.0,0.0
4500004264,430,,,7168.14,7168.14,0.0,0.0
4500004264,1340,,,16460.18,16460.18,0.0,0.0
4500004265,10,,,2581.59,2581.59,0.0,0.0
4500004265,20,,,4621.33,4621.33,0.0,0.0
4500004265,30,,,2491.86,2491.86,0.0,0.0
4500004265,40,,,1014.69,1014.69,0.0,0.0
4500004265,110,,,15903.72,15903.72,0.0,0.0
4500004265,150,,,14536.99,14536.99,0.0,0.0
4500004265,190,,,4386.64,4386.64,0.0,0.0
4500004266,10,5000009355,20230505,73.0,73.0,0.0,0.0
4500004267,10,,,95.58,95.58,0.0,0.0
4500004268,10,5000009354,20230505,902.0,902.0,0.0,0.0
4500004269,10,5000009353,20230505,798.0,798.0,0.0,0.0
4500004270,10,5000009352,20230505,798.0,798.0,0.0,0.0
4500004271,10,5000009351,20230505,2081.0,2081.0,0.0,0.0
4500004272,10,5000009350,20230505,2081.0,2081.0,0.0,0.0
4500004273,10,5000009349,20230505,982.0,982.0,0.0,0.0
4500004274,10,5000009273,20230428,380442.48,380442.48,0.0,0.0
4500004275,10,5000009348,20230505,2154.0,2154.0,0.0,0.0
4500004276,10,5000009347,20230505,798.0,798.0,0.0,0.0
4500004277,10,5000009346,20230505,798.0,798.0,0.0,0.0
4500004278,10,5000009366,20230505,798.0,798.0,0.0,0.0
4500004279,10,5000009365,20230505,902.0,902.0,0.0,0.0
4500004280,10,5000009364,20230505,2185.0,2185.0,0.0,0.0
4500004281,10,5000009363,20230505,902.0,902.0,0.0,0.0
4500004282,10,5000009362,20230505,975.0,975.0,0.0,0.0
4500004283,10,5000009361,20230505,902.0,902.0,0.0,0.0
4500004284,10,5000009360,20230505,902.0,902.0,0.0,0.0
4500004285,10,5000009359,20230505,2185.0,2185.0,0.0,0.0
4500004286,10,5000009358,20230505,2081.0,2081.0,0.0,0.0
4500004287,10,,,354283.44,354283.44,0.0,0.0
4500004287,20,,,18778.27,18778.27,0.0,0.0
4500004288,10,5000009371,20230505,31183.37,31183.37,0.0,0.0
4500004288,20,5000009371,20230505,31207.08,31207.08,0.0,0.0
4500004288,30,5000009371,20230505,31993.98,31993.98,0.0,0.0
4500004288,40,5000010850,20230524,44387.01,44387.01,0.0,0.0
4500004288,50,5000009371,20230505,26832.69,26832.69,0.0,0.0
4500004288,60,5000009371,20230505,25946.24,25946.24,0.0,0.0
4500004288,70,5000009371,20230505,35107.14,35107.14,0.0,0.0
4500004288,80,5000009371,20230505,33738.71,33738.71,0.0,0.0
4500004288,90,5000009371,20230505,26491.77,26491.77,0.0,0.0
4500004288,100,5000009371,20230505,25507.8,25507.8,0.0,0.0
4500004288,110,5000009371,20230505,33669.08,33669.08,0.0,0.0
4500004288,120,5000009371,20230505,31164.86,31164.86,0.0,0.0
4500004288,130,5000009371,20230505,3936.48,3936.48,0.0,0.0
4500004288,140,5000009371,20230505,218.01,218.01,0.0,0.0
4500004288,150,5000009371,20230505,393.32,393.31,0.0,0.0
4500004288,160,5000009371,20230505,2728.6,2728.63,0.0,0.0
4500004288,170,5000009371,20230505,6200.6,6200.6,0.0,0.0
4500004288,180,5000009371,20230505,5877.6,5877.3,0.0,0.0
4500004288,190,5000009371,20230505,1109.2,1109.17,0.0,0.0
4500004288,200,5000009371,20230505,225.0,224.78,0.0,0.0
4500004288,210,5000009371,20230505,7872.96,7872.96,0.0,0.0
4500004289,10,5000010130,20230516,2125.0,2125.0,0.0,0.0
4500004289,20,5000010130,20230516,112.84,112.84,0.0,0.0
4500004290,10,5000009763,20230510,1100.0,1100.0,0.0,0.0
4500004290,20,5000009763,20230510,58.41,58.41,0.0,0.0
4500004292,10,5000009764,20230510,1100.0,1100.0,0.0,0.0
4500004292,20,5000009764,20230510,58.41,58.41,0.0,0.0
4500004293,10,5000009765,20230510,1100.0,1100.0,0.0,0.0
4500004293,20,5000009765,20230510,58.41,58.41,0.0,0.0
4500004295,10,,,53207.96,53207.96,0.0,0.0
4500004296,10,,,18141.59,18141.59,0.0,0.0
4500004297,10,5000009592,20230508,8477.36,8477.36,0.0,0.0
4500004298,10,5000009628,20230508,2535398.23,2535398.1,0.0,0.0
4500004299,10,5000009397,20230505,8683.0,8683.0,0.0,0.0
4500004300,10,5000009591,20230508,2205.0,2205.0,0.0,0.0
4500004300,20,5000009591,20230508,1512.0,1512.0,0.0,0.0
4500004300,30,5000009591,20230508,6.0,6.0,0.0,0.0
4500004301,10,5000009590,20230508,125.0,125.0,0.0,0.0
4500004302,10,,,353.98,353.98,0.0,0.0
4500004302,20,,,371.68,371.68,0.0,0.0
4500004302,30,,,398.23,398.23,0.0,0.0
4500004302,40,,,424.78,424.78,0.0,0.0
4500004302,50,,,424.78,424.78,0.0,0.0
4500004302,60,,,11327.43,11327.43,0.0,0.0
4500004302,70,,,1433.63,1433.63,0.0,0.0
4500004302,80,,,1097.35,1097.35,0.0,0.0
4500004303,10,5000009410,20230505,700.0,700.0,0.0,0.0
4500004304,10,,,1247.79,1247.78,0.0,0.0
4500004304,20,,,1380.53,1380.53,0.0,0.0
4500004304,30,,,1247.79,1247.79,0.0,0.0
4500004305,10,,,1247.79,1247.79,0.0,0.0
4500004305,20,,,1247.79,1247.79,0.0,0.0
4500004305,30,,,1380.53,1380.53,0.0,0.0
4500004305,40,,,1380.53,1380.53,0.0,0.0
4500004306,10,,,1247.79,1247.79,0.0,0.0
4500004306,20,,,1247.79,1247.79,0.0,0.0
4500004306,30,,,2424.78,2424.78,0.0,0.0
4500004307,10,,,2424.78,2424.78,0.0,0.0
4500004307,20,,,2424.78,2424.78,0.0,0.0
4500004307,30,,,2424.78,2424.78,0.0,0.0
4500004308,30,,,5715.46,0.0,0.0,0.0
4500004308,40,,,6331.54,0.0,0.0,0.0
4500004309,10,5000015701,20230630,18053.1,18053.1,0.0,0.0
4500004310,10,,,283.19,283.19,0.0,0.0
4500004310,20,,,796.46,796.46,0.0,0.0
4500004311,10,,,70812.31,68315.29,0.0,0.0
4500004313,10,5000015402,20230630,297.0,297.0,0.0,0.0
4500004313,20,5000015402,20230630,41.4,41.4,0.0,0.0
4500004314,10,5000009587,20230508,2973.06,2973.05,0.0,0.0
4500004315,10,5000012869,20230609,3900.0,3900.0,0.0,0.0
4500004315,20,5000012869,20230609,207.1,207.1,0.0,0.0
4500004316,10,5000010267,20230517,1450.0,1450.0,0.0,0.0
4500004316,20,5000010267,20230517,77.0,77.0,0.0,0.0
4500004317,10,5000009790,20230510,198.0,198.0,0.0,0.0
4500004318,10,5000010222,20230516,2750.0,2750.0,0.0,0.0
4500004318,20,5000010222,20230516,146.03,146.03,0.0,0.0
4500004319,10,,,8141.59,8141.6,0.0,0.0
4500004319,20,,,305.31,305.31,0.0,0.0
4500004320,10,5000010268,20230517,1350.0,1350.0,0.0,0.0
4500004320,20,5000010268,20230517,71.69,71.69,0.0,0.0
4500004321,10,,,0.0,0.0,0.0,0.0
4500004322,10,,,631778.76,551441.6,0.0,0.0
4500004322,20,,,183905.31,183905.31,0.0,0.0
4500004323,10,,,1716.81,1716.81,0.0,0.0
4500004324,10,,,0.0,0.0,0.0,0.0
4500004325,10,5000009427,20230505,660.0,660.0,0.0,0.0
4500004326,10,5000009426,20230505,968.0,968.0,0.0,0.0
4500004327,10,5000009425,20230505,968.0,968.0,0.0,0.0
4500004328,10,5000009424,20230505,968.0,968.0,0.0,0.0
4500004329,10,,,0.0,0.0,0.0,0.0
4500004330,10,5000009543,20230508,17864.0,17864.0,0.0,0.0
4500004330,20,5000009543,20230508,17.37,17.37,0.0,0.0
4500004332,10,5000009421,20230505,15580.0,0.0,0.0,0.0
4500004333,10,5000010129,20230516,2125.0,2125.0,0.0,0.0
4500004333,20,5000010129,20230516,112.84,112.84,0.0,0.0
4500004334,10,5000013236,20230614,3900.0,3900.0,0.0,0.0
4500004334,20,5000013236,20230614,207.1,207.1,0.0,0.0
4500004335,10,5000009420,20230505,460.46,0.0,0.0,0.0
4500004335,20,5000009420,20230505,327.6,0.0,0.0,0.0
4500004335,30,5000009420,20230505,45.0,0.0,0.0,0.0
4500004336,10,,,0.0,0.0,0.0,0.0
4500004337,10,,,2761.06,2761.06,0.0,0.0
4500004340,10,5000009565,20230508,884955.75,884955.75,0.0,0.0
4500004340,20,5000009565,20230508,1345132.74,3575221.24,0.0,0.0
4500004341,10,5000009584,20230508,3681.82,3681.82,0.0,0.0
4500004341,20,5000009584,20230508,3681.82,3681.82,0.0,0.0
4500004342,10,,,0.0,0.0,0.0,0.0
4500004343,10,5000009583,20230508,30.0,30.0,0.0,0.0
4500004343,20,5000009583,20230508,650.0,650.0,0.0,0.0
4500004343,30,5000009583,20230508,30.0,30.0,0.0,0.0
4500004343,40,5000009583,20230508,150.0,150.0,0.0,0.0
4500004344,10,,,870.0,769.92,0.0,0.0
4500004345,10,,,580.5,0.0,0.0,0.0
4500004345,20,,,550.5,0.0,0.0,0.0
4500004345,30,,,510.0,0.0,0.0,0.0
4500004345,40,,,210.0,0.0,0.0,0.0
4500004345,50,,,285.0,0.0,0.0,0.0
4500004345,60,,,114.0,0.0,0.0,0.0
4500004346,10,,,318.58,318.58,0.0,0.0
4500004346,30,,,353.98,353.98,0.0,0.0
4500004346,50,,,353.98,353.98,0.0,0.0
4500004346,60,,,353.98,353.98,0.0,0.0
4500004346,70,,,353.98,353.98,0.0,0.0
4500004346,80,,,353.98,353.98,0.0,0.0
4500004346,100,,,353.98,353.98,0.0,0.0
4500004346,120,,,353.98,353.98,0.0,0.0
4500004346,130,,,353.98,353.98,0.0,0.0
4500004346,140,,,353.98,353.98,0.0,0.0
4500004346,150,,,353.98,353.98,0.0,0.0
4500004346,170,,,1946.9,1946.9,0.0,0.0
4500004346,190,,,1946.9,1946.9,0.0,0.0
4500004346,200,,,1946.9,1946.9,0.0,0.0
4500004346,210,,,1946.9,1946.9,0.0,0.0
4500004346,220,,,1946.9,1946.9,0.0,0.0
4500004346,230,,,176.99,176.99,0.0,0.0
4500004346,240,,,176.99,176.99,0.0,0.0
4500004346,250,,,176.99,176.99,0.0,0.0
4500004346,260,,,176.99,176.99,0.0,0.0
4500004346,270,,,176.99,176.99,0.0,0.0
4500004346,280,,,176.99,176.99,0.0,0.0
4500004346,290,,,176.99,176.99,0.0,0.0
4500004346,300,,,176.99,176.99,0.0,0.0
4500004346,310,,,176.99,176.99,0.0,0.0
4500004346,320,,,176.99,176.99,0.0,0.0
4500004346,330,,,176.99,176.99,0.0,0.0
4500004346,340,,,176.99,176.99,0.0,0.0
4500004346,350,,,176.99,176.99,0.0,0.0
4500004346,360,,,176.99,176.99,0.0,0.0
4500004346,370,,,176.99,176.99,0.0,0.0
4500004346,380,,,176.99,176.99,0.0,0.0
4500004346,390,,,176.99,176.99,0.0,0.0
4500004346,400,,,176.99,176.99,0.0,0.0
4500004348,10,,,11504.42,115.04,0.0,0.0
4500004349,20,,,53.1,53.1,0.0,0.0
4500004349,40,,,53.1,53.1,0.0,0.0
4500004349,50,,,53.1,53.1,0.0,0.0
4500004349,60,,,53.1,53.1,0.0,0.0
4500004349,70,,,53.1,53.1,0.0,0.0
4500004349,90,,,53.1,53.1,0.0,0.0
4500004349,110,,,53.1,53.1,0.0,0.0
4500004349,120,,,53.1,53.1,0.0,0.0
4500004349,130,,,53.1,53.1,0.0,0.0
4500004349,140,,,53.1,53.1,0.0,0.0
4500004349,160,,,4424.78,4424.78,0.0,0.0
4500004349,180,,,4424.78,4424.78,0.0,0.0
4500004349,190,,,4424.78,4424.78,0.0,0.0
4500004349,200,,,4424.78,4424.78,0.0,0.0
4500004349,210,,,4424.78,4424.78,0.0,0.0
4500004349,220,,,4424.78,4424.78,0.0,0.0
4500004349,230,,,4424.78,4424.78,0.0,0.0
4500004349,240,,,4424.78,4424.78,0.0,0.0
4500004349,250,,,4424.78,4424.78,0.0,0.0
4500004349,260,,,4424.78,4424.78,0.0,0.0
4500004349,270,,,796.46,796.46,0.0,0.0
4500004349,280,,,796.46,796.46,0.0,0.0
4500004349,290,,,796.46,796.46,0.0,0.0
4500004349,300,,,796.46,796.46,0.0,0.0
4500004349,310,,,796.46,796.46,0.0,0.0
4500004349,320,,,2123.89,2123.89,0.0,0.0
4500004349,330,,,4247.79,4247.79,0.0,0.0
4500004349,340,,,53.1,53.1,0.0,0.0
4500004349,350,,,53.1,53.1,0.0,0.0
4500004349,360,,,53.1,53.1,0.0,0.0
4500004349,370,,,53.1,53.1,0.0,0.0
4500004349,380,,,53.1,53.1,0.0,0.0
4500004349,390,,,265.49,265.49,0.0,0.0
4500004349,400,,,265.49,265.49,0.0,0.0
4500004349,410,,,265.49,265.49,0.0,0.0
4500004349,420,,,265.49,265.49,0.0,0.0
4500004349,430,,,265.49,265.49,0.0,0.0
4500004349,440,,,265.49,265.49,0.0,0.0
4500004349,450,,,265.49,265.49,0.0,0.0
4500004349,460,,,265.49,265.49,0.0,0.0
4500004349,470,,,265.49,265.49,0.0,0.0
4500004350,10,,,16486.73,16486.73,0.0,0.0
4500004350,20,,,28318.58,28318.58,0.0,0.0
4500004350,30,,,28318.58,28318.58,0.0,0.0
4500004350,40,,,2831.86,2831.86,0.0,0.0
4500004350,50,,,2867.26,2867.26,0.0,0.0
4500004350,60,,,477.88,477.88,0.0,0.0
4500004350,70,,,2619.47,2619.47,0.0,0.0
4500004351,10,,,396.46,396.46,0.0,0.0
4500004351,20,,,600.0,600.0,0.0,0.0
4500004351,40,,,796.46,796.46,0.0,0.0
4500004352,10,,,682.3,771.0,0.0,0.0
4500004352,20,,,955.75,1080.0,0.0,0.0
4500004353,10,,,4070.8,4070.8,0.0,0.0
4500004354,10,,,240.0,0.0,0.0,0.0
4500004354,20,,,120.0,0.0,0.0,0.0
4500004354,30,,,72.0,0.0,0.0,0.0
4500004354,40,,,237.6,0.0,0.0,0.0
4500004354,50,,,235.2,0.0,0.0,0.0
4500004354,60,,,117.6,0.0,0.0,0.0
4500004354,70,,,230.4,0.0,0.0,0.0
4500004355,10,,,25663.72,26433.63,0.0,0.0
4500004356,10,,,28141.59,28141.59,0.0,0.0
4500004357,10,,,132208.86,132208.86,0.0,0.0
4500004357,30,,,82435.4,82435.4,0.0,0.0
4500004358,10,,,53.1,53.08,0.0,0.0
4500004358,20,,,53.1,53.1,0.0,0.0
4500004358,30,,,53.1,53.1,0.0,0.0
4500004358,40,,,53.1,53.1,0.0,0.0
4500004358,50,,,53.1,53.1,0.0,0.0
4500004358,60,,,53.1,53.1,0.0,0.0
4500004358,70,,,53.1,53.1,0.0,0.0
4500004358,80,,,53.1,53.1,0.0,0.0
4500004358,90,,,53.1,53.1,0.0,0.0
4500004358,100,,,53.1,53.1,0.0,0.0
4500004358,110,,,1946.9,1946.9,0.0,0.0
4500004358,120,,,1946.9,1946.9,0.0,0.0
4500004358,130,,,1946.9,1946.9,0.0,0.0
4500004358,140,,,1946.9,1946.9,0.0,0.0
4500004358,150,,,1946.9,1946.9,0.0,0.0
4500004358,160,,,1946.9,1946.9,0.0,0.0
4500004358,170,,,1946.9,1946.9,0.0,0.0
4500004358,180,,,1946.9,1946.9,0.0,0.0
4500004358,190,,,1946.9,1946.9,0.0,0.0
4500004358,200,,,1946.9,1946.9,0.0,0.0
4500004358,210,,,141.59,141.59,0.0,0.0
4500004358,220,,,141.59,141.59,0.0,0.0
4500004358,230,,,141.59,141.59,0.0,0.0
4500004358,240,,,141.59,141.59,0.0,0.0
4500004358,250,,,141.59,141.59,0.0,0.0
4500004358,260,,,141.59,141.59,0.0,0.0
4500004358,270,,,141.59,141.59,0.0,0.0
4500004358,280,,,141.59,141.59,0.0,0.0
4500004358,290,,,141.59,141.59,0.0,0.0
4500004358,300,,,53.1,53.1,0.0,0.0
4500004358,310,,,53.1,53.1,0.0,0.0
4500004358,320,,,53.1,53.1,0.0,0.0
4500004358,330,,,53.1,53.1,0.0,0.0
4500004358,340,,,53.1,53.1,0.0,0.0
4500004358,350,,,53.1,53.1,0.0,0.0
4500004358,360,,,53.1,53.1,0.0,0.0
4500004358,370,,,53.1,53.1,0.0,0.0
4500004358,380,,,53.1,53.1,0.0,0.0
4500004358,390,,,53.1,53.1,0.0,0.0
4500004359,10,,,349557.52,345132.74,0.0,0.0
4500004359,20,,,4367.26,4367.26,0.0,0.0
4500004359,30,,,3716.81,3716.81,0.0,0.0
4500004360,10,,,31.86,31.77,0.0,0.0
4500004360,20,,,88.5,88.5,0.0,0.0
4500004360,30,,,88.5,88.5,0.0,0.0
4500004360,40,,,88.5,88.5,0.0,0.0
4500004360,50,,,88.5,88.5,0.0,0.0
4500004360,60,,,88.5,88.5,0.0,0.0
4500004360,70,,,88.5,88.5,0.0,0.0
4500004360,80,,,88.5,88.5,0.0,0.0
4500004360,90,,,88.5,88.5,0.0,0.0
4500004360,100,,,88.5,88.5,0.0,0.0
4500004360,110,,,88.5,88.5,0.0,0.0
4500004360,120,,,486.73,486.73,0.0,0.0
4500004360,130,,,486.73,486.73,0.0,0.0
4500004360,140,,,486.73,486.73,0.0,0.0
4500004360,150,,,486.73,486.73,0.0,0.0
4500004360,160,,,486.73,486.73,0.0,0.0
4500004360,170,,,17.7,17.7,0.0,0.0
4500004360,180,,,17.7,17.7,0.0,0.0
4500004360,190,,,17.7,17.7,0.0,0.0
4500004360,200,,,17.7,17.7,0.0,0.0
4500004360,210,,,17.7,17.7,0.0,0.0
4500004360,220,,,17.7,17.7,0.0,0.0
4500004360,230,,,17.7,17.7,0.0,0.0
4500004360,240,,,17.7,17.7,0.0,0.0
4500004360,250,,,17.7,17.7,0.0,0.0
4500004360,260,,,17.7,17.7,0.0,0.0
4500004360,270,,,17.7,17.7,0.0,0.0
4500004360,280,,,17.7,17.7,0.0,0.0
4500004360,290,,,17.7,17.7,0.0,0.0
4500004360,300,,,17.7,17.7,0.0,0.0
4500004360,310,,,17.7,17.7,0.0,0.0
4500004360,320,,,17.7,17.7,0.0,0.0
4500004360,330,,,17.7,17.7,0.0,0.0
4500004360,340,,,17.7,17.7,0.0,0.0
4500004360,350,,,1106.19,1106.19,0.0,0.0
4500004360,360,,,1106.19,1106.19,0.0,0.0
4500004360,370,,,1106.19,1106.19,0.0,0.0
4500004360,380,,,1106.19,1106.19,0.0,0.0
4500004360,390,,,1106.19,1106.19,0.0,0.0
4500004360,400,,,1106.19,1106.19,0.0,0.0
4500004360,410,,,1106.19,1106.19,0.0,0.0
4500004360,420,,,1106.19,1106.19,0.0,0.0
4500004360,430,,,1106.19,1106.19,0.0,0.0
4500004360,440,,,1106.19,1106.19,0.0,0.0
4500004360,450,,,199.12,199.12,0.0,0.0
4500004360,460,,,199.12,199.12,0.0,0.0
4500004360,470,,,199.12,199.12,0.0,0.0
4500004360,480,,,199.12,199.12,0.0,0.0
4500004360,490,,,199.12,199.12,0.0,0.0
4500004360,500,,,707.96,707.96,0.0,0.0
4500004360,510,,,1415.93,1415.93,0.0,0.0
4500004360,520,,,13.27,13.27,0.0,0.0
4500004360,530,,,13.27,13.27,0.0,0.0
4500004360,540,,,13.27,13.27,0.0,0.0
4500004360,550,,,13.27,13.27,0.0,0.0
4500004360,560,,,13.27,13.27,0.0,0.0
4500004360,570,,,26.55,26.55,0.0,0.0
4500004360,580,,,26.55,26.55,0.0,0.0
4500004360,590,,,26.55,26.55,0.0,0.0
4500004360,600,,,26.55,26.55,0.0,0.0
4500004360,610,,,26.55,26.55,0.0,0.0
4500004360,620,,,26.55,26.55,0.0,0.0
4500004360,630,,,26.55,26.55,0.0,0.0
4500004360,640,,,26.55,26.55,0.0,0.0
4500004360,650,,,26.55,26.55,0.0,0.0
4500004360,660,,,486.73,486.73,0.0,0.0
4500004360,670,,,486.73,486.73,0.0,0.0
4500004360,680,,,486.73,486.73,0.0,0.0
4500004360,690,,,486.73,486.73,0.0,0.0
4500004360,700,,,486.73,486.73,0.0,0.0
4500004360,710,,,486.73,486.73,0.0,0.0
4500004360,720,,,486.73,486.73,0.0,0.0
4500004360,730,,,486.73,486.73,0.0,0.0
4500004360,740,,,486.73,486.73,0.0,0.0
4500004360,750,,,14.16,14.16,0.0,0.0
4500004360,760,,,14.16,14.16,0.0,0.0
4500004360,770,,,14.16,14.16,0.0,0.0
4500004360,780,,,14.16,14.16,0.0,0.0
4500004360,790,,,14.16,14.16,0.0,0.0
4500004360,800,,,14.16,14.16,0.0,0.0
4500004360,810,,,14.16,14.16,0.0,0.0
4500004360,820,,,14.16,14.16,0.0,0.0
4500004360,830,,,14.16,14.16,0.0,0.0
4500004361,170,,,6902.65,6902.65,0.0,0.0
4500004361,180,,,7079.65,7079.65,0.0,0.0
4500004361,190,,,3682.3,3682.3,0.0,0.0
4500004361,220,,,1805.31,1805.31,0.0,0.0
4500004361,410,,,1522.12,1522.12,0.0,0.0
4500004361,490,,,1061.95,1061.95,0.0,0.0
4500004361,560,,,5946.9,5946.9,0.0,0.0
4500004361,660,,,5309.73,5309.73,0.0,0.0
4500004361,830,,,22964.6,22964.6,0.0,0.0
4500004361,880,,,4168.14,4168.14,0.0,0.0
4500004361,910,,,1061.95,1061.95,0.0,0.0
4500004361,950,,,7699.12,7699.12,0.0,0.0
4500004361,990,,,5044.25,5044.25,0.0,0.0
4500004361,1020,,,3092.92,3092.92,0.0,0.0
4500004361,1150,,,3971.68,3971.68,0.0,0.0
4500004361,1210,,,2920.35,2920.35,0.0,0.0
4500004361,1310,,,4778.76,4778.76,0.0,0.0
4500004361,1370,,,1061.95,1061.95,0.0,0.0
4500004361,1400,,,1654.87,1654.87,0.0,0.0
4500004361,1430,,,1769.91,1769.91,0.0,0.0
4500004362,10,,,23575.22,23575.22,0.0,0.0
4500004362,20,,,70168.14,70168.14,0.0,0.0
4500004362,30,,,71221.24,71221.24,0.0,0.0
4500004362,40,,,54408.85,54408.85,0.0,0.0
4500004362,50,,,148672.57,148672.57,0.0,0.0
4500004362,60,,,99974.87,99977.87,0.0,0.0
4500004362,70,,,237153.98,237153.98,0.0,0.0
4500004362,80,,,257429.2,257429.21,0.0,0.0
4500004363,10,,,9716.81,9716.81,0.0,0.0
4500004364,10,,,407.08,407.08,0.0,0.0
4500004364,20,,,207.96,207.96,0.0,0.0
4500004365,10,,,216039.82,212336.28,0.0,0.0
4500004366,10,,,1247.79,1247.79,0.0,0.0
4500004366,20,,,1247.79,1247.79,0.0,0.0
4500004366,30,,,1247.79,1247.79,0.0,0.0
4500004366,40,,,1247.79,1247.79,0.0,0.0
4500004367,10,,,1296.0,1146.9,0.0,0.0
4500004367,20,,,1296.0,1146.9,0.0,0.0
4500004367,30,,,580.0,513.27,0.0,0.0
4500004367,40,,,360.0,318.58,0.0,0.0
4500004367,50,,,260.0,230.09,0.0,0.0
4500004367,60,,,1700.0,1504.42,0.0,0.0
4500004367,70,,,1440.0,1274.34,0.0,0.0
4500004367,80,,,0.0,0.0,0.0,0.0
4500004368,10,,,84.96,84.96,0.0,0.0
4500004368,20,,,663.72,663.72,0.0,0.0
4500004368,30,,,920.35,920.35,0.0,0.0
4500004368,40,,,159.29,159.29,0.0,0.0
4500004370,10,,,1203.54,1203.54,0.0,0.0
4500004370,20,,,287.61,287.61,0.0,0.0
4500004371,10,,,179.4,0.0,0.0,0.0
4500004371,20,,,252.0,0.0,0.0,0.0
4500004371,30,,,337.92,0.0,0.0,0.0
4500004371,40,,,168.96,0.0,0.0,0.0
4500004371,50,,,168.96,0.0,0.0,0.0
4500004371,60,,,240.0,0.0,0.0,0.0
4500004372,10,5000015421,20230630,3900.0,3900.0,0.0,0.0
4500004372,20,5000015421,20230630,189.35,189.35,0.0,0.0
4500004373,10,5000009655,20230509,220.5,220.5,0.0,0.0
4500004374,10,5000009656,20230509,110.25,110.25,0.0,0.0
4500004375,10,5000009657,20230509,638.0,638.0,0.0,0.0
4500004375,20,5000009657,20230509,9251.0,9251.0,0.0,0.0
4500004375,30,5000009657,20230509,91.1,91.1,0.0,0.0
4500004375,40,5000009657,20230509,26.58,26.58,0.0,0.0
4500004375,50,5000009657,20230509,319.0,319.0,0.0,0.0
4500004376,10,5000009658,20230509,516.0,516.0,0.0,0.0
4500004376,20,5000009658,20230509,90.0,87.5,0.0,0.0
4500004376,30,5000009658,20230509,87.42,87.42,0.0,0.0
4500004376,40,5000009658,20230509,578.2,578.2,0.0,0.0
4500004376,50,5000009658,20230509,1444.0,1444.0,0.0,0.0
4500004376,60,5000009658,20230509,180.0,180.0,0.0,0.0
4500004376,70,5000009658,20230509,222.0,222.0,0.0,0.0
4500004376,80,5000009658,20230509,502.5,502.5,0.0,0.0
4500004377,10,5000014065,20230620,3900.0,3900.0,0.0,0.0
4500004377,20,5000014065,20230620,189.35,189.35,0.0,0.0
4500004378,10,5000009582,20230508,50.0,50.0,0.0,0.0
4500004379,10,5000010274,20230517,1200.0,1200.0,0.0,0.0
4500004379,20,5000010274,20230517,58.26,58.26,0.0,0.0
4500004381,10,5000009736,20230510,1087.0,1087.0,0.0,0.0
4500004382,10,5000009735,20230510,955.0,955.0,0.0,0.0
4500004383,10,5000009734,20230510,2185.0,2185.0,0.0,0.0
4500004384,10,5000009697,20230509,798.0,798.0,0.0,0.0
4500004385,10,5000009696,20230509,1011.0,1011.0,0.0,0.0
4500004386,10,5000009695,20230509,1170.0,1170.0,0.0,0.0
4500004387,10,5000009694,20230509,2081.0,2081.0,0.0,0.0
4500004388,10,5000009693,20230509,882.0,882.0,0.0,0.0
4500004389,10,5000009692,20230509,902.0,902.0,0.0,0.0
4500004390,10,5000009691,20230509,1079.0,1079.0,0.0,0.0
4500004391,10,5000009690,20230509,986.0,986.0,0.0,0.0
4500004392,10,5000009689,20230509,986.0,986.0,0.0,0.0
4500004393,10,5000009688,20230509,2154.0,2154.0,0.0,0.0
4500004394,10,5000009687,20230509,1952.0,1952.0,0.0,0.0
4500004395,10,5000009685,20230509,2081.0,2081.0,0.0,0.0
4500004396,10,5000009684,20230509,902.0,902.0,0.0,0.0
4500004397,10,5000009683,20230509,982.0,982.0,0.0,0.0
4500004398,10,5000009682,20230509,902.0,902.0,0.0,0.0
4500004399,10,5000009681,20230509,982.0,982.0,0.0,0.0
4500004400,10,5000009680,20230509,1087.0,1087.0,0.0,0.0
4500004401,10,5000009679,20230509,903.0,903.0,0.0,0.0
4500004402,10,5000009678,20230509,1087.0,1087.0,0.0,0.0
4500004403,10,5000009677,20230509,1091.0,1091.0,0.0,0.0
4500004404,10,5000009676,20230509,2185.0,2185.0,0.0,0.0
4500004405,10,5000009675,20230509,1007.0,1007.0,0.0,0.0
4500004406,10,5000009674,20230509,2081.0,2081.0,0.0,0.0
4500004407,10,5000009673,20230509,903.0,903.0,0.0,0.0
4500004408,10,5000009672,20230509,798.0,798.0,0.0,0.0
4500004409,10,5000009671,20230509,902.0,902.0,0.0,0.0
4500004410,10,5000009670,20230509,2185.0,2185.0,0.0,0.0
4500004411,10,5000009669,20230509,902.0,902.0,0.0,0.0
4500004412,10,5000009668,20230509,902.0,902.0,0.0,0.0
4500004413,10,5000009667,20230509,1007.0,1007.0,0.0,0.0
4500004414,10,5000009666,20230509,1164.0,1164.0,0.0,0.0
4500004415,10,5000009665,20230509,798.0,798.0,0.0,0.0
4500004416,10,,,0.0,0.0,0.0,0.0
4500004417,10,5000009661,20230509,2258.0,2258.0,0.0,0.0
4500004418,10,5000009660,20230509,798.0,798.0,0.0,0.0
4500004419,10,5000009659,20230509,798.0,798.0,0.0,0.0
4500004420,10,5000016043,20230705,28.5,28.5,0.0,0.0
4500004420,20,5000016043,20230705,82.5,82.5,0.0,0.0
4500004420,30,5000016043,20230705,39.0,39.0,0.0,0.0
4500004420,40,5000016043,20230705,322.5,322.5,0.0,0.0
4500004420,50,5000016043,20230705,388.5,388.5,0.0,0.0
4500004420,60,5000016043,20230705,322.5,322.5,0.0,0.0
4500004420,70,5000016062,20230705,405.0,405.0,0.0,0.0
4500004421,10,5000010482,20230519,4470.0,4470.0,0.0,0.0
4500004421,20,5000010482,20230519,217.03,217.03,0.0,0.0
4500004422,20,,,19540.77,19540.77,0.0,0.0
4500004422,70,,,7306.63,7306.63,0.0,0.0
4500004422,80,,,2159.5,2159.5,0.0,0.0
4500004423,10,,,2787.61,2787.61,0.0,0.0
4500004423,20,,,1592.92,1592.92,0.0,0.0
4500004424,120,,,5267.26,5267.26,0.0,0.0
4500004425,10,,,1327.43,1500.0,0.0,0.0
4500004425,20,,,1327.43,1500.0,0.0,0.0
4500004425,30,,,2654.87,3000.0,0.0,0.0
4500004426,10,,,8849.56,8849.56,0.0,0.0
4500004427,10,5000009786,20230510,102.0,92.73,0.0,0.0
4500004427,20,5000009786,20230510,894.0,812.72,0.0,0.0
4500004428,10,5000012085,20230602,85.0,85.0,0.0,0.0
4500004429,10,,,1053.1,1053.1,0.0,0.0
4500004429,20,,,2389.38,2389.38,0.0,0.0
4500004429,30,,,84.07,84.07,0.0,0.0
4500004429,40,,,309.73,309.73,0.0,0.0
4500004429,50,,,150.44,150.44,0.0,0.0
4500004429,60,,,575.22,575.22,0.0,0.0
4500004429,70,,,2106.19,2106.19,0.0,0.0
4500004429,80,,,3153.98,3153.98,0.0,0.0
4500004429,90,,,342.48,342.48,0.0,0.0
4500004429,100,,,1176.99,1176.99,0.0,0.0
4500004429,110,,,2884.96,2884.96,0.0,0.0
4500004429,120,,,4725.66,4725.66,0.0,0.0
4500004429,130,,,1823.01,1823.01,0.0,0.0
4500004429,140,,,2106.19,2106.19,0.0,0.0
4500004429,150,,,716.81,716.81,0.0,0.0
4500004429,160,,,1061.95,1061.95,0.0,0.0
4500004429,170,,,621.24,621.24,0.0,0.0
4500004429,180,,,716.81,716.81,0.0,0.0
4500004429,190,,,2641.59,2641.59,0.0,0.0
4500004429,200,,,17610.62,17610.62,0.0,0.0
4500004429,210,,,438.05,438.05,0.0,0.0
4500004429,220,,,1681.42,1681.42,0.0,0.0
4500004429,230,,,92.04,92.04,0.0,0.0
4500004429,240,,,1150.44,1150.44,0.0,0.0
4500004429,250,,,4690.27,4690.27,0.0,0.0
4500004429,260,,,2345.13,2345.13,0.0,0.0
4500004429,270,,,1637.17,1637.17,0.0,0.0
4500004429,280,,,150.44,150.44,0.0,0.0
4500004429,290,,,460.18,460.18,0.0,0.0
4500004429,300,,,3663.72,3663.72,0.0,0.0
4500004429,310,,,3716.81,3716.81,0.0,0.0
4500004429,320,,,2876.11,2876.11,0.0,0.0
4500004429,330,,,106.19,106.19,0.0,0.0
4500004429,340,,,1513.27,1513.27,0.0,0.0
4500004429,350,,,876.11,876.11,0.0,0.0
4500004429,360,,,3504.42,3504.42,0.0,0.0
4500004429,370,,,2433.63,2433.63,0.0,0.0
4500004429,380,,,116.81,116.81,0.0,0.0
4500004429,390,,,420.35,420.35,0.0,0.0
4500004430,10,,,75283.01,75283.01,0.0,0.0
4500004431,10,5000010269,20230517,1450.0,1450.0,0.0,0.0
4500004431,20,5000010269,20230517,70.4,70.4,0.0,0.0
4500004432,20,,,2804.6,2804.6,0.0,0.0
4500004433,10,5000012868,20230609,3900.0,3900.0,0.0,0.0
4500004433,20,5000012868,20230609,189.35,189.35,0.0,0.0
4500004434,10,5000010270,20230517,1200.0,1200.0,0.0,0.0
4500004434,20,5000010270,20230517,70.4,70.4,0.0,0.0
4500004435,10,,,0.0,0.0,0.0,0.0
4500004435,20,,,24778.76,24778.76,0.0,0.0
4500004436,10,5000009621,20230428,2070.0,2070.0,0.0,0.0
4500004437,10,5000009617,20230428,1800.0,1800.0,0.0,0.0
4500004438,10,,,0.0,0.0,0.0,0.0
4500004439,10,,,1440.0,1274.34,0.0,0.0
4500004440,10,,,29203.54,29203.54,0.0,0.0
4500004440,20,,,14601.77,14601.77,0.0,0.0
4500004440,30,,,29203.54,29203.54,0.0,0.0
4500004440,40,,,29261.95,29261.95,0.0,0.0
4500004440,50,,,11946.9,11946.9,0.0,0.0
4500004440,60,,,15815.22,15815.22,0.0,0.0
4500004440,70,,,29451.77,29451.77,0.0,0.0
4500004440,80,,,152212.4,152212.4,0.0,0.0
4500004441,10,,,13274.34,13274.34,0.0,0.0
4500004442,10,,,13274.34,13274.34,0.0,0.0
4500004442,20,,,6637.17,6637.17,0.0,0.0
4500004443,10,,,7964.6,7964.6,0.0,0.0
4500004444,10,,,124778.76,108849.0,0.0,0.0
4500004445,10,,,322123.89,322123.88,0.0,0.0
4500004446,10,,,9292.04,9292.04,0.0,0.0
4500004447,10,,,12212.39,12212.39,0.0,0.0
4500004448,10,,,185.84,185.84,0.0,0.0
4500004448,20,,,199.12,199.12,0.0,0.0
4500004448,30,,,309.73,309.73,0.0,0.0
4500004448,40,,,442.48,442.48,0.0,0.0
4500004448,50,,,433.63,433.63,0.0,0.0
4500004450,10,,,2787.62,2787.62,0.0,0.0
4500004451,10,5000010271,20230517,1100.0,1100.0,0.0,0.0
4500004451,20,5000010271,20230517,53.41,53.41,0.0,0.0
4500004452,10,,,145923.01,145923.0,0.0,0.0
4500004452,20,,,107377.88,106539.93,0.0,0.0
4500004453,10,,,437769.02,437769.01,0.0,0.0
4500004453,20,,,644267.27,647009.64,0.0,0.0
4500004454,10,,,437769.02,437769.02,0.0,0.0
4500004454,20,,,121694.87,121694.87,0.0,0.0
4500004454,30,,,644267.27,644267.28,0.0,0.0
4500004455,10,5000010292,20230517,2205.0,2205.0,0.0,0.0
4500004455,20,5000010292,20230517,6.0,6.0,0.0,0.0
4500004456,10,5000010172,20230516,359.09,359.09,0.0,0.0
4500004457,10,,,336.28,336.28,0.0,0.0
4500004457,20,,,361.06,361.06,0.0,0.0
4500004457,30,,,115.04,115.04,0.0,0.0
4500004457,50,,,115.04,115.04,0.0,0.0
4500004457,70,,,265.49,265.49,0.0,0.0
4500004457,80,,,238.94,238.93,0.0,0.0
4500004457,90,,,247.79,247.79,0.0,0.0
4500004457,110,,,172.57,172.57,0.0,0.0
4500004457,130,,,530.97,530.97,0.0,0.0
4500004457,140,,,1460.18,1460.18,0.0,0.0
4500004457,150,,,530.97,530.97,0.0,0.0
4500004457,160,,,176.99,176.99,0.0,0.0
4500004457,170,,,256.64,256.64,0.0,0.0
4500004457,180,,,123.89,123.89,0.0,0.0
4500004457,190,,,2610.62,2610.62,0.0,0.0
4500004457,200,,,61.95,61.95,0.0,0.0
4500004458,10,,,557.52,557.52,0.0,0.0
4500004458,20,,,35.4,35.4,0.0,0.0
4500004458,30,,,7433.63,7433.63,0.0,0.0
4500004458,50,,,2477.88,2477.88,0.0,0.0
4500004458,60,,,300.88,300.88,0.0,0.0
4500004459,10,,,2674.41,2674.41,0.0,0.0
4500004459,20,,,3015.49,3015.49,0.0,0.0
4500004460,10,5000009788,20230510,85.0,85.0,0.0,0.0
4500004461,10,5000009784,20230510,150.0,150.0,0.0,0.0
4500004461,20,5000009784,20230510,150.0,150.0,0.0,0.0
4500004462,10,,,7115.04,0.0,0.0,0.0
4500004463,10,,,44113.27,44113.27,0.0,0.0
4500004465,10,,,128070.81,128070.8,0.0,0.0
4500004465,20,,,170761.07,170761.07,0.0,0.0
4500004467,10,5000009781,20230510,250.0,250.0,0.0,0.0
4500004467,20,5000009781,20230510,295.0,295.0,0.0,0.0
4500004467,30,5000009781,20230510,195.0,195.0,0.0,0.0
4500004467,40,5000009781,20230510,200.0,200.0,0.0,0.0
4500004467,50,5000009781,20230510,250.0,250.0,0.0,0.0
4500004467,60,5000009781,20230510,120.0,120.0,0.0,0.0
4500004467,70,5000009781,20230510,200.0,200.0,0.0,0.0
4500004468,10,5000010291,20230517,198.0,198.0,0.0,0.0
4500004469,10,,,389.38,389.38,0.0,0.0
4500004469,20,,,212.39,212.39,0.0,0.0
4500004469,30,,,1274.34,1274.34,0.0,0.0
4500004469,40,,,1061.95,1061.95,0.0,0.0
4500004469,50,,,265.49,265.49,0.0,0.0
4500004469,60,,,424.78,424.78,0.0,0.0
4500004469,70,,,566.37,566.37,0.0,0.0
4500004469,80,,,520.35,520.35,0.0,0.0
4500004469,90,,,238.94,238.94,0.0,0.0
4500004469,100,,,1274.34,1274.34,0.0,0.0
4500004469,110,,,199.12,199.12,0.0,0.0
4500004469,120,,,411.5,411.5,0.0,0.0
4500004469,130,,,1008.85,1008.83,0.0,0.0
4500004469,140,,,134.51,134.51,0.0,0.0
4500004469,150,,,849.56,849.56,0.0,0.0
4500004469,160,,,716.81,716.81,0.0,0.0
4500004469,170,,,761.06,761.06,0.0,0.0
4500004469,180,,,637.17,637.17,0.0,0.0
4500004469,190,,,716.81,716.81,0.0,0.0
4500004469,200,,,424.78,424.78,0.0,0.0
4500004469,210,,,300.88,300.88,0.0,0.0
4500004469,220,,,557.52,557.52,0.0,0.0
4500004469,240,,,2017.7,2017.7,0.0,0.0
4500004469,250,,,477.88,477.88,0.0,0.0
4500004469,260,,,116.81,116.81,0.0,0.0
4500004469,270,,,58.41,58.41,0.0,0.0
4500004469,280,,,584.07,584.07,0.0,0.0
4500004470,10,,,132.74,132.74,0.0,0.0
4500004470,20,,,132.74,132.74,0.0,0.0
4500004472,10,,,95575.22,95575.22,0.0,0.0
4500004473,10,,,50437.17,50437.17,0.0,0.0
4500004473,20,,,31840.71,31840.71,0.0,0.0
4500004473,30,,,100601.77,100601.77,0.0,0.0
4500004473,40,,,115592.92,115592.92,0.0,0.0
4500004475,10,5000015861,20230704,98.18,98.18,0.0,0.0
4500004475,20,5000015861,20230704,49.67,49.67,0.0,0.0
4500004475,30,5000015861,20230704,20.79,20.79,0.0,0.0
4500004475,40,5000015861,20230704,17.34,17.34,0.0,0.0
4500004476,10,5000011609,20230530,77.5,77.27,0.0,0.0
4500004476,20,5000011609,20230530,155.0,154.55,0.0,0.0
4500004476,30,5000011609,20230530,122.5,122.73,0.0,0.0
4500004476,40,5000011609,20230530,954.0,954.55,0.0,0.0
4500004476,50,5000011609,20230530,170.0,136.36,0.0,0.0
4500004477,10,,,132212.39,132212.38,0.0,0.0
4500004477,20,,,38938.05,38938.05,0.0,0.0
4500004478,10,,,4690.27,4690.27,0.0,0.0
4500004478,20,,,7876.11,7876.11,0.0,0.0
4500004479,10,,,14902.65,14902.65,0.0,0.0
4500004480,10,,,14690.27,14690.27,0.0,0.0
4500004482,10,5000010272,20230517,1200.0,1200.0,0.0,0.0
4500004482,20,5000010272,20230517,58.26,58.26,0.0,0.0
4500004483,10,,,7079.65,7079.65,0.0,0.0
4500004484,30,,,4.37,4.37,0.0,0.0
4500004484,40,,,61197.7,61197.7,0.0,0.0
4500004484,80,,,9905.13,9905.13,0.0,0.0
4500004484,100,,,9905.13,9905.13,0.0,0.0
4500004484,110,,,436.99,436.99,0.0,0.0
4500004485,10,5000010293,20230517,9000.0,9000.0,0.0,0.0
4500004486,10,5000009749,20230510,415840.71,415840.71,0.0,0.0
4500004487,10,,,4295.58,4295.58,0.0,0.0
4500004487,20,,,11168.14,11168.14,0.0,0.0
4500004487,30,,,9880.53,9880.53,0.0,0.0
4500004487,40,,,11856.64,11856.64,0.0,0.0
4500004487,50,,,10309.73,10309.73,0.0,0.0
4500004487,60,,,27920.35,27920.35,0.0,0.0
4500004487,70,,,21907.08,21907.08,0.0,0.0
4500004487,80,,,4601.77,4601.77,0.0,0.0
4500004487,90,,,8591.15,8591.15,0.0,0.0
4500004488,10,,,16725.66,16725.66,0.0,0.0
4500004489,10,,,11553.99,11553.99,0.0,0.0
4500004489,20,,,2654.87,2654.87,0.0,0.0
4500004489,30,,,635.68,635.68,0.0,0.0
4500004490,10,5000010459,20230519,346.92,346.92,0.0,0.0
4500004490,20,5000010459,20230519,134.0,133.0,0.0,0.0
4500004490,30,5000010459,20230519,6818.4,6818.4,0.0,0.0
4500004490,40,5000010459,20230519,720.6,720.65,0.0,0.0
4500004490,50,5000010459,20230519,22500.0,743.4,0.0,0.0
4500004490,60,5000010459,20230519,44.05,44.05,0.0,0.0
4500004491,10,5000011970,20230601,49950.0,49950.0,0.0,0.0
4500004492,10,5000010038,20230515,170.0,170.0,187.0,-187.0
4500004492,20,5000010038,20230515,92.0,92.0,101.2,-101.2
4500004492,30,5000010038,20230515,92.0,92.0,101.2,-101.2
4500004492,40,5000010038,20230515,347.3,347.3,382.03,-382.03
4500004492,50,,,0.0,0.0,198.0,-198.0
4500004492,60,5000010038,20230515,10.0,10.0,11.0,-11.0
4500004493,10,,,2814.16,2814.16,0.0,0.0
4500004494,10,5000011966,20230601,136900.0,136900.0,0.0,0.0
4500004494,20,5000011966,20230601,12020.0,12020.5,0.0,0.0
4500004495,10,5000010122,20230516,1200.0,1200.0,0.0,0.0
4500004495,20,5000010122,20230516,58.26,58.26,0.0,0.0
4500004496,10,5000010121,20230516,1450.0,1450.0,0.0,0.0
4500004496,20,5000010121,20230516,70.4,70.4,0.0,0.0
4500004497,10,,,3092.92,3092.92,0.0,0.0
4500004497,20,,,1827.26,1827.26,0.0,0.0
4500004497,30,,,19469.03,19469.03,0.0,0.0
4500004498,20,,,3539.82,3539.82,0.0,0.0
4500004498,30,,,3539.82,3539.82,0.0,0.0
4500004498,40,,,2123.89,2123.89,0.0,0.0
4500004499,10,,,1267975.22,1250276.1,0.0,0.0
4500004499,20,,,1102927.43,1076378.76,0.0,0.0
4500004500,10,5000009836,20230511,1080.0,1080.0,0.0,0.0
4500004500,20,5000009836,20230511,410.0,410.0,0.0,0.0
4500004500,30,5000009836,20230511,240.0,240.0,0.0,0.0
4500004500,40,5000009836,20230511,247.0,247.0,0.0,0.0
4500004500,50,5000009836,20230511,300.0,300.0,0.0,0.0
4500004500,60,5000009836,20230511,266.0,266.0,0.0,0.0
4500004500,70,5000009836,20230511,495.0,495.0,0.0,0.0
4500004500,80,5000009836,20230511,420.0,420.0,0.0,0.0
4500004500,90,5000009836,20230511,474.0,474.0,0.0,0.0
4500004500,100,5000009836,20230511,5000.0,5000.0,0.0,0.0
4500004500,110,5000009836,20230511,63.5,63.25,0.0,0.0
4500004501,10,5000010290,20230517,2645.4,2645.4,0.0,0.0
4500004502,10,5000010295,20230517,1785.0,1785.0,0.0,0.0
4500004503,10,,,2424.78,2424.78,0.0,0.0
4500004503,20,,,1247.79,1247.79,0.0,0.0
4500004503,30,,,1380.53,1380.53,0.0,0.0
4500004503,40,,,1380.53,1380.53,0.0,0.0
4500004504,10,,,1380.53,1380.53,0.0,0.0
4500004504,20,,,1247.79,1247.79,0.0,0.0
4500004505,10,,,1247.79,1247.79,0.0,0.0
4500004505,20,,,1247.79,1247.79,0.0,0.0
4500004505,30,,,1380.53,1380.53,0.0,0.0
4500004505,40,,,1247.79,1247.79,0.0,0.0
4500004505,50,,,1380.53,1380.53,0.0,0.0
4500004505,60,,,1380.53,1380.53,0.0,0.0
4500004506,10,,,2230.09,2230.09,0.0,0.0
4500004507,10,,,42.48,42.48,0.0,0.0
4500004508,10,,,39.83,39.83,0.0,0.0
4500004509,10,,,2610.18,2610.18,0.0,0.0
4500004511,10,,,300.88,300.88,0.0,0.0
4500004512,10,,,33.63,33.63,0.0,0.0
4500004513,10,5000009839,20230511,798.0,798.0,0.0,0.0
4500004514,10,,,1352400.0,1172877.86,0.0,0.0
4500004515,10,,,0.0,0.0,0.0,0.0
4500004515,20,5000010237,20230516,2205854.87,2136067.24,0.0,0.0
4500004516,10,5000010123,20230516,1450.0,1450.0,0.0,0.0
4500004516,20,5000010123,20230516,70.4,70.4,0.0,0.0
4500004517,10,5000010120,20230516,1200.0,1200.0,0.0,0.0
4500004517,20,5000010120,20230516,58.26,58.26,0.0,0.0
4500004518,10,5000009835,20230511,120.0,120.0,0.0,0.0
4500004518,20,5000009835,20230511,125.0,125.0,0.0,0.0
4500004518,30,5000009835,20230511,50.0,50.0,0.0,0.0
4500004518,40,5000009835,20230511,55.0,55.0,0.0,0.0
4500004518,50,5000009835,20230511,825.0,825.0,0.0,0.0
4500004518,60,5000009835,20230511,617.5,617.5,0.0,0.0
4500004518,70,5000009835,20230511,1048.8,1048.8,0.0,0.0
4500004518,80,5000009835,20230511,52.0,52.0,0.0,0.0
4500004519,10,5000009834,20230511,1897.5,1897.5,0.0,0.0
4500004520,10,5000009833,20230511,2359.5,2359.5,0.0,0.0
4500004520,20,5000009833,20230511,495.0,495.0,0.0,0.0
4500004521,10,5000009838,20230511,840.0,840.0,0.0,0.0
4500004522,10,5000009842,20230511,1952.0,1952.0,0.0,0.0
4500004523,10,5000009841,20230511,798.0,798.0,0.0,0.0
4500004524,10,5000009840,20230511,798.0,798.0,0.0,0.0
4500004525,10,5000009849,20230511,2258.0,2258.0,0.0,0.0
4500004526,10,5000009848,20230511,798.0,798.0,0.0,0.0
4500004527,10,5000009847,20230511,798.0,798.0,0.0,0.0
4500004528,10,5000009846,20230511,2185.0,2185.0,0.0,0.0
4500004529,10,5000009854,20230511,902.0,902.0,0.0,0.0
4500004530,10,5000009853,20230511,798.0,798.0,0.0,0.0
4500004531,10,5000009845,20230511,798.0,798.0,0.0,0.0
4500004532,10,5000009844,20230511,2354.0,2354.0,0.0,0.0
4500004533,10,5000009843,20230511,982.0,982.0,0.0,0.0
4500004534,10,5000009852,20230511,1007.0,1007.0,0.0,0.0
4500004535,10,5000009837,20230511,387.0,387.0,0.0,0.0
4500004535,20,5000009837,20230511,138.0,138.69,0.0,0.0
4500004535,30,5000009837,20230511,705.0,705.0,0.0,0.0
4500004535,40,5000009837,20230511,99.0,98.55,0.0,0.0
4500004535,50,5000009837,20230511,25.44,25.44,0.0,0.0
4500004535,60,5000009837,20230511,66.0,65.98,0.0,0.0
4500004535,70,5000009837,20230511,300.0,300.0,0.0,0.0
4500004535,80,5000009837,20230511,496.0,495.0,0.0,0.0
4500004535,90,5000009837,20230511,222.0,222.0,0.0,0.0
4500004535,100,5000009837,20230511,195.4,195.4,0.0,0.0
4500004535,110,5000009837,20230511,400.0,400.0,0.0,0.0
4500004535,120,5000009837,20230511,35.24,35.24,0.0,0.0
4500004536,10,5000009822,20230511,2665.0,2665.0,0.0,0.0
4500004537,10,5000016276,20230707,195.0,195.25,0.0,0.0
4500004537,20,,,0.0,867.02,0.0,0.0
4500004538,10,5000016275,20230707,140.0,0.0,0.0,0.0
4500004538,20,5000016275,20230707,1040.0,0.0,0.0,0.0
4500004538,30,5000016275,20230707,981.0,0.0,0.0,0.0
4500004539,10,5000009851,20230511,2129.0,2129.0,0.0,0.0
4500004540,10,5000009850,20230511,1952.0,1952.0,0.0,0.0
4500004541,10,5000009860,20230511,902.0,902.0,0.0,0.0
4500004542,10,5000009859,20230511,798.0,798.0,0.0,0.0
4500004543,10,5000009858,20230511,2258.0,2258.0,0.0,0.0
4500004544,10,5000009857,20230511,2081.0,2081.0,0.0,0.0
4500004545,10,5000009892,20230512,2056.0,2056.0,0.0,0.0
4500004546,10,5000009856,20230511,2036.0,2036.0,0.0,0.0
4500004548,10,5000012115,20230602,500.0,500.0,0.0,0.0
4500004548,20,5000012115,20230602,500.0,500.0,0.0,0.0
4500004548,30,5000012115,20230602,500.0,500.0,0.0,0.0
4500004548,40,5000012115,20230602,500.0,500.0,0.0,0.0
4500004548,50,5000012115,20230602,500.0,500.0,0.0,0.0
4500004548,60,5000012115,20230602,500.0,500.0,0.0,0.0
4500004548,70,5000012115,20230602,500.0,500.0,0.0,0.0
4500004548,80,5000012115,20230602,500.0,500.0,0.0,0.0
4500004548,90,5000012115,20230602,500.0,500.0,0.0,0.0
4500004548,100,5000012115,20230602,500.0,500.0,0.0,0.0
4500004548,110,5000012115,20230602,500.0,500.0,0.0,0.0
4500004548,120,5000012115,20230602,500.0,500.0,0.0,0.0
4500004549,10,,,8495.58,8495.58,0.0,0.0
4500004549,20,,,26548.67,26548.65,0.0,0.0
4500004549,30,,,35398.23,35398.23,0.0,0.0
4500004550,10,,,8584.07,8584.07,0.0,0.0
4500004551,10,5000009855,20230511,13370.0,13370.0,0.0,0.0
4500004551,20,5000009855,20230511,1170.0,1170.0,0.0,0.0
4500004551,30,5000009855,20230511,2925.0,2925.0,0.0,0.0
4500004551,40,5000009855,20230511,765.0,765.0,0.0,0.0
4500004551,50,5000009855,20230511,14720.0,14720.0,0.0,0.0
4500004551,60,5000009855,20230511,2440.0,2440.0,0.0,0.0
4500004551,70,5000009855,20230511,2760.0,2760.0,0.0,0.0
4500004552,10,,,1150.44,1150.44,0.0,0.0
4500004553,10,5000014910,20230628,396.0,396.0,0.0,0.0
4500004554,10,5000010944,20230525,34414.17,34414.19,0.0,0.0
4500004554,20,5000009891,20230512,27275.56,27275.56,0.0,0.0
4500004554,30,5000009891,20230512,29605.54,29605.54,0.0,0.0
4500004554,40,5000009891,20230512,28423.63,28423.63,0.0,0.0
4500004554,50,5000009891,20230512,28423.63,28423.63,0.0,0.0
4500004554,60,5000009891,20230512,29329.07,29329.07,0.0,0.0
4500004554,70,5000009891,20230512,30370.83,30370.83,0.0,0.0
4500004554,80,5000009891,20230512,44264.73,44264.73,0.0,0.0
4500004554,90,5000009891,20230512,1234.0,1234.0,0.0,0.0
4500004554,100,5000009891,20230512,11819.5,11819.5,0.0,0.0
4500004554,110,5000009891,20230512,2441.8,2441.8,0.0,0.0
4500004555,10,5000010124,20230516,1100.0,1100.0,0.0,0.0
4500004555,20,5000010124,20230516,58.41,58.41,0.0,0.0
4500004561,10,5000009925,20230512,31820.84,31820.84,0.0,0.0
4500004561,20,5000009925,20230512,30267.51,30267.51,0.0,0.0
4500004561,30,5000010847,20230524,26662.43,26662.43,0.0,0.0
4500004561,40,5000009925,20230512,31301.21,31301.21,0.0,0.0
4500004561,50,5000009925,20230512,32960.84,32960.84,0.0,0.0
4500004561,60,5000009925,20230512,25914.06,25914.06,0.0,0.0
4500004561,70,5000009925,20230512,26450.14,26450.14,0.0,0.0
4500004561,80,5000010847,20230524,42836.35,42836.35,0.0,0.0
4500004561,90,5000009925,20230512,43614.43,43614.43,0.0,0.0
4500004561,100,5000009925,20230512,9146.0,9146.0,0.0,0.0
4500004561,110,5000009925,20230512,2468.0,2468.0,0.0,0.0
4500004561,120,5000009925,20230512,377.5,377.5,0.0,0.0
4500004562,10,5000009924,20230512,44916.02,44916.02,0.0,0.0
4500004562,20,5000009924,20230512,38033.35,38033.35,0.0,0.0
4500004562,30,5000009924,20230512,33161.05,33161.05,0.0,0.0
4500004562,40,5000009924,20230512,32639.45,32639.45,0.0,0.0
4500004562,50,5000009924,20230512,32901.79,32901.79,0.0,0.0
4500004562,60,5000010848,20230524,27456.91,27456.91,0.0,0.0
4500004562,70,5000009924,20230512,25148.35,25148.35,0.0,0.0
4500004562,80,5000009924,20230512,25602.62,25602.62,0.0,0.0
4500004562,90,5000009924,20230512,37962.75,37962.75,0.0,0.0
4500004562,100,5000009924,20230512,43792.81,43792.81,0.0,0.0
4500004562,110,5000009924,20230512,34717.39,34717.39,0.0,0.0
4500004562,120,5000009924,20230512,38746.32,38746.32,0.0,0.0
4500004564,10,,,346.02,346.02,0.0,0.0
4500004565,10,5000010648,20230522,1946.9,1946.9,0.0,0.0
4500004565,20,5000010648,20230522,1769.91,1769.91,0.0,0.0
4500004566,10,5000010005,20230515,27642.07,27642.07,0.0,0.0
4500004566,20,5000010005,20230515,5396.0,5395.89,0.0,0.0
4500004566,30,5000010005,20230515,3340.8,3340.4,0.0,0.0
4500004566,40,5000010005,20230515,5669.6,5669.99,0.0,0.0
4500004566,50,5000010005,20230515,4402.4,4402.31,0.0,0.0
4500004566,60,5000010005,20230515,24947.78,24947.78,0.0,0.0
4500004566,70,5000010005,20230515,31460.1,31460.1,0.0,0.0
4500004566,80,5000010005,20230515,30364.83,30364.83,0.0,0.0
4500004566,90,5000010005,20230515,41869.51,41869.51,0.0,0.0
4500004566,100,5000010005,20230515,30809.83,30809.83,0.0,0.0
4500004566,110,5000010851,20230524,29969.35,29969.35,0.0,0.0
4500004566,120,5000010005,20230515,33766.23,33766.23,0.0,0.0
4500004566,130,5000010005,20230515,30487.34,30487.34,0.0,0.0
4500004566,140,5000010005,20230515,42618.22,42618.22,0.0,0.0
4500004566,150,5000010005,20230515,27447.19,27447.19,0.0,0.0
4500004568,10,,,884.96,884.96,0.0,0.0
4500004569,20,,,4380.53,4380.53,0.0,0.0
4500004569,30,,,5238.94,5238.94,0.0,0.0
4500004569,40,,,578.76,578.76,0.0,0.0
4500004570,10,,,15196.46,14539.82,0.0,0.0
4500004570,20,,,1592.92,1504.42,0.0,0.0
4500004571,10,5000010457,20230519,670.0,665.0,0.0,0.0
4500004572,10,,,6283.19,6283.19,0.0,0.0
4500004573,20,,,39292.04,39292.04,0.0,0.0
4500004573,40,,,55814.17,55814.18,0.0,0.0
4500004573,70,,,76460.19,76460.19,0.0,0.0
4500004573,100,,,5309.73,5309.73,0.0,0.0
4500004574,10,,,61504.42,61504.42,0.0,0.0
4500004575,10,,,14867.26,14867.26,0.0,0.0
4500004576,10,,,14292.04,14292.04,0.0,0.0
4500004576,40,,,1460.18,1460.18,0.0,0.0
4500004577,10,,,3163.72,3163.72,0.0,0.0
4500004577,20,,,1367.26,1367.26,0.0,0.0
4500004577,30,,,1318.58,1318.58,0.0,0.0
4500004577,40,,,19778.76,19778.76,0.0,0.0
4500004577,50,,,19690.27,19690.27,0.0,0.0
4500004577,60,,,39380.53,39380.53,0.0,0.0
4500004578,10,,,5592.92,5592.92,0.0,0.0
4500004578,20,,,2743.36,2743.36,0.0,0.0
4500004578,30,,,1369.91,1369.91,0.0,0.0
4500004581,10,5000013233,20230614,4470.0,4470.0,0.0,0.0
4500004581,20,5000013233,20230614,217.03,217.03,0.0,0.0
4500004581,30,5000015422,20230630,4470.0,4470.0,0.0,0.0
4500004581,40,5000015422,20230630,217.03,217.03,0.0,0.0
4500004581,50,5000012862,20230609,4470.0,4470.0,0.0,0.0
4500004581,60,5000012862,20230609,217.03,217.03,0.0,0.0
4500004581,70,5000014349,20230623,4470.0,4470.0,0.0,0.0
4500004581,80,5000014349,20230623,217.03,217.03,0.0,0.0
4500004581,90,,,0.0,0.0,0.0,0.0
4500004581,100,,,0.0,0.0,0.0,0.0
4500004581,110,5000012862,20230609,4470.0,4470.0,0.0,0.0
4500004581,120,5000012862,20230609,217.03,217.03,0.0,0.0
4500004581,130,5000011078,20230526,4470.0,4470.0,0.0,0.0
4500004581,140,5000011078,20230526,217.03,217.03,0.0,0.0
4500004582,10,,,1044.25,1044.25,0.0,0.0
4500004583,10,,,31221.24,31221.24,0.0,0.0
4500004584,10,,,146.02,146.02,0.0,0.0
4500004585,70,,,5869.91,5869.91,0.0,0.0
4500004585,110,,,1849.56,1849.56,0.0,0.0
4500004586,10,5000009936,20230512,9911.5,9911.5,0.0,0.0
4500004587,10,,,5840.71,5840.71,0.0,0.0
4500004588,10,,,194601.77,194601.77,0.0,0.0
4500004588,30,,,128274.34,128274.34,0.0,0.0
4500004589,10,,,635.68,635.68,0.0,0.0
4500004590,10,,,63495.58,62407.08,0.0,0.0
4500004591,10,,,5267.26,5267.26,0.0,0.0
4500004592,10,,,840.71,840.71,0.0,0.0
4500004593,10,,,16460.18,16460.18,0.0,0.0
4500004593,20,,,15221.24,15221.24,0.0,0.0
4500004594,10,,,6902.65,6902.65,0.0,0.0
4500004595,10,,,35398.23,35398.23,0.0,0.0
4500004595,20,,,3185.84,3185.84,0.0,0.0
4500004595,30,,,1699.12,1699.12,0.0,0.0
4500004595,40,,,29203.54,29203.54,0.0,0.0
4500004596,10,,,26913.36,26913.36,0.0,0.0
4500004597,10,,,262377.35,262377.36,0.0,0.0
4500004597,20,,,38240.44,38240.44,0.0,0.0
4500004598,10,,,29557.52,29557.52,0.0,0.0
4500004598,20,,,12141.59,12141.59,0.0,0.0
4500004599,10,,,166.37,166.37,0.0,0.0
4500004600,10,,,2654.87,2654.87,0.0,0.0
4500004601,10,,,66371.68,66371.67,0.0,0.0
4500004601,20,,,13274.35,13274.34,0.0,0.0
4500004601,30,,,6637.17,6637.17,0.0,0.0
4500004601,40,,,32522.12,32522.12,0.0,0.0
4500004601,50,,,3318.58,3318.58,0.0,0.0
4500004601,60,,,33185.84,33185.84,0.0,0.0
4500004603,10,,,9345.13,10560.0,0.0,0.0
4500004604,10,,,3682.3,3682.3,0.0,0.0
4500004604,20,,,8407.08,8407.08,0.0,0.0
4500004605,10,5000010286,20230517,500.0,500.0,0.0,0.0
4500004605,20,5000010286,20230517,150.0,150.0,0.0,0.0
4500004605,30,5000010286,20230517,300.0,300.0,0.0,0.0
4500004605,40,5000010286,20230517,350.0,350.0,0.0,0.0
4500004606,30,,,732.04,0.0,0.0,0.0
4500004607,10,,,300.88,300.88,0.0,0.0
4500004608,10,,,867.26,867.26,0.0,0.0
4500004609,10,,,0.0,0.0,0.0,0.0
4500004610,10,,,40386.28,40386.28,0.0,0.0
4500004610,20,,,10478.32,10478.32,0.0,0.0
4500004611,30,,,5746.46,5746.46,0.0,0.0
4500004611,40,,,6826.73,6826.73,0.0,0.0
4500004611,50,,,9135.66,9135.66,0.0,0.0
4500004611,170,,,10716.37,10716.37,0.0,0.0
4500004611,180,,,3299.47,3299.47,0.0,0.0
4500004611,220,,,9756.9,9756.9,0.0,0.0
4500004611,230,,,859.38,859.38,0.0,0.0
4500004612,10,,,150371.68,150493.8,0.0,0.0
4500004613,10,,,8.01,8.01,0.0,0.0
4500004613,20,,,3.81,3.81,0.0,0.0
4500004613,30,,,52846.8,52846.8,0.0,0.0
4500004613,40,,,2071.09,2071.09,0.0,0.0
4500004613,50,,,98740.98,98740.98,0.0,0.0
4500004613,60,,,8421.66,8421.68,0.0,0.0
4500004613,70,,,15469.49,15469.49,0.0,0.0
4500004613,80,,,28987.08,28987.08,0.0,0.0
4500004613,110,,,37427.2,37427.2,0.0,0.0
4500004613,150,,,36590.75,36590.75,0.0,0.0
4500004614,10,,,54528.45,54528.45,0.0,0.0
4500004614,20,,,230965.35,230965.35,0.0,0.0
4500004614,30,,,8446.46,8446.45,0.0,0.0
4500004615,10,5000010037,20230515,90.0,90.0,0.0,0.0
4500004616,10,5000010036,20230515,64.75,64.75,0.0,0.0
4500004617,10,,,160566.37,160566.38,0.0,0.0
4500004617,20,,,53044.25,53044.24,0.0,0.0
4500004617,30,,,84823.01,84823.02,0.0,0.0
4500004617,40,,,82353.98,82353.98,0.0,0.0
4500004617,50,,,113161.05,113161.05,0.0,0.0
4500004618,10,5000010035,20230515,567.6,567.6,0.0,0.0
4500004618,20,5000010035,20230515,570.0,570.0,0.0,0.0
4500004620,10,,,6150.44,6150.44,0.0,0.0
4500004620,20,,,132849.56,132849.56,0.0,0.0
4500004620,30,,,7380.53,7380.53,0.0,0.0
4500004620,40,,,7380.53,7380.53,0.0,0.0
4500004620,50,,,23008.86,23008.9,0.0,0.0
4500004621,10,,,56353.98,56353.98,0.0,0.0
4500004621,20,,,41061.96,41061.96,0.0,0.0
4500004622,10,,,0.0,0.0,0.0,0.0
4500004622,20,,,0.0,0.0,0.0,0.0
4500004622,30,,,0.0,0.0,0.0,0.0
4500004622,40,,,0.0,0.0,0.0,0.0
4500004622,50,,,0.0,0.0,0.0,0.0
4500004623,10,5000010173,20230516,85.0,85.0,0.0,0.0
4500004623,20,5000010173,20230516,85.0,85.0,0.0,0.0
4500004623,30,5000010173,20230516,100.0,100.0,0.0,0.0
4500004624,10,,,0.0,0.0,0.0,0.0
4500004624,20,,,0.0,0.0,0.0,0.0
4500004625,10,5000010174,20230516,487.0,487.0,0.0,0.0
4500004625,20,5000010174,20230516,41.0,41.4,0.0,0.0
4500004625,30,5000010174,20230516,70.0,70.0,0.0,0.0
4500004625,40,5000010174,20230516,77.0,77.0,0.0,0.0
4500004626,10,5000010288,20230517,360.0,360.0,0.0,0.0
4500004627,90,,,3983.36,3983.36,0.0,0.0
4500004628,10,5000010117,20230516,1900.0,1900.0,0.0,0.0
4500004629,10,,,4424.78,4424.79,0.0,0.0
4500004630,10,5000010118,20230516,312.0,312.0,343.2,-343.2
4500004630,20,5000010118,20230516,339.84,339.84,373.82,-373.82
4500004630,30,5000010118,20230516,45.0,45.0,49.5,-49.5
4500004631,10,,,4424.78,4424.78,0.0,0.0
4500004632,10,,,1283.19,1450.0,0.0,0.0
4500004633,10,,,7079.65,7079.65,0.0,0.0
4500004633,20,,,796.46,796.46,0.0,0.0
4500004634,10,,,353.98,353.98,0.0,0.0
4500004636,10,,,1153.27,1153.27,0.0,0.0
4500004636,20,,,1159.65,1159.65,0.0,0.0
4500004638,10,,,32212.39,32212.39,0.0,0.0
4500004639,10,,,215946.9,215946.89,0.0,0.0
4500004640,10,,,205238.94,205238.94,0.0,0.0
4500004640,20,,,214061.95,214061.95,0.0,0.0
4500004641,10,,,1592.92,1592.92,0.0,0.0
4500004641,20,,,3866.37,3866.37,0.0,0.0
4500004642,10,5000010092,20230515,422566.37,422566.35,0.0,0.0
4500004642,20,5000010092,20230515,30442.48,82318.02,0.0,0.0
4500004643,10,,,181415.93,181415.93,0.0,0.0
4500004643,30,,,101684.95,101684.95,0.0,0.0
4500004644,10,,,380921.24,380921.26,0.0,0.0
4500004645,10,5000010093,20230515,422566.37,422566.35,0.0,0.0
4500004645,20,5000010093,20230515,75443.41,63400.81,0.0,0.0
4500004646,10,,,35390.09,35390.09,0.0,0.0
4500004646,20,,,7686.55,7686.54,0.0,0.0
4500004646,30,,,11283.19,11283.19,0.0,0.0
4500004646,40,,,19203.54,19203.54,0.0,0.0
4500004646,50,,,164513.27,164513.27,0.0,0.0
4500004646,60,,,107238.94,107238.94,0.0,0.0
4500004646,70,,,18078.45,18078.45,0.0,0.0
4500004646,80,,,54424.38,54424.38,0.0,0.0
4500004646,90,,,32869.73,32869.73,0.0,0.0
4500004646,100,,,44753.63,44753.63,0.0,0.0
4500004646,110,,,79810.64,79810.64,0.0,0.0
4500004646,120,,,83438.76,83438.76,0.0,0.0
4500004646,130,,,139317.08,138583.83,0.0,0.0
4500004646,140,,,134850.27,134850.27,0.0,0.0
4500004647,10,,,8318.58,8318.58,0.0,0.0
4500004648,70,,,0.0,0.0,0.0,0.0
4500004648,80,,,1380.53,1380.5,0.0,0.0
4500004648,90,,,2424.78,2424.78,0.0,0.0
4500004648,100,,,2424.78,2424.78,0.0,0.0
4500004648,110,,,1247.79,1247.79,0.0,0.0
4500004649,10,,,1247.79,1247.79,0.0,0.0
4500004649,20,,,1247.79,1247.79,0.0,0.0
4500004649,30,,,1380.53,1380.53,0.0,0.0
4500004649,40,,,1380.53,1380.53,0.0,0.0
4500004649,50,,,1247.79,1247.79,0.0,0.0
4500004649,60,,,2424.78,2424.78,0.0,0.0
4500004649,70,,,2424.78,2424.78,0.0,0.0
4500004649,80,,,2424.78,2424.78,0.0,0.0
4500004650,10,,,2424.78,2424.78,0.0,0.0
4500004650,20,,,1380.53,1380.53,0.0,0.0
4500004650,30,,,1247.79,1247.79,0.0,0.0
4500004651,10,,,1380.53,1380.53,0.0,0.0
4500004651,20,,,1380.53,1380.53,0.0,0.0
4500004651,30,,,2424.78,2424.78,0.0,0.0
4500004652,10,5000010112,20230515,128495.58,128495.58,0.0,0.0
4500004653,10,,,2238.94,2238.94,0.0,0.0
4500004654,10,,,122017.7,122017.71,0.0,0.0
4500004654,20,,,40672.57,40672.56,0.0,0.0
4500004654,30,,,81345.13,81345.13,0.0,0.0
4500004654,40,,,30504.42,30504.42,0.0,0.0
4500004655,10,,,756.64,756.64,0.0,0.0
4500004657,10,5000010289,20230517,5445.0,5445.0,0.0,0.0
4500004657,20,5000010289,20230517,1089.0,1089.0,0.0,0.0
4500004658,10,5000010150,20230516,2500.0,2500.0,0.0,0.0
4500004659,10,,,5132.74,5132.74,0.0,0.0
4500004660,10,,,23787.61,23787.61,0.0,0.0
4500004661,10,,,20219.47,20219.46,0.0,0.0
4500004661,20,,,26548.67,26548.67,0.0,0.0
4500004661,30,,,2044.25,2044.25,0.0,0.0
4500004661,40,,,75079.65,75079.65,0.0,0.0
4500004663,10,,,9557.52,9557.52,0.0,0.0
4500004663,20,,,37168.14,37168.14,0.0,0.0
4500004664,10,,,18584.07,18584.07,0.0,0.0
4500004665,10,,,15398.23,15398.23,0.0,0.0
4500004666,10,5000012739,20230608,2750.0,2750.0,0.0,0.0
4500004666,20,5000012739,20230608,112.66,112.66,0.0,0.0
4500004666,30,5000012739,20230608,2750.0,2750.0,0.0,0.0
4500004666,40,5000012739,20230608,112.66,112.66,0.0,0.0
4500004667,10,,,8697.35,8697.35,0.0,0.0
4500004667,20,,,8960.18,8960.18,0.0,0.0
4500004667,30,,,31858.41,31858.41,0.0,0.0
4500004667,40,,,4141.59,4141.59,0.0,0.0
4500004668,10,5000010721,20230523,1450.0,1450.0,0.0,0.0
4500004668,20,5000010721,20230523,59.4,59.4,0.0,0.0
4500004669,10,,,5656.64,5656.64,0.0,0.0
4500004669,20,,,3911.5,3911.5,0.0,0.0
4500004671,10,,,8672.57,11575.22,0.0,0.0
4500004671,20,,,5607.09,5607.08,0.0,0.0
4500004671,30,,,1415.93,1415.93,0.0,0.0
4500004671,40,,,14145.13,14145.13,0.0,0.0
4500004671,50,,,1359.3,1359.3,0.0,0.0
4500004672,10,5000010719,20230523,1100.0,1100.0,0.0,0.0
4500004672,20,5000010719,20230523,45.06,45.06,0.0,0.0
4500004673,10,,,29203.54,29203.54,0.0,0.0
4500004674,10,5000010722,20230523,1200.0,1200.0,0.0,0.0
4500004674,20,5000010722,20230523,49.16,49.17,0.0,0.0
4500004674,30,5000010722,20230523,1200.0,1200.0,0.0,0.0
4500004674,40,5000010722,20230523,49.16,49.16,0.0,0.0
4500004676,10,,,573.45,573.45,0.0,0.0
4500004677,10,5000010169,20230516,3900.0,3900.0,0.0,0.0
4500004677,20,5000010169,20230516,236.69,236.69,0.0,0.0
4500004678,10,,,16916.81,16185.84,0.0,0.0
4500004678,20,,,371.68,371.68,0.0,0.0
4500004678,30,,,265.49,265.49,0.0,0.0
4500004678,40,,,265.49,265.49,0.0,0.0
4500004678,50,,,557.52,557.52,0.0,0.0
4500004679,10,5000021795,20230811,3900.0,3900.0,0.0,0.0
4500004679,20,5000021795,20230811,159.77,159.77,0.0,0.0
4500004680,10,,,14469.03,14469.03,0.0,0.0
4500004680,20,,,19646.02,19646.02,0.0,0.0
4500004680,30,,,125663.72,125663.72,0.0,0.0
4500004681,10,,,8761.06,8761.06,0.0,0.0
4500004681,20,,,5309.73,5309.73,0.0,0.0
4500004682,10,,,11681.42,11681.42,0.0,0.0
4500004682,20,,,15929.2,15929.2,0.0,0.0
4500004683,10,5000010720,20230523,1450.0,1450.0,0.0,0.0
4500004683,20,5000010720,20230523,59.4,59.4,0.0,0.0
4500004684,10,5000010965,20230525,2750.0,2750.0,0.0,0.0
4500004684,20,5000010965,20230525,112.66,112.66,0.0,0.0
4500004685,10,,,19115.04,19115.04,0.0,0.0
4500004686,10,,,19115.04,19115.04,0.0,0.0
4500004687,10,,,19115.04,19115.04,0.0,0.0
4500004689,90,,,42366.81,42366.81,0.0,0.0
4500004690,10,5000010693,20230522,919526.55,884128.31,0.0,0.0
4500004691,10,5000010165,20230516,186847.79,186847.79,0.0,0.0
4500004692,10,,,8849.56,8849.56,0.0,0.0
4500004693,10,,,88274.34,86761.06,0.0,0.0
4500004693,20,,,8283.19,8283.19,0.0,0.0
4500004693,30,,,4513.27,4513.27,0.0,0.0
4500004694,10,,,2654.87,2654.87,0.0,0.0
4500004694,20,,,2421.24,2421.25,0.0,0.0
4500004695,10,5000012103,20230602,2847.6,2847.6,0.0,0.0
4500004696,10,5000010458,20230519,289.0,289.0,0.0,0.0
4500004697,10,5000010456,20230519,85.0,85.0,0.0,0.0
4500004697,20,5000010456,20230519,85.0,85.0,0.0,0.0
4500004698,10,,,1734.51,1734.52,0.0,0.0
4500004699,10,,,976.99,976.99,0.0,0.0
4500004699,20,,,8849.56,8849.56,0.0,0.0
4500004699,30,,,5309.73,5309.73,0.0,0.0
4500004700,10,5000010455,20230519,9000.0,9000.0,0.0,0.0
4500004701,10,5000010454,20230519,48.4,48.4,0.0,0.0
4500004701,20,5000010454,20230519,29.93,29.93,0.0,0.0
4500004701,30,5000010454,20230519,63.88,63.88,0.0,0.0
4500004701,40,5000010454,20230519,35.95,35.95,0.0,0.0
4500004701,50,5000010454,20230519,83.36,83.36,0.0,0.0
4500004701,60,5000010454,20230519,50.0,50.0,0.0,0.0
4500004702,10,,,253982.29,253982.29,0.0,0.0
4500004702,20,,,176960.62,176960.62,0.0,0.0
4500004702,30,,,7345.13,7345.13,0.0,0.0
4500004703,10,,,4748.89,4748.89,0.0,0.0
4500004703,20,,,9497.79,9497.79,0.0,0.0
4500004703,30,,,14246.68,14246.68,0.0,0.0
4500004703,40,,,47488.94,47488.94,0.0,0.0
4500004704,10,,,2230.09,2230.09,0.0,0.0
4500004704,20,,,11122.66,11122.66,0.0,0.0
4500004704,30,,,17035.4,17035.41,0.0,0.0
4500004704,40,,,1415.93,1415.93,0.0,0.0
4500004704,50,,,17699.12,17699.12,0.0,0.0
4500004704,60,,,2477.88,2477.88,0.0,0.0
4500004704,70,,,2477.88,2477.88,0.0,0.0
4500004704,80,,,2477.88,2477.88,0.0,0.0
4500004705,10,,,3345.13,3345.13,0.0,0.0
4500004705,20,,,15168.14,15168.14,0.0,0.0
4500004706,10,,,6194.69,6194.69,0.0,0.0
4500004707,10,,,5486.73,5486.73,0.0,0.0
4500004707,20,,,1548.67,1548.67,0.0,0.0
4500004707,30,,,7522.12,7522.13,0.0,0.0
4500004707,40,,,3982.3,3982.3,0.0,0.0
4500004708,10,,,2522.12,2522.1,0.0,0.0
4500004709,10,,,109734.51,109734.52,0.0,0.0
4500004709,20,,,27433.63,27433.63,0.0,0.0
4500004709,30,,,14654.87,14654.87,0.0,0.0
4500004710,10,,,102136.28,102136.28,0.0,0.0
4500004711,10,,,17840.71,17840.71,0.0,0.0
4500004711,20,,,2212.39,2212.39,0.0,0.0
4500004711,30,,,6053.1,6053.1,0.0,0.0
4500004712,10,,,68761.06,68761.06,0.0,0.0
4500004712,20,,,16283.19,16283.19,0.0,0.0
4500004713,10,,,20336.28,20336.28,0.0,0.0
4500004713,20,,,45756.64,45756.64,0.0,0.0
4500004713,30,,,101681.42,101681.42,0.0,0.0
4500004713,40,,,30504.42,30504.42,0.0,0.0
4500004714,10,,,919524.34,889568.6,0.0,0.0
4500004715,10,,,238.94,238.91,0.0,0.0
4500004715,20,,,1411.5,1411.5,0.0,0.0
4500004715,30,,,522.12,522.12,0.0,0.0
4500004715,40,,,1734.51,1734.51,0.0,0.0
4500004715,50,,,1548.67,1548.67,0.0,0.0
4500004715,60,,,1150.44,1150.4,0.0,0.0
4500004715,70,,,265.49,265.49,0.0,0.0
4500004715,80,,,230.09,230.09,0.0,0.0
4500004715,90,,,486.73,486.73,0.0,0.0
4500004715,100,,,575.22,575.22,0.0,0.0
4500004715,110,,,3539.82,3539.82,0.0,0.0
4500004715,120,,,28.76,28.76,0.0,0.0
4500004715,140,,,5221.24,5221.24,0.0,0.0
4500004715,160,,,309.73,309.73,0.0,0.0
4500004715,170,,,5398.23,5398.23,0.0,0.0
4500004715,180,,,44.25,44.25,0.0,0.0
4500004715,190,,,2079.65,2079.65,0.0,0.0
4500004715,200,,,318.58,318.58,0.0,0.0
4500004715,210,,,796.46,796.46,0.0,0.0
4500004715,220,,,4035.4,4035.4,0.0,0.0
4500004715,230,,,707.96,707.96,0.0,0.0
4500004715,240,,,840.71,840.79,0.0,0.0
4500004715,250,,,110.62,110.62,0.0,0.0
4500004716,10,,,3185.84,3185.84,0.0,0.0
4500004717,10,,,21902.65,21902.65,0.0,0.0
4500004718,10,,,9289.91,9289.9,0.0,0.0
4500004719,10,5000010242,20230516,1103429.2,1067482.32,0.0,0.0
4500004720,10,,,7686.55,7686.55,0.0,0.0
4500004721,10,,,1592.92,1592.92,0.0,0.0
4500004721,20,,,261.06,261.06,0.0,0.0
4500004721,30,,,378.05,378.05,0.0,0.0
4500004722,10,,,79089.88,79089.88,0.0,0.0
4500004722,60,,,70.8,70.8,0.0,0.0
4500004722,70,,,3610.62,3610.62,0.0,0.0
4500004722,80,,,1457.24,1457.24,0.0,0.0
4500004722,120,,,159.29,159.29,0.0,0.0
4500004722,130,,,768.65,768.65,0.0,0.0
4500004723,10,,,12098.54,692.92,0.0,0.0
4500004724,10,,,13805.31,13805.31,0.0,0.0
4500004724,20,,,5168.14,5168.14,0.0,0.0
4500004725,10,,,2093.1,2797.49,0.0,0.0
4500004725,20,,,1374.29,1369.65,0.0,0.0
4500004725,30,,,2847.58,2828.25,0.0,0.0
4500004726,10,,,88.5,88.5,0.0,0.0
4500004727,10,,,35.4,35.4,0.0,0.0
4500004727,30,,,28.32,28.32,0.0,0.0
4500004727,40,,,57.52,57.52,0.0,0.0
4500004728,10,5000010453,20230519,509.04,560.0,0.0,0.0
4500004728,20,5000010453,20230519,272.76,300.0,0.0,0.0
4500004729,10,5000010723,20230523,1350.0,1350.0,0.0,0.0
4500004729,20,5000010723,20230523,55.3,55.3,0.0,0.0
4500004730,10,5000010964,20230525,2750.0,2750.0,0.0,0.0
4500004730,20,5000010964,20230525,112.66,112.66,0.0,0.0
4500004731,10,5000010448,20230519,18000.0,18000.0,0.0,0.0
4500004732,10,,,7805.31,7805.31,0.0,0.0
4500004733,10,5000010886,20230524,1990.0,1990.0,0.0,0.0
4500004733,20,5000010886,20230524,1485.0,1485.0,0.0,0.0
4500004734,10,5000010452,20230519,100.0,100.0,0.0,0.0
4500004735,10,,,3185.84,3185.84,0.0,0.0
4500004736,10,,,34973.45,39520.0,0.0,0.0
4500004737,10,5000010479,20230519,114.45,114.45,0.0,0.0
4500004739,10,,,340.71,340.71,0.0,0.0
4500004739,20,,,318.58,318.58,0.0,0.0
4500004739,50,,,35.4,35.4,0.0,0.0
4500004739,70,,,10.62,10.62,0.0,0.0
4500004739,80,,,15.93,15.93,0.0,0.0
4500004739,100,,,265.49,265.49,0.0,0.0
4500004742,10,5000010451,20230519,330.75,330.75,0.0,0.0
4500004744,10,5000010450,20230519,257.25,257.25,0.0,0.0
4500004745,10,5000010449,20230519,50.0,50.0,0.0,0.0
4500004746,10,,,955.75,955.75,0.0,0.0
4500004746,20,,,1805.31,1805.31,0.0,0.0
4500004747,10,,,115.04,115.04,0.0,0.0
4500004747,20,,,115.05,115.05,0.0,0.0
4500004748,10,,,63893.81,63893.81,0.0,0.0
4500004748,20,,,24778.76,24778.76,0.0,0.0
4500004749,10,,,398.23,398.23,0.0,0.0
4500004749,20,,,265.49,265.49,0.0,0.0
4500004749,30,,,663.72,663.72,0.0,0.0
4500004749,40,,,265.49,265.49,0.0,0.0
4500004749,50,,,265.49,265.49,0.0,0.0
4500004749,60,,,530.97,530.97,0.0,0.0
4500004749,70,,,159.29,159.29,0.0,0.0
4500004749,80,,,353.98,353.98,0.0,0.0
4500004751,10,5000010472,20230519,1012.0,1012.0,0.0,0.0
4500004753,10,,,36.0,0.0,0.0,0.0
4500004753,20,,,54.9,0.0,0.0,0.0
4500004753,30,,,42.0,0.0,0.0,0.0
4500004753,40,,,80.0,0.0,0.0,0.0
4500004754,10,5000010471,20230519,191.25,191.25,0.0,0.0
4500004754,20,5000010471,20230519,63.75,63.75,0.0,0.0
4500004755,10,5000010470,20230519,100.0,100.0,0.0,0.0
4500004756,10,,,16.0,16.0,0.0,0.0
4500004756,20,,,286.0,286.0,0.0,0.0
4500004758,10,,,492.0,492.0,0.0,0.0
4500004759,10,,,960.0,960.0,0.0,0.0
4500004759,20,,,960.0,960.0,0.0,0.0
4500004759,30,,,480.0,480.0,0.0,0.0
4500004759,40,,,164.88,164.0,0.0,0.0
4500004759,50,,,450.0,450.0,0.0,0.0
4500004759,60,,,600.12,600.0,0.0,0.0
4500004759,70,,,480.0,480.0,0.0,0.0
4500004760,10,,,30973.45,30973.45,0.0,0.0
4500004761,10,,,10353.98,10353.98,0.0,0.0
4500004761,20,,,17256.64,17256.64,0.0,0.0
4500004761,30,,,8628.32,8628.32,0.0,0.0
4500004761,40,,,17256.64,17256.64,0.0,0.0
4500004761,50,,,23893.81,23893.81,0.0,0.0
4500004761,60,,,22699.12,22699.12,0.0,0.0
4500004761,70,,,10194.69,10194.69,0.0,0.0
4500004761,80,,,11725.66,11725.66,0.0,0.0
4500004761,90,,,11946.9,11946.9,0.0,0.0
4500004761,100,,,77433.63,76106.19,0.0,0.0
4500004762,10,,,110315.01,0.0,0.0,0.0
4500004762,20,,,92403.23,0.0,0.0,0.0
4500004763,10,,,8584.07,8584.07,0.0,0.0
4500004764,10,5000015415,20230630,3900.0,3900.0,0.0,0.0
4500004764,20,5000015415,20230630,159.77,159.77,0.0,0.0
4500004767,10,5000010473,20230519,363.64,363.64,0.0,0.0
4500004768,10,5000010718,20230523,1200.0,1200.0,0.0,0.0
4500004768,20,5000010718,20230523,49.16,49.16,0.0,0.0
4500004769,10,5000010724,20230523,1350.0,1350.0,0.0,0.0
4500004769,20,5000010724,20230523,55.3,55.3,0.0,0.0
4500004772,10,,,0.0,0.0,0.0,0.0
4500004772,20,,,0.0,0.0,0.0,0.0
4500004772,30,,,0.0,0.0,0.0,0.0
4500004772,40,,,0.0,0.0,0.0,0.0
4500004772,50,,,0.0,0.0,0.0,0.0
4500004772,60,,,0.0,0.0,0.0,0.0
4500004772,70,,,0.0,0.0,0.0,0.0
4500004772,80,,,0.0,0.0,0.0,0.0
4500004772,90,,,0.0,0.0,0.0,0.0
4500004772,100,,,0.0,0.0,0.0,0.0
4500004772,110,,,0.0,0.0,0.0,0.0
4500004773,10,,,0.0,0.0,0.0,0.0
4500004773,20,,,0.0,0.0,0.0,0.0
4500004773,30,,,0.0,0.0,0.0,0.0
4500004773,40,,,0.0,0.0,0.0,0.0
4500004773,50,,,0.0,0.0,0.0,0.0
4500004773,60,,,0.0,0.0,0.0,0.0
4500004773,70,,,0.0,0.0,0.0,0.0
4500004773,80,,,0.0,0.0,0.0,0.0
4500004773,90,,,0.0,0.0,0.0,0.0
4500004774,10,5000010475,20230519,330.75,330.75,0.0,0.0
4500004775,10,5000010474,20230519,257.25,257.25,0.0,0.0
4500004776,10,5000010477,20230519,57.75,52.5,0.0,0.0
4500004777,10,5000011577,20230530,5298.15,5298.35,5828.19,-5828.19
4500004778,10,,,1080.0,1080.0,0.0,0.0
4500004779,10,,,32256.64,32256.64,0.0,0.0
4500004779,20,,,10752.21,10752.21,0.0,0.0
4500004780,10,,,221.24,221.0,0.0,0.0
4500004780,20,,,1035.4,1035.4,0.0,0.0
4500004780,30,,,8318.58,8318.58,0.0,0.0
4500004780,40,,,676.1,676.1,0.0,0.0
4500004780,50,,,78.05,78.0,0.0,0.0
4500004780,60,,,167.26,167.22,0.0,0.0
4500004780,70,,,504.42,504.42,0.0,0.0
4500004780,80,,,504.42,504.42,0.0,0.0
4500004780,90,,,504.42,504.42,0.0,0.0
4500004780,100,,,4849.56,4849.56,0.0,0.0
4500004780,110,,,369.91,369.91,0.0,0.0
4500004781,10,5000010476,20230519,85.0,85.0,0.0,0.0
4500004781,20,5000010476,20230519,85.0,85.0,0.0,0.0
4500004781,30,5000010476,20230519,85.0,85.0,0.0,0.0
4500004782,10,5000010483,20230519,1058.18,1058.19,1164.0,-1164.0
4500004782,20,5000010483,20230519,45.45,45.45,50.0,-50.0
4500004783,10,,,690.27,690.27,0.0,0.0
4500004783,20,,,293.81,293.81,0.0,0.0
4500004783,30,,,752.21,752.21,0.0,0.0
4500004783,40,,,138.05,138.05,0.0,0.0
4500004784,10,5000010468,20230519,804.0,804.0,0.0,0.0
4500004785,10,5000010466,20230519,128.35,128.35,0.0,0.0
4500004786,10,,,125.0,0.0,0.0,0.0
4500004786,20,,,120.24,0.0,0.0,0.0
4500004786,30,,,132.93,0.0,0.0,0.0
4500004786,40,,,132.93,0.0,0.0,0.0
4500004786,50,,,81.96,0.0,0.0,0.0
4500004786,60,,,70.02,0.0,0.0,0.0
4500004786,70,,,81.96,0.0,0.0,0.0
4500004786,80,,,58.08,0.0,0.0,0.0
4500004787,20,,,203893.82,203893.81,0.0,0.0
4500004788,10,,,14867.26,14867.26,0.0,0.0
4500004788,20,,,4424.78,4345.13,0.0,0.0
4500004788,30,,,7433.63,7433.63,0.0,0.0
4500004789,10,5000010462,20230519,1650.0,1650.0,0.0,0.0
4500004790,210,,,24424.78,24424.78,0.0,0.0
4500004790,240,,,227509.73,227509.74,0.0,0.0
4500004790,330,,,231745.13,231745.13,0.0,0.0
4500004791,10,5000010461,20230519,200.0,200.0,0.0,0.0
4500004791,20,5000010461,20230519,202.5,202.5,0.0,0.0
4500004791,30,5000010461,20230519,285.0,285.0,0.0,0.0
4500004791,40,5000010461,20230519,400.0,400.0,0.0,0.0
4500004792,10,5000010460,20230519,1490.0,1490.0,0.0,0.0
4500004792,20,5000010460,20230519,1192.0,1192.0,0.0,0.0
4500004792,30,5000010460,20230519,290.0,290.0,0.0,0.0
4500004792,40,5000010460,20230519,480.0,480.0,0.0,0.0
4500004792,50,5000010460,20230519,360.0,360.0,0.0,0.0
4500004793,10,5000014063,20230620,3900.0,3900.0,0.0,0.0
4500004793,20,5000014063,20230620,159.77,159.77,0.0,0.0
4500004794,10,5000012481,20230606,2750.0,2750.0,0.0,0.0
4500004794,20,5000012481,20230606,112.66,112.66,0.0,0.0
4500004795,10,5000015401,20230630,2092.0,2092.0,0.0,0.0
4500004795,20,5000015401,20230630,1040.0,1040.0,0.0,0.0
4500004795,30,5000015401,20230630,945.36,945.36,0.0,0.0
4500004795,40,5000015401,20230630,159.92,159.92,0.0,0.0
4500004796,10,,,5129.2,5129.2,0.0,0.0
4500004796,20,,,1481.42,1481.41,0.0,0.0
4500004796,30,,,3050.97,3050.97,0.0,0.0
4500004796,40,,,468.0,399.82,0.0,0.0
4500004796,50,,,6849.56,6384.42,0.0,0.0
4500004796,60,,,7342.09,7876.99,0.0,0.0
4500004796,70,,,1361.95,1361.94,0.0,0.0
4500004796,80,,,1850.89,1850.89,0.0,0.0
4500004796,90,,,1489.39,1489.38,0.0,0.0
4500004796,100,,,922.84,922.84,0.0,0.0
4500004796,110,,,2038.94,2038.94,0.0,0.0
4500004796,120,,,800.44,800.44,0.0,0.0
4500004796,130,,,219.03,219.03,0.0,0.0
4500004797,10,,,1274.34,1274.34,0.0,0.0
4500004798,10,5000010417,20230519,90.0,90.0,0.0,0.0
4500004798,20,5000010417,20230519,17.0,17.0,0.0,0.0
4500004798,30,5000010417,20230519,1000.0,1000.0,0.0,0.0
4500004798,40,5000010417,20230519,675.0,675.0,0.0,0.0
4500004798,50,5000010417,20230519,570.0,570.0,0.0,0.0
4500004798,60,5000010417,20230519,430.0,430.0,0.0,0.0
4500004798,70,5000010417,20230519,95.0,95.0,0.0,0.0
4500004798,80,5000010417,20230519,105.0,105.0,0.0,0.0
4500004798,90,5000010417,20230519,150.0,150.0,0.0,0.0
4500004798,100,5000010417,20230519,250.0,250.0,0.0,0.0
4500004798,110,5000010417,20230519,320.0,320.0,0.0,0.0
4500004798,120,5000010425,20230519,1490.0,1490.0,0.0,0.0
4500004798,130,5000010425,20230519,1490.0,1490.0,0.0,0.0
4500004799,10,5000018423,20230720,198.0,198.0,0.0,0.0
4500004799,20,5000018423,20230720,300.0,300.0,0.0,0.0
4500004799,30,5000018423,20230720,1220.0,1220.0,0.0,0.0
4500004800,10,,,123.89,123.89,0.0,0.0
4500004801,10,,,135.4,127.88,0.0,0.0
4500004802,10,,,122654.86,121078.26,0.0,0.0
4500004802,20,,,70213.54,70213.54,0.0,0.0
4500004803,10,,,26991.15,26991.15,0.0,0.0
4500004803,20,,,45345.13,45345.13,0.0,0.0
4500004803,30,,,16194.69,16194.69,0.0,0.0
4500004804,10,,,10176.99,10176.99,0.0,0.0
4500004804,20,,,4681.42,4681.42,0.0,0.0
4500004804,30,,,1221.24,1221.24,0.0,0.0
4500004805,10,,,3097.35,3097.35,0.0,0.0
4500004805,20,,,530.97,530.97,0.0,0.0
4500004806,10,,,220.0,238.94,0.0,0.0
4500004807,10,,,88.5,88.5,0.0,0.0
4500004807,20,,,59.29,59.29,0.0,0.0
4500004807,50,,,400.0,400.0,0.0,0.0
4500004807,60,,,35.4,35.4,0.0,0.0
4500004807,70,,,115.04,115.04,0.0,0.0
4500004808,10,5000010963,20230525,1200.0,1200.0,0.0,0.0
4500004808,20,5000010963,20230525,49.16,49.16,0.0,0.0
4500004811,10,5000010967,20230525,2450.0,2450.0,0.0,0.0
4500004811,20,5000010967,20230525,100.37,100.37,0.0,0.0
4500004811,30,5000010967,20230525,2450.0,2450.0,0.0,0.0
4500004811,40,5000010967,20230525,100.37,100.37,0.0,0.0
4500004813,10,5000010973,20230525,2450.0,2450.0,0.0,0.0
4500004813,20,5000010973,20230525,100.37,100.37,0.0,0.0
4500004815,10,5000010975,20230525,2450.0,2450.0,0.0,0.0
4500004815,20,5000010975,20230525,100.37,100.37,0.0,0.0
4500004815,30,5000010975,20230525,2450.0,2450.0,0.0,0.0
4500004815,40,5000010975,20230525,100.37,100.37,0.0,0.0
4500004817,10,5000010980,20230525,2450.0,2450.0,0.0,0.0
4500004817,20,5000010980,20230525,100.37,100.37,0.0,0.0
4500004817,30,5000010980,20230525,2450.0,2450.0,0.0,0.0
4500004817,40,5000010980,20230525,100.37,100.37,0.0,0.0
4500004817,50,5000010980,20230525,2450.0,2450.0,0.0,0.0
4500004817,60,5000010980,20230525,100.37,100.37,0.0,0.0
4500004818,10,,,198.23,198.23,0.0,0.0
4500004819,10,5000010480,20230519,4400.0,4400.0,0.0,0.0
4500004820,10,5000012859,20230609,2350.0,2350.0,0.0,0.0
4500004820,20,5000012859,20230609,96.27,96.27,0.0,0.0
4500004820,30,5000012859,20230609,2350.0,2350.0,0.0,0.0
4500004820,40,5000012859,20230609,96.27,96.27,0.0,0.0
4500004820,50,5000012859,20230609,2350.0,2350.0,0.0,0.0
4500004820,60,5000012859,20230609,96.27,96.27,0.0,0.0
4500004820,70,5000012859,20230609,2350.0,2350.0,0.0,0.0
4500004820,80,5000012859,20230609,96.27,96.27,0.0,0.0
4500004820,90,5000012859,20230609,2350.0,2350.0,0.0,0.0
4500004820,100,5000012859,20230609,96.27,96.27,0.0,0.0
4500004821,10,,,0.0,0.0,0.0,0.0
4500004821,20,,,0.0,0.0,0.0,0.0
4500004821,30,,,0.0,0.0,0.0,0.0
4500004821,40,,,0.0,0.0,0.0,0.0
4500004821,50,,,0.0,0.0,0.0,0.0
4500004821,60,5000010710,20230523,37020.31,37020.31,0.0,0.0
4500004821,70,5000010710,20230523,31604.04,31604.04,0.0,0.0
4500004821,80,5000010849,20230524,34779.92,34779.92,0.0,0.0
4500004821,90,5000010710,20230523,29694.06,29694.06,0.0,0.0
4500004821,100,5000010710,20230523,34734.67,34734.67,0.0,0.0
4500004821,110,5000010710,20230523,35629.79,35629.79,0.0,0.0
4500004821,120,5000010710,20230523,31988.46,31988.46,0.0,0.0
4500004821,130,5000010710,20230523,37261.27,37261.27,0.0,0.0
4500004821,140,5000010710,20230523,39507.91,39507.91,0.0,0.0
4500004821,150,5000010710,20230523,33081.58,33081.58,0.0,0.0
4500004821,160,5000010710,20230523,36123.02,36123.02,0.0,0.0
4500004821,170,5000010710,20230523,31604.04,31604.04,0.0,0.0
4500004821,180,5000010710,20230523,32040.63,32040.63,0.0,0.0
4500004822,10,5000015420,20230630,3900.0,3900.0,0.0,0.0
4500004822,20,5000015420,20230630,159.77,159.77,0.0,0.0
4500004823,10,5000010961,20230525,1450.0,1450.0,0.0,0.0
4500004823,20,5000010961,20230525,59.4,59.4,0.0,0.0
4500004825,10,5000011615,20230530,4470.0,4470.0,0.0,0.0
4500004825,20,5000011615,20230530,183.12,183.12,0.0,0.0
4500004827,10,5000010962,20230525,1450.0,1450.0,0.0,0.0
4500004827,20,5000010962,20230525,59.4,59.4,0.0,0.0
4500004828,10,5000010427,20230519,128495.58,256991.16,0.0,0.0
4500004828,20,5000010427,20230519,128495.58,256991.16,0.0,0.0
4500004828,30,5000010427,20230519,128495.58,128495.58,0.0,0.0
4500004828,40,5000010427,20230519,128495.58,128495.58,0.0,0.0
4500004828,50,5000010427,20230519,128495.58,0.0,0.0,0.0
4500004828,60,5000010427,20230519,128495.58,0.0,0.0,0.0
4500004829,10,,,56991.16,56991.15,0.0,0.0
4500004829,20,,,6584.07,6584.07,0.0,0.0
4500004829,30,,,23469.03,23469.03,0.0,0.0
4500004829,40,,,2199.64,2128.28,0.0,0.0
4500004829,50,,,51371.68,47883.19,0.0,0.0
4500004829,60,,,43094.87,46234.51,0.0,0.0
4500004829,70,,,8938.41,8938.41,0.0,0.0
4500004829,80,,,16736.72,16736.72,0.0,0.0
4500004829,90,,,9929.2,9929.2,0.0,0.0
4500004829,100,,,4194.69,4194.69,0.0,0.0
4500004829,110,,,12743.36,12743.36,0.0,0.0
4500004829,120,,,5336.28,5336.28,0.0,0.0
4500004829,130,,,1435.85,1435.84,0.0,0.0
4500004830,10,5000010432,20230519,191150.44,612013.26,0.0,0.0
4500004830,20,5000010432,20230519,191150.44,191150.44,0.0,0.0
4500004830,30,5000010432,20230519,191150.44,0.0,0.0,0.0
4500004830,40,5000010432,20230519,191150.44,0.0,0.0,0.0
4500004830,50,5000010432,20230519,206814.16,206814.16,0.0,0.0
4500004830,60,5000010432,20230519,191150.44,191150.44,0.0,0.0
4500004831,10,5000011004,20230525,1613.0,2549.62,0.0,0.0
4500004831,20,5000011004,20230525,610.17,962.98,0.0,0.0
4500004832,10,5000010884,20230524,288.0,288.0,0.0,0.0
4500004833,10,5000010883,20230524,851.71,851.71,0.0,0.0
4500004834,10,,,19008.85,19008.85,0.0,0.0
4500004835,10,,,3783.19,3783.19,0.0,0.0
4500004835,20,,,7079.65,7079.65,0.0,0.0
4500004835,30,,,7362.83,7362.83,0.0,0.0
4500004836,10,,,48672.57,48672.57,0.0,0.0
4500004837,10,,,566.37,566.37,0.0,0.0
4500004838,10,,,17.7,17.7,0.0,0.0
4500004839,20,,,955.75,955.75,0.0,0.0
4500004839,30,,,5267.26,5267.26,0.0,0.0
4500004839,40,,,5267.26,5267.26,0.0,0.0
4500004840,40,,,19469.03,19469.03,0.0,0.0
4500004840,160,,,5523.45,5523.45,0.0,0.0
4500004840,220,,,8407.08,8407.08,0.0,0.0
4500004840,380,,,3185.84,3185.84,0.0,0.0
4500004840,410,,,14814.16,14814.16,0.0,0.0
4500004840,460,,,6185.84,6185.84,0.0,0.0
4500004841,10,,,707.96,707.96,0.0,0.0
4500004842,10,5000019583,20230727,3310287.61,3024533.24,0.0,0.0
4500004843,10,,,191575.22,191575.22,0.0,0.0
4500004843,20,,,161840.71,161840.71,0.0,0.0
4500004844,10,,,1265.49,1265.49,0.0,0.0
4500004845,10,,,796.46,796.46,0.0,0.0
4500004846,10,,,4690.27,4690.27,0.0,0.0
4500004847,10,,,1840.71,1840.71,0.0,0.0
4500004848,10,,,91327.43,91327.43,0.0,0.0
4500004849,10,,,7008.85,7008.85,0.0,0.0
4500004850,10,,,1247.79,1247.79,0.0,0.0
4500004850,20,,,1380.53,1380.53,0.0,0.0
4500004850,30,,,2424.78,2424.78,0.0,0.0
4500004851,10,,,1380.53,1380.53,0.0,0.0
4500004851,20,,,1380.53,1380.53,0.0,0.0
4500004852,10,,,23998.27,23998.27,0.0,0.0
4500004852,20,,,32452.57,32452.57,0.0,0.0
4500004852,30,,,59723.68,59723.68,0.0,0.0
4500004852,40,,,113743.1,113743.1,0.0,0.0
4500004852,50,,,128855.75,128855.75,0.0,0.0
4500004852,60,,,122606.11,122606.11,0.0,0.0
4500004852,70,,,24325.49,24325.4,0.0,0.0
4500004852,80,,,15089.98,15089.98,0.0,0.0
4500004852,90,,,10135.62,10135.62,0.0,0.0
4500004852,100,,,4849.52,4849.52,0.0,0.0
4500004852,110,,,354283.44,354283.64,0.0,0.0
4500004852,120,,,18778.27,18778.27,0.0,0.0
4500004853,10,,,1000.8,1000.0,0.0,0.0
4500004854,10,,,2770.56,2742.55,0.0,0.0
4500004854,20,,,374.4,369.68,0.0,0.0
4500004855,10,,,840.0,840.0,0.0,0.0
4500004855,20,,,1000.8,1000.8,0.0,0.0
4500004857,10,,,9292.04,9292.04,0.0,0.0
4500004857,20,,,2477.88,2477.88,0.0,0.0
4500004858,10,,,41.06,0.0,0.0,0.0
4500004859,10,5000010869,20230524,162600.88,162600.88,0.0,0.0
4500004860,10,,,169646.02,169646.0,0.0,0.0
4500004860,20,,,104320.37,104320.37,0.0,0.0
4500004861,10,5000010639,20230522,231318.58,231318.58,0.0,0.0
4500004862,10,,,10088.5,10088.5,0.0,0.0
4500004863,10,,,43362.83,43362.83,0.0,0.0
4500004864,10,,,41718.45,41718.45,0.0,0.0
4500004865,10,,,398.23,398.23,0.0,0.0
4500004865,20,,,141.59,141.59,0.0,0.0
4500004866,10,,,21929.2,21929.2,0.0,0.0
4500004867,10,,,3982.3,3982.3,0.0,0.0
4500004867,20,,,6371.68,6371.68,0.0,0.0
4500004867,30,,,3097.35,3097.35,0.0,0.0
4500004867,40,,,29203.54,29203.54,0.0,0.0
4500004868,10,5000010665,20230522,5730.79,5730.79,0.0,0.0
4500004868,20,5000010665,20230522,85840.71,85840.71,0.0,0.0
4500004869,10,,,254936.28,254936.23,0.0,0.0
4500004869,20,,,282171.86,282171.86,0.0,0.0
4500004869,30,,,1485.12,0.0,0.0,0.0
4500004870,10,5000010695,20230522,1102927.43,1085228.32,0.0,0.0
4500004871,10,5000010725,20230523,181810.07,181810.07,0.0,0.0
4500004872,10,5000010727,20230523,181810.07,181810.07,0.0,0.0
4500004873,10,5000010728,20230523,180679.3,180679.3,0.0,0.0
4500004874,10,5000010730,20230523,182752.87,0.0,0.0,0.0
4500004875,10,5000010731,20230523,182752.87,0.0,0.0,0.0
4500004876,10,5000010732,20230523,181810.07,181810.07,0.0,0.0
4500004877,10,,,5840.71,5840.71,0.0,0.0
4500004878,10,5000010733,20230523,181810.07,0.0,0.0,0.0
4500004879,10,5000010734,20230523,168592.95,0.0,0.0,0.0
4500004880,10,5000010735,20230523,181810.07,0.0,0.0,0.0
4500004881,10,5000010736,20230523,181810.07,0.0,0.0,0.0
4500004882,10,5000010737,20230523,181810.07,0.0,0.0,0.0
4500004883,10,5000010738,20230523,181810.07,181810.07,0.0,0.0
4500004884,10,5000010739,20230523,183903.31,0.0,0.0,0.0
4500004885,10,5000010740,20230523,182752.87,0.0,0.0,0.0
4500004886,10,5000010741,20230523,180679.3,180679.3,0.0,0.0
4500004887,10,5000010742,20230523,180679.3,180679.3,0.0,0.0
4500004888,10,5000010743,20230523,182752.87,0.0,0.0,0.0
4500004889,10,5000010744,20230523,182752.87,0.0,0.0,0.0
4500004890,10,5000010745,20230523,168592.95,0.0,0.0,0.0
4500004891,10,,,49380.53,48938.05,0.0,0.0
4500004893,10,,,13805.31,13805.31,0.0,0.0
4500004894,10,,,33185.85,33185.84,0.0,0.0
4500004894,20,,,6637.17,6637.15,0.0,0.0
4500004894,30,,,13274.34,13274.34,0.0,0.0
4500004894,50,,,1327.43,1327.43,0.0,0.0
4500004894,60,,,33185.84,33185.84,0.0,0.0
4500004896,10,5000014064,20230620,3900.0,3900.0,0.0,0.0
4500004896,20,5000014064,20230620,159.77,159.77,0.0,0.0
4500004898,10,5000012469,20230606,2125.0,2125.0,0.0,0.0
4500004898,20,5000012469,20230606,87.05,87.05,0.0,0.0
4500004899,10,,,1247.79,1247.79,0.0,0.0
4500004899,20,,,1247.79,1247.79,0.0,0.0
4500004899,30,,,1247.79,1247.79,0.0,0.0
4500004899,40,,,1380.53,1380.53,0.0,0.0
4500004899,50,,,1380.53,1380.53,0.0,0.0
4500004899,60,,,1247.79,1247.79,0.0,0.0
4500004899,70,,,1380.53,1380.53,0.0,0.0
4500004899,80,,,1247.79,1247.79,0.0,0.0
4500004899,90,,,1380.53,1380.53,0.0,0.0
4500004899,100,,,1380.53,1380.53,0.0,0.0
4500004899,110,,,1247.79,1690.26,0.0,0.0
4500004899,120,,,1247.79,1690.26,0.0,0.0
4500004899,130,,,1247.79,1247.79,0.0,0.0
4500004899,140,,,1380.53,1380.53,0.0,0.0
4500004899,150,,,1380.53,1380.53,0.0,0.0
4500004899,160,,,1380.53,1380.53,0.0,0.0
4500004900,60,,,84955.75,84955.75,0.0,0.0
4500004900,90,,,25168.14,25168.14,0.0,0.0
4500004900,100,,,3775.22,3775.22,0.0,0.0
4500004900,130,,,8849.56,8849.56,0.0,0.0
4500004901,10,,,97.35,97.35,0.0,0.0
4500004902,10,5000012098,20230602,2205.0,2205.0,0.0,0.0
4500004902,20,5000012098,20230602,6.0,6.0,0.0,0.0
4500004903,10,5000010788,20230523,30775.87,30775.87,0.0,0.0
4500004903,20,5000010761,20230523,27734.61,27734.61,0.0,0.0
4500004903,30,5000010761,20230523,31247.54,31247.54,0.0,0.0
4500004903,40,5000010761,20230523,26284.57,26284.57,0.0,0.0
4500004903,50,5000010761,20230523,24552.55,24552.55,0.0,0.0
4500004903,60,5000010761,20230523,27050.37,27050.37,0.0,0.0
4500004903,70,5000010761,20230523,29971.25,29971.25,0.0,0.0
4500004903,80,5000010761,20230523,30234.6,30234.6,0.0,0.0
4500004903,90,5000010761,20230523,26285.22,26285.22,0.0,0.0
4500004903,100,5000010761,20230523,24552.55,24552.55,0.0,0.0
4500004903,110,5000010761,20230523,33616.0,33616.0,0.0,0.0
4500004903,120,5000010788,20230523,39247.7,39247.7,0.0,0.0
4500004903,130,5000010761,20230523,11648.4,11648.4,0.0,0.0
4500004903,140,5000010761,20230523,931.5,931.45,0.0,0.0
4500004903,150,5000010761,20230523,417.5,417.5,0.0,0.0
4500004903,160,5000010761,20230523,803.0,803.0,0.0,0.0
4500004904,10,,,63716.81,63716.81,0.0,0.0
4500004904,20,,,87610.62,87610.62,0.0,0.0
4500004904,30,,,6194.69,6194.69,0.0,0.0
4500004905,10,,,74548.67,74548.67,0.0,0.0
4500004905,20,,,31929.2,31929.2,0.0,0.0
4500004910,30,5000012056,20230602,750.0,750.0,0.0,0.0
4500004911,10,,,3539.82,3539.82,0.0,0.0
4500004912,290,,,222077.05,222077.04,0.0,0.0
4500004912,320,,,56238.32,56238.32,0.0,0.0
4500004912,350,,,56460.18,56460.18,0.0,0.0
4500004913,10,5000011010,20230525,2750.0,2750.0,0.0,0.0
4500004913,20,5000011010,20230525,112.66,112.67,0.0,0.0
4500004913,30,5000011010,20230525,2750.0,2750.0,0.0,0.0
4500004913,40,5000011010,20230525,112.66,112.66,0.0,0.0
4500004916,10,5000011009,20230525,2750.0,2750.0,0.0,0.0
4500004916,20,5000011009,20230525,112.66,112.67,0.0,0.0
4500004916,30,5000011009,20230525,2750.0,2750.0,0.0,0.0
4500004916,40,5000011009,20230525,112.66,112.66,0.0,0.0
4500004917,10,5000011008,20230525,2750.0,2750.0,0.0,0.0
4500004917,20,5000011008,20230525,112.66,112.66,0.0,0.0
4500004918,10,,,0.0,0.0,0.0,0.0
4500004919,10,5000010772,20230523,2637156.0,1312642.45,0.0,0.0
4500004920,10,5000015399,20230630,417.87,417.87,0.0,0.0
4500004921,10,,,152212.39,152212.39,0.0,0.0
4500004921,20,,,8628.32,8628.32,0.0,0.0
4500004922,10,5000011442,20230529,29897.51,29897.51,0.0,0.0
4500004922,20,5000010987,20230525,36582.98,36582.98,0.0,0.0
4500004922,30,5000011471,20230529,30166.95,33406.99,0.0,0.0
4500004922,40,5000010987,20230525,25738.29,25738.29,0.0,0.0
4500004922,50,5000010987,20230525,24252.57,24252.57,0.0,0.0
4500004922,60,5000010987,20230525,29371.29,29371.29,0.0,0.0
4500004922,70,5000010987,20230525,34143.61,34143.61,0.0,0.0
4500004922,80,5000010987,20230525,31394.66,36020.85,0.0,0.0
4500004922,90,5000010987,20230525,32797.78,32797.78,0.0,0.0
4500004922,100,5000010987,20230525,28410.49,28410.49,0.0,0.0
4500004922,110,5000010987,20230525,28131.53,28131.53,0.0,0.0
4500004922,120,5000010987,20230525,28710.47,28710.47,0.0,0.0
4500004922,130,5000010987,20230525,34142.95,34142.95,0.0,0.0
4500004922,140,5000010987,20230525,36800.15,36800.15,0.0,0.0
4500004923,10,5000014032,20230620,2750.0,2750.0,0.0,0.0
4500004923,20,5000014032,20230620,112.66,112.66,0.0,0.0
4500004924,10,5000010889,20230524,85.0,85.0,0.0,0.0
4500004925,10,,,2899.2,2899.0,0.0,0.0
4500004926,10,5000010794,20230523,1800.0,1777.7,0.0,0.0
4500004926,20,5000010794,20230523,3200.0,2831.86,0.0,0.0
4500004926,30,5000010794,20230523,3000.0,2654.87,0.0,0.0
4500004926,40,5000010794,20230523,1000.0,884.96,0.0,0.0
4500004926,50,5000010794,20230523,600.0,530.97,0.0,0.0
4500004926,60,5000010794,20230523,19.5,17.26,0.0,0.0
4500004926,70,5000010794,20230523,380.0,336.28,0.0,0.0
4500004926,80,5000010794,20230523,600.0,530.97,0.0,0.0
4500004926,90,5000010794,20230523,30.0,26.55,0.0,0.0
4500004927,10,,,94226.36,94226.36,0.0,0.0
4500004927,20,,,129993.12,129993.12,0.0,0.0
4500004927,30,,,13692.03,13692.03,0.0,0.0
4500004928,10,,,29252.13,29252.14,0.0,0.0
4500004928,40,,,65048.75,65048.75,0.0,0.0
4500004928,100,,,85465.91,85465.91,0.0,0.0
4500004928,110,,,34807.22,34807.22,0.0,0.0
4500004928,120,,,13532.18,13532.18,0.0,0.0
4500004929,10,,,60743.36,60743.36,0.0,0.0
4500004929,20,,,4601.77,4601.77,0.0,0.0
4500004929,30,,,31982.3,31982.3,0.0,0.0
4500004930,10,,,21922.12,21922.12,0.0,0.0
4500004930,20,,,104826.55,104826.55,0.0,0.0
4500004930,30,,,22000.0,22000.0,0.0,0.0
4500004930,40,,,329458.41,329458.41,0.0,0.0
4500004930,50,,,395352.21,395352.21,0.0,0.0
4500004932,10,,,32891.96,32891.95,0.0,0.0
4500004932,20,,,13067.13,13067.13,0.0,0.0
4500004932,30,,,27079.65,27079.65,0.0,0.0
4500004932,40,,,13168.14,13168.14,0.0,0.0
4500004932,50,,,72477.88,72477.88,0.0,0.0
4500004932,60,,,37469.03,37469.03,0.0,0.0
4500004932,70,,,2739.16,2739.16,0.0,0.0
4500004932,80,,,20733.1,20733.1,0.0,0.0
4500004932,90,,,42730.65,42730.65,0.0,0.0
4500004932,100,,,52212.57,52212.57,0.0,0.0
4500004932,110,,,14917.88,14917.88,0.0,0.0
4500004932,120,,,62579.07,62579.07,0.0,0.0
4500004932,130,,,95322.21,95322.21,0.0,0.0
4500004932,140,,,84281.42,84281.42,0.0,0.0
4500004933,10,5000010826,20230523,659289.0,574415.04,0.0,0.0
4500004934,10,5000010823,20230523,382943.36,377256.64,0.0,0.0
4500004935,10,5000011451,20230529,500.0,500.0,0.0,0.0
4500004935,20,5000011451,20230529,150.0,150.0,0.0,0.0
4500004935,30,5000011451,20230529,150.0,150.0,0.0,0.0
4500004936,10,5000010825,20230523,550000.0,147372.7,0.0,0.0
4500004936,20,5000010825,20230523,595000.0,526548.67,0.0,0.0
4500004937,10,5000010827,20230523,120707.96,120707.96,0.0,0.0
4500004938,10,,,7900.88,7900.88,0.0,0.0
4500004939,10,,,10619.47,10619.47,0.0,0.0
4500004941,10,,,19376.99,19376.99,0.0,0.0
4500004941,20,,,6637.17,6637.17,0.0,0.0
4500004941,30,,,3407.08,3407.08,0.0,0.0
4500004941,40,,,75079.65,75079.65,0.0,0.0
4500004941,50,,,16056.64,16056.64,0.0,0.0
4500004942,10,,,16056.64,16056.64,0.0,0.0
4500004943,10,,,34789.38,34789.38,0.0,0.0
4500004944,10,,,2893.81,2893.81,0.0,0.0
4500004944,20,,,62831.87,62831.86,0.0,0.0
4500004945,70,,,2256.64,2256.64,0.0,0.0
4500004945,160,,,2256.64,2256.64,0.0,0.0
4500004946,10,,,371.68,371.68,0.0,0.0
4500004946,20,,,132.74,132.74,0.0,0.0
4500004946,30,,,132.74,132.74,0.0,0.0
4500004946,40,,,371.68,371.68,0.0,0.0
4500004946,50,,,1486.73,1486.74,0.0,0.0
4500004947,10,,,420.35,420.35,0.0,0.0
4500004947,20,,,544.25,544.25,0.0,0.0
4500004947,30,,,119.47,119.47,0.0,0.0
4500004947,40,,,199.12,199.12,0.0,0.0
4500004947,50,,,203.54,203.54,0.0,0.0
4500004947,60,,,1327.43,1327.43,0.0,0.0
4500004948,10,,,22173.45,22173.45,0.0,0.0
4500004949,10,5000010838,20230523,30000.0,15330.08,0.0,0.0
4500004949,20,5000010838,20230523,150000.0,75908.86,0.0,0.0
4500004950,10,,,40104.42,40104.42,0.0,0.0
4500004951,10,5000010942,20230525,1079.0,1079.0,0.0,0.0
4500004952,10,5000010941,20230525,798.0,798.0,0.0,0.0
4500004953,10,5000010940,20230525,798.0,798.0,0.0,0.0
4500004954,10,5000010939,20230525,871.0,871.0,0.0,0.0
4500004955,10,5000010938,20230525,1420.0,1420.0,0.0,0.0
4500004956,10,5000010937,20230525,975.0,975.0,0.0,0.0
4500004958,10,5000011418,20230529,1200.0,1200.0,0.0,0.0
4500004958,20,5000011418,20230529,49.16,49.16,0.0,0.0
4500004959,10,5000014835,20230627,900.0,900.0,0.0,0.0
4500004959,20,5000014835,20230627,900.0,900.0,0.0,0.0
4500004959,30,5000014835,20230627,900.0,900.0,0.0,0.0
4500004959,40,5000014835,20230627,900.0,900.0,0.0,0.0
4500004959,50,5000014835,20230627,900.0,900.0,0.0,0.0
4500004959,60,5000014835,20230627,900.0,900.0,0.0,0.0
4500004959,70,5000014835,20230627,900.0,900.0,0.0,0.0
4500004959,80,5000014835,20230627,900.0,900.0,0.0,0.0
4500004960,10,5000010859,20230524,63716.81,63716.81,0.0,0.0
4500004961,10,5000012470,20230606,2125.0,2125.0,0.0,0.0
4500004961,20,5000012470,20230606,87.05,87.05,0.0,0.0
4500004962,10,5000011423,20230529,1200.0,1200.0,0.0,0.0
4500004962,20,5000011423,20230529,49.16,49.16,0.0,0.0
4500004963,10,5000012496,20230606,5940.0,5940.0,0.0,0.0
4500004965,10,,,44247.79,44247.79,0.0,0.0
4500004966,10,,,5734.51,6480.0,0.0,0.0
4500004966,20,,,3653.1,4118.4,0.0,0.0
4500004967,10,5000011003,20230525,149.76,249.6,274.56,-274.56
4500004967,20,5000011003,20230525,45.0,45.0,49.5,-49.5
4500004968,10,,,327846.9,327846.9,0.0,0.0
4500004968,20,,,119965.66,119965.66,0.0,0.0
4500004969,10,5000011427,20230529,1350.0,1350.0,0.0,0.0
4500004969,20,5000011427,20230529,55.3,55.3,0.0,0.0
4500004971,10,,,0.0,0.0,0.0,0.0
4500004973,10,5000012256,20230605,1471238.94,1269634.97,0.0,0.0
4500004973,20,5000012256,20230605,367809.74,177913.72,0.0,0.0
4500004974,10,,,2400.0,2110.62,0.0,0.0
4500004974,20,,,1200.0,1079.65,0.0,0.0
4500004975,10,5000010920,20230524,217143.06,0.0,0.0,0.0
4500004976,10,,,1247.79,1247.79,0.0,0.0
4500004976,20,,,1380.53,1380.53,0.0,0.0
4500004976,30,,,1380.53,1380.53,0.0,0.0
4500004976,40,,,1690.27,1690.27,0.0,0.0
4500004976,50,,,1690.27,1690.27,0.0,0.0
4500004976,60,,,1690.27,1690.27,0.0,0.0
4500004976,70,,,1690.27,1690.27,0.0,0.0
4500004976,90,,,1247.79,1247.79,0.0,0.0
4500004976,100,,,1247.79,1247.79,0.0,0.0
4500004976,110,,,1380.53,1380.53,0.0,0.0
4500004976,120,,,1380.53,1380.53,0.0,0.0
4500004976,130,,,1247.79,1247.79,0.0,0.0
4500004976,140,,,1380.53,1380.53,0.0,0.0
4500004976,150,,,1690.27,1690.27,0.0,0.0
4500004976,160,,,1690.27,1690.27,0.0,0.0
4500004977,10,,,4730.97,4730.97,0.0,0.0
4500004977,20,,,6017.7,6017.7,0.0,0.0
4500004977,30,,,10353.98,10353.98,0.0,0.0
4500004978,10,,,3097.35,3097.35,0.0,0.0
4500004979,10,,,812.39,812.39,0.0,0.0
4500004979,20,,,477.88,477.88,0.0,0.0
4500004979,30,,,17.7,17.7,0.0,0.0
4500004979,40,,,230.09,230.09,0.0,0.0
4500004980,60,,,2933.63,2933.63,0.0,0.0
4500004980,100,,,93915.04,93915.04,0.0,0.0
4500004981,10,,,0.0,0.0,0.0,0.0
4500004982,10,,,128274.34,116150.44,0.0,0.0
4500004984,10,5000014216,20230621,2750.0,2750.0,0.0,0.0
4500004984,20,5000014216,20230621,112.66,112.66,0.0,0.0
4500004984,30,5000012482,20230606,2750.0,2750.0,0.0,0.0
4500004984,40,5000012482,20230606,112.66,112.66,0.0,0.0
4500004984,50,5000014216,20230621,2750.0,2750.0,0.0,0.0
4500004984,60,5000014216,20230621,112.66,112.66,0.0,0.0
4500004985,10,5000011042,20230526,798.0,798.0,0.0,0.0
4500004986,10,5000011041,20230526,798.0,798.0,0.0,0.0
4500004987,10,5000011040,20230526,1326.0,1326.0,0.0,0.0
4500004988,10,5000012570,20230607,4470.0,4470.0,0.0,0.0
4500004988,20,5000012570,20230607,183.12,183.12,0.0,0.0
4500004988,30,5000013261,20230614,4470.0,4470.0,0.0,0.0
4500004988,40,5000013261,20230614,183.12,183.12,0.0,0.0
4500004988,50,5000015386,20230630,4470.0,4470.0,0.0,0.0
4500004988,60,5000015386,20230630,183.12,183.12,0.0,0.0
4500004989,10,5000015403,20230630,4470.0,4470.0,0.0,0.0
4500004989,20,5000015403,20230630,183.12,183.12,0.0,0.0
4500004989,30,5000013595,20230616,4470.0,4470.0,0.0,0.0
4500004989,40,5000013595,20230616,183.12,183.12,0.0,0.0
4500004989,50,5000014343,20230623,4470.0,4470.0,0.0,0.0
4500004989,60,5000014343,20230623,183.12,183.12,0.0,0.0
4500004990,10,5000011039,20230526,798.0,798.0,0.0,0.0
4500004991,10,5000011038,20230526,1170.0,1170.0,0.0,0.0
4500004992,10,5000011420,20230529,1100.0,1100.0,0.0,0.0
4500004992,20,5000011420,20230529,45.06,45.06,0.0,0.0
4500004992,30,5000011420,20230529,1100.0,1100.0,0.0,0.0
4500004992,40,5000011420,20230529,45.06,45.06,0.0,0.0
4500004992,50,5000011420,20230529,1100.0,1100.0,0.0,0.0
4500004992,60,5000011420,20230529,45.06,45.06,0.0,0.0
4500004993,10,5000011037,20230526,798.0,798.0,0.0,0.0
4500004994,10,5000011036,20230526,798.0,798.0,0.0,0.0
4500004995,10,5000011106,20230526,5184.0,5184.0,0.0,0.0
4500004996,10,5000011449,20230529,315.45,315.45,0.0,0.0
4500004996,20,5000011449,20230529,270.0,270.0,0.0,0.0
4500004996,30,5000011449,20230529,270.0,270.0,0.0,0.0
4500004998,10,5000011466,20230529,6600.0,6600.0,0.0,0.0
4500004999,10,,,176991.16,176991.16,0.0,0.0
4500005000,10,5000010991,20230525,36026.74,36026.74,0.0,0.0
4500005000,20,5000010991,20230525,31473.74,31473.74,0.0,0.0
4500005000,30,5000010991,20230525,34790.45,34790.45,0.0,0.0
4500005000,40,5000010991,20230525,31502.32,30851.59,0.0,0.0
4500005000,50,5000010991,20230525,31502.32,31502.32,0.0,0.0
4500005001,10,,,488.5,488.5,0.0,0.0
4500005001,20,,,4424.78,4424.78,0.0,0.0
4500005001,30,,,2654.87,2654.87,0.0,0.0
4500005002,10,,,92920.35,92920.35,0.0,0.0
4500005002,20,,,161955.66,161955.66,0.0,0.0
4500005002,30,,,7345.13,7345.13,0.0,0.0
4500005003,10,,,9497.79,9497.79,0.0,0.0
4500005003,20,,,18995.58,18995.58,0.0,0.0
4500005003,30,,,23744.47,23744.47,0.0,0.0
4500005004,10,5000011422,20230529,1450.0,1450.0,0.0,0.0
4500005004,20,5000011422,20230529,59.4,59.4,0.0,0.0
4500005004,30,5000011422,20230529,1450.0,1450.0,0.0,0.0
4500005004,40,5000011422,20230529,59.4,59.4,0.0,0.0
4500005005,10,5000010986,20230525,30906.11,30906.11,0.0,0.0
4500005005,20,5000010986,20230525,30906.43,30906.43,0.0,0.0
4500005005,30,5000010986,20230525,27671.45,27671.45,0.0,0.0
4500005005,40,5000010986,20230525,29826.04,29826.04,0.0,0.0
4500005005,50,5000010986,20230525,33713.77,33713.77,0.0,0.0
4500005005,60,5000010986,20230525,34498.2,34498.2,0.0,0.0
4500005005,70,5000010986,20230525,32368.22,32368.22,0.0,0.0
4500005005,80,5000010986,20230525,29275.47,29275.47,0.0,0.0
4500005005,90,5000010986,20230525,28920.5,28920.5,0.0,0.0
4500005005,100,5000010986,20230525,44916.02,44916.02,0.0,0.0
4500005005,110,5000010986,20230525,27606.04,27606.04,0.0,0.0
4500005005,120,5000010986,20230525,3665.0,3665.0,0.0,0.0
4500005005,130,5000010986,20230525,733.0,733.03,0.0,0.0
4500005006,10,,,2477.88,2477.88,0.0,0.0
4500005006,20,,,5646.02,5646.02,0.0,0.0
4500005006,30,,,6814.16,6814.16,0.0,0.0
4500005006,40,,,17699.12,17699.12,0.0,0.0
4500005007,10,,,3345.13,3345.13,0.0,0.0
4500005009,10,,,164601.77,164601.77,0.0,0.0
4500005009,20,,,82300.88,82300.88,0.0,0.0
4500005009,30,,,14654.87,14654.87,0.0,0.0
4500005010,10,,,5044.25,5044.25,0.0,0.0
4500005010,20,,,1792.04,1792.04,0.0,0.0
4500005011,10,,,6070.8,6070.8,0.0,0.0
4500005012,10,,,77433.63,76106.19,0.0,0.0
4500005012,20,,,17256.64,17256.64,0.0,0.0
4500005012,30,,,5176.99,5176.99,0.0,0.0
4500005012,40,,,34513.27,34513.27,0.0,0.0
4500005012,50,,,11725.66,11725.66,0.0,0.0
4500005012,60,,,10752.21,10752.21,0.0,0.0
4500005012,70,,,23893.81,17256.64,0.0,0.0
4500005012,80,,,8628.32,8628.32,0.0,0.0
4500005012,90,,,10619.47,10619.47,0.0,0.0
4500005012,100,,,11725.66,11725.66,0.0,0.0
4500005012,110,,,23893.81,23893.81,0.0,0.0
4500005013,10,,,18020.35,18020.35,0.0,0.0
4500005013,20,,,15979.65,15884.43,0.0,0.0
4500005014,10,,,28176.99,28176.99,0.0,0.0
4500005015,10,,,20336.28,20336.28,0.0,0.0
4500005015,20,,,15252.21,15252.21,0.0,0.0
4500005015,30,,,101681.42,101681.42,0.0,0.0
4500005016,10,,,238.94,238.94,0.0,0.0
4500005016,20,,,2823.01,2823.01,0.0,0.0
4500005016,30,,,261.06,261.06,0.0,0.0
4500005016,40,,,867.26,867.26,0.0,0.0
4500005016,50,,,1548.67,1548.67,0.0,0.0
4500005016,60,,,2300.88,2300.88,0.0,0.0
4500005016,70,,,265.49,265.49,0.0,0.0
4500005016,80,,,690.27,690.27,0.0,0.0
4500005016,90,,,973.45,973.45,0.0,0.0
4500005016,100,,,1150.44,1150.44,0.0,0.0
4500005016,110,,,3539.82,3539.82,0.0,0.0
4500005016,120,,,28.76,28.76,0.0,0.0
4500005016,130,,,10796.46,10796.46,0.0,0.0
4500005016,140,,,33.63,33.63,0.0,0.0
4500005016,150,,,44.25,44.25,0.0,0.0
4500005016,160,,,2079.65,2079.65,0.0,0.0
4500005016,170,,,796.46,796.46,0.0,0.0
4500005016,180,,,4035.4,4035.4,0.0,0.0
4500005017,10,,,2123.89,2123.89,0.0,0.0
4500005018,10,5000010984,20230525,31293.7,31293.7,0.0,0.0
4500005018,20,5000010984,20230525,43102.39,43102.39,0.0,0.0
4500005018,30,5000010984,20230525,38224.3,38224.3,0.0,0.0
4500005018,40,5000010984,20230525,34146.93,34146.93,0.0,0.0
4500005018,50,5000010984,20230525,34418.29,34418.29,0.0,0.0
4500005018,60,5000010984,20230525,34425.43,34425.43,0.0,0.0
4500005018,70,5000010984,20230525,42956.84,42956.84,0.0,0.0
4500005018,80,5000010984,20230525,33487.85,33487.85,0.0,0.0
4500005018,90,5000010984,20230525,1829.2,1829.2,0.0,0.0
4500005018,100,5000010984,20230525,6170.0,6170.0,0.0,0.0
4500005018,110,5000010984,20230525,6620.0,6620.02,0.0,0.0
4500005018,120,5000010984,20230525,3947.4,3947.4,0.0,0.0
4500005019,20,,,61008.85,61008.85,0.0,0.0
4500005020,10,5000010990,20230525,36790.64,36790.64,0.0,0.0
4500005020,20,5000010990,20230525,35567.18,35567.18,0.0,0.0
4500005020,30,5000010990,20230525,29108.28,29108.28,0.0,0.0
4500005020,40,5000010990,20230525,32274.59,32274.59,0.0,0.0
4500005020,50,5000010990,20230525,38377.74,38377.74,0.0,0.0
4500005020,60,5000010990,20230525,38455.17,38455.17,0.0,0.0
4500005020,70,5000010990,20230525,27402.29,27402.29,0.0,0.0
4500005020,80,5000010990,20230525,27419.47,27419.47,0.0,0.0
4500005020,90,5000010990,20230525,26329.22,26329.22,0.0,0.0
4500005020,100,5000010990,20230525,29729.3,29729.3,0.0,0.0
4500005020,110,5000010990,20230525,33455.92,33455.92,0.0,0.0
4500005020,120,5000010990,20230525,36021.84,36021.84,0.0,0.0
4500005020,130,5000010990,20230525,27345.13,27345.13,0.0,0.0
4500005020,140,5000010990,20230525,27577.88,27577.88,0.0,0.0
4500005020,150,5000010990,20230525,35410.94,35410.94,0.0,0.0
4500005021,10,5000010988,20230525,36882.96,36882.96,0.0,0.0
4500005021,20,5000010988,20230525,29671.27,29671.27,0.0,0.0
4500005021,30,5000010988,20230525,30118.12,30118.12,0.0,0.0
4500005021,40,5000010988,20230525,33097.76,33097.76,0.0,0.0
4500005021,50,5000010988,20230525,36510.75,36510.75,0.0,0.0
4500005021,60,5000010988,20230525,33097.76,33097.76,0.0,0.0
4500005021,70,5000010988,20230525,33097.76,33097.76,0.0,0.0
4500005021,80,5000010988,20230525,30053.31,30053.31,0.0,0.0
4500005021,90,5000010988,20230525,29671.27,29671.27,0.0,0.0
4500005021,100,5000010988,20230525,30639.09,30639.09,0.0,0.0
4500005021,110,5000010988,20230525,30590.05,30590.05,0.0,0.0
4500005021,120,5000010988,20230525,30375.47,30375.47,0.0,0.0
4500005021,130,5000010988,20230525,25437.0,28710.47,0.0,0.0
4500005021,140,5000010988,20230525,36510.75,36510.75,0.0,0.0
4500005022,10,5000011458,20230529,38.4,38.4,0.0,0.0
4500005023,10,5000011448,20230529,1700.0,1700.0,0.0,0.0
4500005024,10,5000011035,20230526,195.0,195.0,0.0,0.0
4500005024,20,5000011035,20230526,120.0,120.0,0.0,0.0
4500005024,30,5000011035,20230526,285.0,285.0,0.0,0.0
4500005024,40,5000011035,20230526,1260.0,1260.0,0.0,0.0
4500005024,50,5000011035,20230526,720.0,720.0,0.0,0.0
4500005025,10,,,17699.12,17699.12,0.0,0.0
4500005025,20,,,2053.1,2053.1,0.0,0.0
4500005025,30,,,6371.68,6371.68,0.0,0.0
4500005026,10,5000011421,20230529,1100.0,1100.0,0.0,0.0
4500005026,20,5000011421,20230529,45.06,45.06,0.0,0.0
4500005027,10,5000015912,20230704,3900.0,3900.0,0.0,0.0
4500005027,20,5000015912,20230704,159.77,159.77,0.0,0.0
4500005028,10,5000010985,20230525,27740.59,27740.59,0.0,0.0
4500005028,20,5000010985,20230525,25590.55,25590.55,0.0,0.0
4500005028,30,5000010985,20230525,28763.19,28763.19,0.0,0.0
4500005028,40,5000010985,20230525,30849.93,30849.93,0.0,0.0
4500005028,50,5000010985,20230525,38523.64,38523.64,0.0,0.0
4500005028,60,5000010985,20230525,25665.2,25665.2,0.0,0.0
4500005028,70,5000010985,20230525,26773.34,26773.34,0.0,0.0
4500005028,80,5000010985,20230525,32177.81,32177.81,0.0,0.0
4500005028,90,5000010985,20230525,44303.88,44303.88,0.0,0.0
4500005028,100,5000010985,20230525,31258.32,31258.32,0.0,0.0
4500005028,110,5000010985,20230525,31065.3,28793.96,0.0,0.0
4500005028,120,5000010985,20230525,31065.3,31065.3,0.0,0.0
4500005028,130,5000010985,20230525,1755.6,1759.29,0.0,0.0
4500005028,140,5000010985,20230525,1755.6,1759.29,0.0,0.0
4500005028,150,5000010985,20230525,1755.6,1759.29,0.0,0.0
4500005028,160,5000010985,20230525,1755.6,1759.29,0.0,0.0
4500005028,170,5000010985,20230525,15096.0,15095.62,0.0,0.0
4500005029,10,5000011447,20230529,4400.0,4400.0,0.0,0.0
4500005030,10,5000010989,20230525,29885.01,29885.01,0.0,0.0
4500005030,20,5000010989,20230525,34063.85,34063.85,0.0,0.0
4500005030,30,5000010989,20230525,27672.18,27672.18,0.0,0.0
4500005030,40,5000010989,20230525,29217.24,29217.24,0.0,0.0
4500005030,50,5000010989,20230525,30442.23,30442.23,0.0,0.0
4500005030,60,5000010989,20230525,33929.82,33929.82,0.0,0.0
4500005030,70,5000010989,20230525,26200.95,26200.95,0.0,0.0
4500005030,80,5000010989,20230525,24069.39,24069.39,0.0,0.0
4500005030,90,5000010989,20230525,31615.19,31615.19,0.0,0.0
4500005030,100,5000010989,20230525,33368.41,33368.41,0.0,0.0
4500005030,110,5000010989,20230525,28875.34,28875.34,0.0,0.0
4500005030,120,5000010989,20230525,24455.94,29118.98,0.0,0.0
4500005030,130,5000011520,20230529,36104.8,36104.8,0.0,0.0
4500005032,10,5000010993,20230525,36012.53,36012.53,0.0,0.0
4500005032,20,5000010993,20230525,34232.28,34232.28,0.0,0.0
4500005032,30,5000010993,20230525,35895.11,35895.11,0.0,0.0
4500005032,40,5000010993,20230525,32246.83,32246.83,0.0,0.0
4500005032,50,5000010993,20230525,34176.43,34176.43,0.0,0.0
4500005032,60,5000010993,20230525,32829.27,32829.27,0.0,0.0
4500005032,70,5000010993,20230525,45010.33,45010.33,0.0,0.0
4500005033,10,5000011043,20230526,37054.93,37054.93,0.0,0.0
4500005033,20,5000011043,20230526,29333.46,29333.46,0.0,0.0
4500005033,30,5000011043,20230526,29357.7,29357.7,0.0,0.0
4500005033,40,5000011461,20230529,31623.74,31623.74,0.0,0.0
4500005033,50,5000011043,20230526,31168.66,31168.66,0.0,0.0
4500005033,60,5000011043,20230526,30308.32,30308.32,0.0,0.0
4500005033,70,5000011043,20230526,26286.2,26286.2,0.0,0.0
4500005033,80,5000011043,20230526,24205.83,24205.83,0.0,0.0
4500005033,90,5000011043,20230526,30739.19,30739.19,0.0,0.0
4500005033,100,5000011043,20230526,30283.49,30283.49,0.0,0.0
4500005033,110,5000011043,20230526,37450.67,37450.67,0.0,0.0
4500005034,10,5000011446,20230529,85.0,85.0,0.0,0.0
4500005034,20,5000011446,20230529,85.0,85.0,0.0,0.0
4500005035,10,5000011120,20230526,85.0,85.0,0.0,0.0
4500005036,10,5000011119,20230526,85.0,85.0,0.0,0.0
4500005037,10,5000011044,20230526,32634.9,32634.9,0.0,0.0
4500005037,20,5000011044,20230526,33856.29,33856.29,0.0,0.0
4500005037,30,5000011044,20230526,39760.19,39760.19,0.0,0.0
4500005037,40,5000011044,20230526,44063.75,44063.75,0.0,0.0
4500005037,50,5000011044,20230526,31076.91,31076.91,0.0,0.0
4500005037,60,5000011044,20230526,29173.84,29173.84,0.0,0.0
4500005037,70,5000011044,20230526,33367.96,33367.96,0.0,0.0
4500005038,10,,,1769.91,1769.91,0.0,0.0
4500005039,10,5000011046,20230526,34758.81,34758.81,0.0,0.0
4500005039,20,5000011046,20230526,32141.32,32141.32,0.0,0.0
4500005039,30,5000011046,20230526,34120.17,34120.17,0.0,0.0
4500005039,40,5000011046,20230526,31580.44,31580.44,0.0,0.0
4500005039,50,5000011046,20230526,45347.07,45347.07,0.0,0.0
4500005039,60,5000011046,20230526,26958.81,26958.81,0.0,0.0
4500005039,70,5000011046,20230526,31580.44,31580.44,0.0,0.0
4500005039,80,5000011046,20230526,37637.17,37637.17,0.0,0.0
4500005039,90,5000011046,20230526,28001.96,28001.96,0.0,0.0
4500005039,100,5000011046,20230526,34334.99,34334.99,0.0,0.0
4500005040,10,5000011597,20230530,488.0,487.5,0.0,0.0
4500005040,20,5000011597,20230530,330.0,330.4,0.0,0.0
4500005040,30,5000011597,20230530,435.0,435.0,0.0,0.0
4500005040,40,5000011597,20230530,704.0,704.0,0.0,0.0
4500005040,50,5000011597,20230530,397.0,396.9,0.0,0.0
4500005040,60,5000011597,20230530,1075.0,1075.35,0.0,0.0
4500005040,70,5000011597,20230530,507.0,507.03,0.0,0.0
4500005040,80,5000011597,20230530,189.0,189.1,0.0,0.0
4500005040,90,5000011597,20230530,1502.0,1502.39,0.0,0.0
4500005040,100,5000011597,20230530,3563.2,3563.2,0.0,0.0
4500005040,110,5000011597,20230530,920.8,920.8,0.0,0.0
4500005040,120,5000011597,20230530,335.0,332.5,0.0,0.0
4500005040,130,5000011597,20230530,335.0,332.5,0.0,0.0
4500005040,140,5000011597,20230530,85.52,85.5,0.0,0.0
4500005040,150,5000011597,20230530,496.0,495.0,0.0,0.0
4500005040,160,5000011597,20230530,370.0,370.0,0.0,0.0
4500005041,10,5000011117,20230526,1272.73,1272.73,0.0,0.0
4500005042,10,5000011048,20230526,39651.46,39651.46,0.0,0.0
4500005042,20,5000011048,20230526,26929.4,26929.4,0.0,0.0
4500005042,30,5000011048,20230526,30159.47,30159.47,0.0,0.0
4500005042,40,5000011048,20230526,30441.53,30441.53,0.0,0.0
4500005042,50,5000011048,20230526,28272.14,28272.14,0.0,0.0
4500005042,60,5000011048,20230526,31255.31,31255.31,0.0,0.0
4500005042,70,5000011048,20230526,36131.05,36131.05,0.0,0.0
4500005042,80,5000011048,20230526,31612.62,31612.62,0.0,0.0
4500005042,90,5000011048,20230526,38455.59,38455.59,0.0,0.0
4500005042,100,5000011048,20230526,34437.52,34437.52,0.0,0.0
4500005043,10,5000014074,20230620,625.0,625.0,0.0,0.0
4500005044,10,5000011045,20230526,34981.68,34981.68,0.0,0.0
4500005044,20,5000011045,20230526,30596.23,30596.23,0.0,0.0
4500005044,30,5000011045,20230526,32658.22,32658.22,0.0,0.0
4500005044,40,5000011045,20230526,25882.06,25882.06,0.0,0.0
4500005044,50,5000011045,20230526,25289.07,25289.07,0.0,0.0
4500005044,60,5000011045,20230526,33979.5,33979.5,0.0,0.0
4500005044,70,5000011045,20230526,32969.16,32969.16,0.0,0.0
4500005044,80,5000011045,20230526,30261.81,30261.81,0.0,0.0
4500005044,90,5000011045,20230526,35127.0,35127.0,0.0,0.0
4500005044,100,5000011045,20230526,31440.45,31440.45,0.0,0.0
4500005044,110,5000011045,20230526,34806.81,34806.81,0.0,0.0
4500005044,120,5000011045,20230526,26686.85,26686.85,0.0,0.0
4500005044,130,5000011045,20230526,26043.86,26043.86,0.0,0.0
4500005044,140,5000011045,20230526,28390.58,41416.62,0.0,0.0
4500005045,10,5000011115,20230526,405.0,405.0,0.0,0.0
4500005046,10,5000011079,20230526,1380.0,1380.0,3146.0,-3146.0
4500005046,20,5000011079,20230526,1380.0,1380.0,0.0,0.0
4500005046,30,5000011079,20230526,100.0,100.0,0.0,0.0
4500005047,10,,,407898.05,407898.13,0.0,0.0
4500005048,10,5000011011,20230525,176332.74,176332.74,0.0,0.0
4500005049,10,,,1115.04,1115.04,0.0,0.0
4500005050,10,,,28141.59,28141.59,0.0,0.0
4500005050,20,,,7300.88,7300.88,0.0,0.0
4500005051,10,,,5868.74,5868.75,0.0,0.0
4500005051,30,,,150338.55,150338.55,0.0,0.0
4500005052,10,,,1460.18,1460.17,0.0,0.0
4500005052,20,,,88.5,88.5,0.0,0.0
4500005053,10,5000011313,20230529,798.0,798.0,0.0,0.0
4500005054,10,5000011312,20230529,2185.0,2185.0,0.0,0.0
4500005055,10,5000011311,20230529,902.0,902.0,0.0,0.0
4500005056,10,5000011310,20230529,882.0,882.0,0.0,0.0
4500005059,10,5000011049,20230526,27419.47,27419.47,0.0,0.0
4500005059,20,5000011049,20230526,25642.53,25642.53,0.0,0.0
4500005059,30,5000011049,20230526,34577.21,34577.21,0.0,0.0
4500005059,40,5000011049,20230526,27240.56,27240.56,0.0,0.0
4500005059,50,5000011049,20230526,28572.09,28572.09,0.0,0.0
4500005059,60,5000011049,20230526,34153.16,34153.16,0.0,0.0
4500005059,70,5000011049,20230526,34276.89,34276.89,0.0,0.0
4500005059,80,5000011049,20230526,35409.49,35409.49,0.0,0.0
4500005059,90,5000011590,20230530,35422.67,35422.67,0.0,0.0
4500005059,100,5000011049,20230526,46068.13,46068.13,0.0,0.0
4500005059,110,5000011049,20230526,33991.18,33991.18,0.0,0.0
4500005059,120,5000011049,20230526,29872.81,29872.81,0.0,0.0
4500005059,130,5000011049,20230526,37708.8,37708.8,0.0,0.0
4500005059,140,5000011049,20230526,32768.94,32768.94,0.0,0.0
4500005060,10,5000011047,20230526,43667.38,43667.38,0.0,0.0
4500005060,20,5000011047,20230526,31984.34,31984.34,0.0,0.0
4500005060,30,5000011047,20230526,35305.4,35305.4,0.0,0.0
4500005060,40,5000011047,20230526,30838.9,30838.9,0.0,0.0
4500005060,50,5000011047,20230526,24723.35,24723.35,0.0,0.0
4500005060,60,5000011047,20230526,28047.61,28047.61,0.0,0.0
4500005060,70,5000011047,20230526,30570.06,30570.06,0.0,0.0
4500005060,80,5000011047,20230526,30274.08,30274.08,0.0,0.0
4500005060,90,5000011047,20230526,32362.08,32362.08,0.0,0.0
4500005060,100,5000011047,20230526,38762.6,38762.6,0.0,0.0
4500005060,110,5000011047,20230526,29899.01,29899.01,0.0,0.0
4500005061,10,,,4011.82,4011.82,0.0,0.0
4500005062,10,,,13550.44,13956.96,0.0,0.0
4500005063,10,,,283.19,283.19,0.0,0.0
4500005063,20,,,353.98,353.98,0.0,0.0
4500005063,30,,,601.77,601.77,0.0,0.0
4500005063,40,,,205.31,205.31,0.0,0.0
4500005063,50,,,61.95,61.95,0.0,0.0
4500005064,10,5000015670,20230703,3900.0,3900.0,0.0,0.0
4500005064,20,5000015670,20230703,159.77,159.77,0.0,0.0
4500005065,10,5000011309,20230529,902.0,902.0,0.0,0.0
4500005066,10,5000011308,20230529,902.0,902.0,0.0,0.0
4500005067,10,5000011307,20230529,986.0,986.0,0.0,0.0
4500005068,10,5000011306,20230529,2185.0,2185.0,0.0,0.0
4500005069,10,5000011305,20230529,798.0,798.0,0.0,0.0
4500005070,10,5000011304,20230529,798.0,798.0,0.0,0.0
4500005071,10,5000011303,20230529,902.0,902.0,0.0,0.0
4500005072,10,5000011302,20230529,986.0,986.0,0.0,0.0
4500005073,10,5000011301,20230529,902.0,902.0,0.0,0.0
4500005074,10,5000011300,20230529,798.0,798.0,0.0,0.0
4500005075,10,5000011299,20230529,902.0,902.0,0.0,0.0
4500005076,10,5000011298,20230529,902.0,902.0,0.0,0.0
4500005077,10,,,10088.5,10088.5,0.0,0.0
4500005077,20,,,8362.83,8362.83,0.0,0.0
4500005077,30,,,2230.09,2230.09,0.0,0.0
4500005079,30,,,5853.45,5853.45,0.0,0.0
4500005079,40,,,17946.9,17946.9,0.0,0.0
4500005079,50,,,22878.85,22878.85,0.0,0.0
4500005080,10,5000011297,20230529,902.0,902.0,0.0,0.0
4500005081,10,5000011296,20230529,902.0,902.0,0.0,0.0
4500005082,10,5000011295,20230529,902.0,902.0,0.0,0.0
4500005084,10,5000011294,20230529,871.0,871.0,0.0,0.0
4500005085,10,5000011293,20230529,2185.0,2185.0,0.0,0.0
4500005086,10,5000011292,20230529,798.0,798.0,0.0,0.0
4500005087,10,5000011291,20230529,982.0,982.0,0.0,0.0
4500005088,10,5000011290,20230529,902.0,902.0,0.0,0.0
4500005089,10,5000011289,20230529,798.0,798.0,0.0,0.0
4500005090,10,5000011288,20230529,1079.0,1079.0,0.0,0.0
4500005091,10,5000011287,20230529,871.0,871.0,0.0,0.0
4500005092,10,5000011286,20230529,902.0,902.0,0.0,0.0
4500005093,10,5000011285,20230529,902.0,902.0,0.0,0.0
4500005094,10,,,0.0,0.0,0.0,0.0
4500005095,10,,,1461.95,1461.95,0.0,0.0
4500005095,20,,,718.58,718.58,0.0,0.0
4500005095,30,,,1651.33,1651.33,0.0,0.0
4500005096,10,5000011284,20230529,660.0,660.0,0.0,0.0
4500005096,20,5000011284,20230529,166.0,166.24,0.0,0.0
4500005096,30,5000011284,20230529,452.5,452.5,0.0,0.0
4500005096,40,5000011284,20230529,63.6,63.6,0.0,0.0
4500005096,50,5000011284,20230529,255.0,255.0,0.0,0.0
4500005096,60,5000011284,20230529,510.0,510.0,0.0,0.0
4500005096,70,5000011284,20230529,52.86,52.86,0.0,0.0
4500005096,80,5000011284,20230529,149.61,149.62,0.0,0.0
4500005097,10,5000011283,20230529,880.0,880.0,0.0,0.0
4500005098,10,5000011110,20230526,2986.18,2986.18,0.0,0.0
4500005099,10,5000011108,20230526,5567.38,5567.38,0.0,0.0
4500005100,10,,,21238.94,21238.94,0.0,0.0
4500005101,10,5000011107,20230526,540.48,540.48,0.0,0.0
4500005102,10,5000011282,20230529,18183.0,18183.0,0.0,0.0
4500005103,10,5000011281,20230529,17864.0,17864.0,0.0,0.0
4500005103,20,5000011281,20230529,68.83,68.83,0.0,0.0
4500005107,10,,,4283.19,4283.19,0.0,0.0
4500005108,10,5000011092,20230526,206814.16,206814.16,0.0,0.0
4500005109,10,,,520.35,520.35,0.0,0.0
4500005109,20,,,11327.43,11327.43,0.0,0.0
4500005109,30,,,4528.32,4528.32,0.0,0.0
4500005109,40,,,134.51,134.51,0.0,0.0
4500005109,50,,,212.39,212.39,0.0,0.0
4500005109,60,,,424.78,424.78,0.0,0.0
4500005109,70,,,265.49,265.49,0.0,0.0
4500005109,80,,,230.09,230.09,0.0,0.0
4500005109,90,,,1008.85,1008.85,0.0,0.0
4500005109,100,,,424.78,424.78,0.0,0.0
4500005109,110,,,5088.5,5088.5,0.0,0.0
4500005109,120,,,690.27,690.27,0.0,0.0
4500005109,130,,,35.4,35.4,0.0,0.0
4500005109,140,,,28.32,28.32,0.0,0.0
4500005109,150,,,21.24,21.24,0.0,0.0
4500005109,160,,,176.99,176.99,0.0,0.0
4500005109,170,,,33.63,33.63,0.0,0.0
4500005109,180,,,143.36,143.36,0.0,0.0
4500005109,190,,,1424.78,1424.78,0.0,0.0
4500005109,200,,,1504.42,1504.42,0.0,0.0
4500005109,210,,,146.02,146.02,0.0,0.0
4500005109,220,,,58.41,58.41,0.0,0.0
4500005109,230,,,584.07,584.07,0.0,0.0
4500005109,240,,,371.68,371.68,0.0,0.0
4500005109,250,,,398.24,398.23,0.0,0.0
4500005109,260,,,424.78,424.78,0.0,0.0
4500005109,270,,,424.78,424.78,0.0,0.0
4500005109,280,,,174.78,174.78,0.0,0.0
4500005109,290,,,115.04,115.04,0.0,0.0
4500005110,10,5000011101,20230526,2545.0,2545.0,0.0,0.0
4500005110,20,5000011101,20230526,1485.0,1485.0,0.0,0.0
4500005110,30,5000011101,20230526,2132.0,2132.0,0.0,0.0
4500005110,40,5000011101,20230526,250.0,250.0,0.0,0.0
4500005110,50,5000011101,20230526,1081.6,1081.6,0.0,0.0
4500005111,10,,,14159.29,14159.29,0.0,0.0
4500005111,20,,,3682.3,3682.3,0.0,0.0
4500005111,30,,,3384.96,3384.96,0.0,0.0
4500005111,40,,,1168.14,1168.14,0.0,0.0
4500005111,50,,,1012.39,1012.39,0.0,0.0
4500005111,60,,,4203.54,4203.54,0.0,0.0
4500005112,10,5000011280,20230529,829.0,829.0,0.0,0.0
4500005113,10,5000011279,20230529,798.0,798.0,0.0,0.0
4500005114,10,5000011278,20230529,2081.0,2081.0,0.0,0.0
4500005115,10,5000011277,20230529,2185.0,2185.0,0.0,0.0
4500005116,10,5000011276,20230529,1952.0,1952.0,0.0,0.0
4500005117,10,5000011925,20230531,2750.0,2750.0,0.0,0.0
4500005117,20,5000011925,20230531,112.66,112.66,0.0,0.0
4500005118,10,5000011275,20230529,2185.0,2185.0,0.0,0.0
4500005119,10,5000011274,20230529,975.0,975.0,0.0,0.0
4500005120,10,5000011348,20230529,2258.0,2258.0,0.0,0.0
4500005121,10,5000011347,20230529,1086.0,1086.0,0.0,0.0
4500005122,10,5000011346,20230529,798.0,798.0,0.0,0.0
4500005123,10,5000011345,20230529,1002.0,1002.0,0.0,0.0
4500005124,10,5000011344,20230529,2177.0,2177.0,0.0,0.0
4500005125,10,5000011973,20230601,500.0,500.0,0.0,0.0
4500005126,10,5000011343,20230529,2258.0,2258.0,0.0,0.0
4500005127,10,5000011424,20230529,1200.0,1200.0,0.0,0.0
4500005127,20,5000011424,20230529,49.16,49.16,0.0,0.0
4500005128,10,5000011342,20230529,1086.0,1086.0,0.0,0.0
4500005129,10,5000011341,20230529,986.0,986.0,0.0,0.0
4500005130,10,5000011340,20230529,1059.0,1059.0,0.0,0.0
4500005131,10,5000011339,20230529,902.0,902.0,0.0,0.0
4500005133,10,5000011338,20230529,902.0,902.0,0.0,0.0
4500005134,10,5000011337,20230529,2363.0,2363.0,0.0,0.0
4500005135,10,5000011336,20230529,798.0,798.0,0.0,0.0
4500005136,10,5000011335,20230529,902.0,902.0,0.0,0.0
4500005137,10,5000011334,20230529,982.0,982.0,0.0,0.0
4500005138,10,5000011333,20230529,798.0,798.0,0.0,0.0
4500005139,10,5000011332,20230529,902.0,902.0,0.0,0.0
4500005140,10,5000011331,20230529,798.0,798.0,0.0,0.0
4500005141,10,5000011330,20230529,902.0,902.0,0.0,0.0
4500005142,10,5000011329,20230529,798.0,798.0,0.0,0.0
4500005143,10,5000011328,20230529,798.0,798.0,0.0,0.0
4500005144,10,5000011325,20230529,902.0,902.0,0.0,0.0
4500005145,10,5000011324,20230529,902.0,902.0,0.0,0.0
4500005146,10,5000011323,20230529,798.0,798.0,0.0,0.0
4500005147,10,5000011322,20230529,902.0,902.0,0.0,0.0
4500005148,10,5000011321,20230529,902.0,902.0,0.0,0.0
4500005149,10,5000011320,20230529,871.0,871.0,0.0,0.0
4500005150,10,5000011319,20230529,982.0,982.0,0.0,0.0
4500005151,10,5000011924,20230531,2750.0,2750.0,0.0,0.0
4500005151,20,5000011924,20230531,112.66,112.66,0.0,0.0
4500005152,10,5000011318,20230529,798.0,798.0,0.0,0.0
4500005153,10,5000011317,20230529,798.0,798.0,0.0,0.0
4500005154,10,5000011315,20230529,2290.0,2290.0,0.0,0.0
4500005155,10,5000011316,20230529,798.0,798.0,0.0,0.0
4500005156,10,5000011326,20230529,982.0,982.0,0.0,0.0
4500005157,10,5000011327,20230529,871.0,871.0,0.0,0.0
4500005158,10,5000011473,20230529,880.0,880.0,0.0,0.0
4500005159,10,5000011472,20230529,800.0,880.0,0.0,0.0
4500005160,10,5000011469,20230529,600.0,600.0,0.0,0.0
4500005161,10,5000011467,20230529,800.0,880.0,0.0,0.0
4500005162,10,5000011961,20230601,104400.0,37700.0,0.0,0.0
4500005163,10,5000011465,20230529,258.0,258.0,0.0,0.0
4500005164,10,5000012569,20230607,405.18,405.18,0.0,0.0
4500005164,20,5000012569,20230607,31.82,31.82,0.0,0.0
4500005165,10,,,194.69,194.69,0.0,0.0
4500005166,10,,,11707.96,11707.96,0.0,0.0
4500005166,20,,,23893.81,23893.81,0.0,0.0
4500005167,10,,,36637.17,36637.17,0.0,0.0
4500005167,20,,,25840.71,25840.71,0.0,0.0
4500005167,30,,,194077.43,194077.43,0.0,0.0
4500005168,10,,,18229.91,18229.91,0.0,0.0
4500005168,20,,,18420.35,18420.35,0.0,0.0
4500005169,10,5000011198,20230526,759389.35,0.0,0.0,0.0
4500005170,10,5000011199,20230526,759389.35,0.0,0.0,0.0
4500005171,10,5000011202,20230526,410250.97,399919.15,0.0,0.0
4500005172,10,5000011203,20230526,410250.97,398552.44,0.0,0.0
4500005173,10,5000011204,20230526,461942.69,0.0,0.0,0.0
4500005174,10,5000011205,20230526,759389.35,0.0,0.0,0.0
4500005175,10,5000011206,20230526,759389.35,0.0,0.0,0.0
4500005176,10,5000011207,20230526,410250.97,399028.74,0.0,0.0
4500005177,10,5000011208,20230526,410250.97,409887.39,0.0,0.0
4500005178,10,5000011210,20230526,505837.3,473603.64,0.0,0.0
4500005179,10,5000011211,20230526,461942.69,457229.63,0.0,0.0
4500005180,10,5000011212,20230526,461942.69,0.0,0.0,0.0
4500005181,10,5000011213,20230526,461942.69,452363.89,0.0,0.0
4500005182,10,5000011214,20230526,461942.69,444968.37,0.0,0.0
4500005183,10,5000011215,20230526,461942.69,0.0,0.0,0.0
4500005184,10,5000011197,20230526,206194.69,206194.69,0.0,0.0
4500005185,10,,,991.15,991.15,0.0,0.0
4500005185,20,,,283.19,283.19,0.0,0.0
4500005185,30,,,610.62,610.62,0.0,0.0
4500005185,40,,,3495.58,3495.58,0.0,0.0
4500005185,50,,,309.73,309.73,0.0,0.0
4500005185,60,,,1504.42,1504.42,0.0,0.0
4500005185,70,,,663.72,663.72,0.0,0.0
4500005185,80,,,21.24,21.24,0.0,0.0
4500005185,90,,,23.01,23.01,0.0,0.0
4500005185,100,,,24.78,24.78,0.0,0.0
4500005185,110,,,30.09,30.09,0.0,0.0
4500005185,120,,,33.63,33.63,0.0,0.0
4500005185,130,,,4884.96,4884.96,0.0,0.0
4500005185,140,,,221.24,221.24,0.0,0.0
4500005185,150,,,637.17,637.17,0.0,0.0
4500005185,160,,,216.81,216.81,0.0,0.0
4500005185,170,,,477.88,477.88,0.0,0.0
4500005186,10,,,672.57,672.57,0.0,0.0
4500005186,20,,,21238.94,21238.94,0.0,0.0
4500005187,10,5000013234,20230614,3900.0,3900.0,0.0,0.0
4500005187,20,5000013234,20230614,159.77,159.77,0.0,0.0
4500005188,10,5000011425,20230529,1350.0,1350.0,0.0,0.0
4500005188,20,5000011425,20230529,55.3,55.3,0.0,0.0
4500005189,10,5000011922,20230531,2750.0,2750.0,0.0,0.0
4500005189,20,5000011922,20230531,112.66,112.66,0.0,0.0
4500005190,10,5000011430,20230529,1100.0,1100.0,0.0,0.0
4500005190,20,5000011430,20230529,45.06,45.06,0.0,0.0
4500005191,10,5000011428,20230529,1100.0,1100.0,0.0,0.0
4500005191,20,5000011428,20230529,45.06,45.06,0.0,0.0
4500005192,10,5000011921,20230531,2750.0,2750.0,0.0,0.0
4500005192,20,5000011921,20230531,112.66,112.66,0.0,0.0
4500005193,10,,,1150.44,1150.44,0.0,0.0
4500005194,10,5000011478,20230529,264.0,264.0,0.0,0.0
4500005195,10,5000011601,20230530,1380.0,1380.0,0.0,0.0
4500005195,20,5000011603,20230530,1008.0,1008.0,0.0,0.0
4500005196,10,5000011606,20230530,875.0,875.0,0.0,0.0
4500005196,20,5000011606,20230530,875.0,875.0,0.0,0.0
4500005196,30,5000011606,20230530,1490.0,1490.0,0.0,0.0
4500005196,40,5000011606,20230530,1490.0,1490.0,0.0,0.0
4500005196,50,5000011606,20230530,925.0,925.0,0.0,0.0
4500005196,60,5000011606,20230530,340.2,340.2,0.0,0.0
4500005196,70,5000011606,20230530,440.0,440.0,0.0,0.0
4500005197,20,5000013803,20230619,290.95,290.95,0.0,0.0
4500005197,30,5000013803,20230619,440.41,440.42,0.0,0.0
4500005197,40,5000013803,20230619,146.89,146.9,0.0,0.0
4500005198,10,5000012571,20230607,1086.0,1085.45,0.0,0.0
4500005198,20,5000012571,20230607,93.0,92.73,0.0,0.0
4500005199,10,5000012051,20230602,3978.2,3978.2,0.0,0.0
4500005200,10,5000011607,20230530,453.0,453.0,0.0,0.0
4500005200,20,5000011607,20230530,51.11,51.11,0.0,0.0
4500005200,30,5000011607,20230530,77.0,77.0,0.0,0.0
4500005200,40,5000011607,20230530,70.0,70.0,0.0,0.0
4500005201,10,5000011608,20230530,487.0,487.0,0.0,0.0
4500005201,20,5000011608,20230530,442.0,442.0,0.0,0.0
4500005202,10,5000011579,20230530,177.6,177.6,0.0,0.0
4500005202,20,5000011579,20230530,621.12,621.12,0.0,0.0
4500005202,30,5000011579,20230530,680.8,680.8,0.0,0.0
4500005202,40,5000011579,20230530,29.0,29.0,0.0,0.0
4500005203,10,5000011610,20230530,955.0,955.0,0.0,0.0
4500005203,20,5000011610,20230530,585.0,585.0,0.0,0.0
4500005203,30,5000011610,20230530,3825.0,3825.0,0.0,0.0
4500005203,40,5000011610,20230530,1480.0,1480.0,0.0,0.0
4500005203,50,5000011610,20230530,585.0,585.0,0.0,0.0
4500005203,60,5000011610,20230530,3650.0,3650.0,0.0,0.0
4500005203,70,5000011610,20230530,795.0,795.0,0.0,0.0
4500005203,80,5000011610,20230530,640.0,640.0,0.0,0.0
4500005203,90,5000011610,20230530,690.0,690.0,0.0,0.0
4500005204,10,5000011611,20230530,585.0,585.0,0.0,0.0
4500005204,20,5000011611,20230530,3820.0,3820.0,0.0,0.0
4500005204,30,5000011611,20230530,3060.0,3060.0,0.0,0.0
4500005204,40,5000011611,20230530,1460.0,1460.0,0.0,0.0
4500005204,50,5000011611,20230530,4480.0,4480.0,0.0,0.0
4500005204,60,5000011611,20230530,1220.0,1220.0,0.0,0.0
4500005204,70,5000011611,20230530,4140.0,4140.0,0.0,0.0
4500005205,10,5000011612,20230530,7640.0,7640.0,0.0,0.0
4500005205,20,5000011612,20230530,585.0,585.0,0.0,0.0
4500005205,30,5000011612,20230530,1170.0,1170.0,0.0,0.0
4500005205,40,5000011612,20230530,1530.0,1530.0,0.0,0.0
4500005205,50,5000011612,20230530,1460.0,1460.0,0.0,0.0
4500005205,60,5000011612,20230530,1830.0,1830.0,0.0,0.0
4500005205,70,5000011612,20230530,5120.0,5120.0,0.0,0.0
4500005206,10,5000023584,20230824,780.0,780.0,0.0,0.0
4500005206,20,5000023584,20230824,52.0,52.0,0.0,0.0
4500005206,30,5000023584,20230824,132.0,132.0,0.0,0.0
4500005206,40,5000023584,20230824,1485.0,1485.0,0.0,0.0
4500005206,50,5000023584,20230824,9000.0,9000.0,0.0,0.0
4500005206,60,5000023584,20230824,1875.0,1875.0,0.0,0.0
4500005206,70,5000023584,20230824,750.0,750.0,0.0,0.0
4500005206,80,5000023584,20230824,1560.0,1560.0,0.0,0.0
4500005206,90,5000023584,20230824,262.8,262.8,0.0,0.0
4500005206,100,5000023584,20230824,40.0,40.0,0.0,0.0
4500005208,10,5000013450,20230615,927.24,927.24,0.0,0.0
4500005208,20,5000013450,20230615,6696.0,6696.0,0.0,0.0
4500005208,30,5000013450,20230615,10140.0,10140.0,0.0,0.0
4500005208,40,5000013450,20230615,381.7,287.5,0.0,0.0
4500005208,50,5000013450,20230615,1293.75,1293.75,0.0,0.0
4500005208,60,5000013450,20230615,225.4,225.4,0.0,0.0
4500005208,70,5000018246,20230719,28658.5,28658.5,0.0,0.0
4500005208,80,5000013450,20230615,5230.0,5230.0,0.0,0.0
4500005208,100,5000013450,20230615,902.0,902.0,0.0,0.0
4500005208,110,5000013450,20230615,8115.0,8115.0,0.0,0.0
4500005209,10,5000020425,20230801,76260.0,76260.0,0.0,0.0
4500005214,10,5000016222,20230707,1086.0,1086.0,0.0,0.0
4500005214,20,5000016222,20230707,954.0,954.0,0.0,0.0
4500005215,10,5000014775,20230627,88400.0,88400.0,0.0,0.0
4500005216,10,5000020866,20230804,3354.0,3354.0,0.0,0.0
4500005216,20,5000020866,20230804,258.0,300.72,0.0,0.0
4500005216,30,5000020866,20230804,3870.0,3870.0,0.0,0.0
4500005216,40,5000020866,20230804,258.0,258.0,0.0,0.0
4500005216,50,5000020866,20230804,3651.45,3833.94,0.0,0.0
4500005216,60,5000020866,20230804,2211.9,2174.95,0.0,0.0
4500005216,70,5000020866,20230804,972.0,1015.47,0.0,0.0
4500005216,80,5000020866,20230804,6519.0,6844.54,0.0,0.0
4500005216,90,5000020866,20230804,318.0,333.88,0.0,0.0
4500005216,100,5000020866,20230804,4500.0,5250.0,0.0,0.0
4500005216,110,5000020866,20230804,425.1,525.0,0.0,0.0
4500005216,120,5000020866,20230804,27432.0,27432.0,0.0,0.0
4500005216,130,5000020866,20230804,1000.0,1000.0,0.0,0.0
4500005216,140,5000020866,20230804,29.25,30.05,0.0,0.0
4500005216,150,5000020866,20230804,68.4,74.09,0.0,0.0
4500005216,160,5000020866,20230804,144.1,157.09,0.0,0.0
4500005216,170,5000020867,20230804,424.2,422.74,0.0,0.0
4500005216,180,5000020867,20230804,1755.2,1855.04,0.0,0.0
4500005216,190,5000020866,20230804,3460.4,3954.55,0.0,0.0
4500005216,200,5000020866,20230804,39.8,39.8,0.0,0.0
4500005216,210,5000020866,20230804,2067.9,2065.08,0.0,0.0
4500005216,220,5000020866,20230804,109.8,109.65,0.0,0.0
4500005216,230,5000022794,20230821,333.6,333.6,0.0,0.0
4500005216,240,5000020866,20230804,1757.5,1950.0,0.0,0.0
4500005216,250,5000020866,20230804,20880.0,21500.0,0.0,0.0
4500005219,10,5000023272,20230823,1104.0,1140.0,0.0,0.0
4500005219,20,5000023272,20230823,29.0,29.0,0.0,0.0
4500005220,10,5000012471,20230606,2125.0,2125.0,0.0,0.0
4500005220,20,5000012471,20230606,87.05,87.05,0.0,0.0
4500005223,10,5000011464,20230529,354.0,354.0,0.0,0.0
4500005223,20,5000011464,20230529,354.0,354.0,0.0,0.0
4500005223,30,5000011464,20230529,177.0,177.0,0.0,0.0
4500005224,10,5000011455,20230529,5000.0,5000.0,0.0,0.0
4500005224,20,5000011455,20230529,28.8,28.8,0.0,0.0
4500005224,30,5000011454,20230529,212.5,212.5,0.0,0.0
4500005224,40,5000011456,20230529,117.0,117.0,0.0,0.0
4500005224,50,5000011456,20230529,475.0,475.0,0.0,0.0
4500005225,10,5000012695,20230608,1200.0,1200.0,0.0,0.0
4500005225,20,5000012695,20230608,45.52,45.52,0.0,0.0
4500005226,10,5000011368,20230529,206194.69,206194.69,0.0,0.0
4500005227,10,5000011927,20230531,2750.0,2750.0,0.0,0.0
4500005227,20,5000011927,20230531,104.31,104.31,0.0,0.0
4500005227,30,5000011927,20230531,2750.0,2750.0,0.0,0.0
4500005227,40,5000011927,20230531,104.31,104.31,0.0,0.0
4500005228,10,5000011370,20230529,206194.69,206194.69,0.0,0.0
4500005229,10,5000011376,20230529,162618.58,162618.58,0.0,0.0
4500005231,10,,,24336.28,24336.28,0.0,0.0
4500005231,20,,,2433.63,2433.63,0.0,0.0
4500005232,10,5000011386,20230529,139136.28,139136.28,0.0,0.0
4500005233,10,,,6637.17,6637.17,0.0,0.0
4500005233,20,,,6637.17,6637.17,0.0,0.0
4500005233,30,,,663.72,663.72,0.0,0.0
4500005234,10,5000011393,20230529,176333.63,176333.63,0.0,0.0
4500005235,10,,,5309.73,5309.73,0.0,0.0
4500005235,20,,,3584.07,3584.33,0.0,0.0
4500005235,30,,,5628.32,5628.32,0.0,0.0
4500005235,40,,,2254.87,2254.87,0.0,0.0
4500005236,10,5000011972,20230601,200.0,200.0,0.0,0.0
4500005236,20,5000011972,20230601,330.0,330.0,0.0,0.0
4500005236,30,5000011972,20230601,300.0,300.0,0.0,0.0
4500005236,40,5000011972,20230601,196.0,196.0,0.0,0.0
4500005236,50,5000011972,20230601,720.0,720.0,0.0,0.0
4500005236,60,5000011972,20230601,104.0,104.0,0.0,0.0
4500005236,70,5000011972,20230601,312.0,312.0,0.0,0.0
4500005236,80,5000011972,20230601,9.2,9.2,0.0,0.0
4500005236,90,5000011972,20230601,555.0,555.0,0.0,0.0
4500005236,100,5000011972,20230601,420.0,420.0,0.0,0.0
4500005236,110,5000011596,20230530,39.0,39.0,0.0,0.0
4500005237,10,,,24336.28,24336.28,0.0,0.0
4500005238,10,5000012518,20230606,1700.0,1700.0,0.0,0.0
4500005239,10,5000011930,20230531,2750.0,2750.0,0.0,0.0
4500005239,20,5000011930,20230531,104.31,104.31,0.0,0.0
4500005240,10,5000011613,20230530,147.0,147.0,0.0,0.0
4500005241,10,,,3451.33,3451.33,0.0,0.0
4500005242,10,5000011614,20230530,330.75,330.75,0.0,0.0
4500005244,10,5000011598,20230530,150.0,150.0,0.0,0.0
4500005244,20,5000011598,20230530,150.0,150.0,0.0,0.0
4500005246,10,5000011595,20230530,90.0,90.0,0.0,0.0
4500005247,10,5000012076,20230602,636.36,636.36,0.0,0.0
4500005248,10,5000018319,20230720,53.0,53.0,0.0,0.0
4500005248,20,5000018320,20230720,45.0,45.0,0.0,0.0
4500005248,30,5000018319,20230720,15.0,15.0,0.0,0.0
4500005248,40,5000018319,20230720,900.0,900.0,0.0,0.0
4500005250,10,5000012696,20230608,1450.0,1450.0,0.0,0.0
4500005250,20,5000012696,20230608,55.0,55.0,0.0,0.0
4500005251,10,5000014008,20230620,2125.0,2125.0,0.0,0.0
4500005251,20,5000014008,20230620,80.6,80.6,0.0,0.0
4500005252,10,5000011932,20230531,2750.0,2750.0,0.0,0.0
4500005252,20,5000011932,20230531,104.31,104.31,0.0,0.0
4500005253,10,5000011574,20230530,2613.0,2612.93,2874.22,-2874.22
4500005253,20,5000011574,20230530,868.0,868.0,954.8,-954.8
4500005253,30,5000011574,20230530,100.0,100.0,110.0,-110.0
4500005254,10,5000011593,20230530,85.0,85.0,0.0,0.0
4500005254,20,5000011593,20230530,100.0,100.0,0.0,0.0
4500005254,30,5000011593,20230530,85.0,85.0,0.0,0.0
4500005255,10,5000011592,20230530,85.0,85.0,0.0,0.0
4500005255,20,5000011592,20230530,85.0,85.0,0.0,0.0
4500005256,10,5000012060,20230602,1798.2,1798.2,0.0,0.0
4500005257,10,5000012079,20230602,516.0,516.0,0.0,0.0
4500005257,20,5000012079,20230602,225.0,226.7,0.0,0.0
4500005257,30,5000012079,20230602,364.0,363.65,0.0,0.0
4500005257,40,5000012079,20230602,85.52,85.5,0.0,0.0
4500005257,50,5000012079,20230602,991.2,991.21,0.0,0.0
4500005257,60,5000012079,20230602,150.0,150.34,0.0,0.0
4500005257,70,5000012079,20230602,380.0,380.28,0.0,0.0
4500005257,80,5000012079,20230602,2402.0,2402.17,0.0,0.0
4500005257,90,5000012079,20230602,992.0,991.2,0.0,0.0
4500005257,100,5000012079,20230602,150.0,150.0,0.0,0.0
4500005257,110,5000012079,20230602,1461.0,1460.25,0.0,0.0
4500005257,120,5000012079,20230602,77.5,77.93,0.0,0.0
4500005258,10,5000012078,20230602,1665.0,1665.0,0.0,0.0
4500005258,20,5000012078,20230602,660.0,660.0,0.0,0.0
4500005258,30,5000012078,20230602,555.0,555.0,0.0,0.0
4500005258,40,5000012078,20230602,494.0,494.0,0.0,0.0
4500005258,50,5000012078,20230602,5000.0,5000.0,0.0,0.0
4500005259,10,,,10534.51,10534.51,0.0,0.0
4500005260,10,,,4644.96,4644.96,0.0,0.0
4500005261,10,,,24283.19,24283.18,0.0,0.0
4500005262,10,,,4424.78,4424.78,0.0,0.0
4500005263,10,5000012037,20230602,954.82,954.82,0.0,0.0
4500005264,10,5000012036,20230602,755.0,755.0,0.0,0.0
4500005265,10,5000012035,20230602,32.18,32.18,0.0,0.0
4500005265,20,5000012035,20230602,16.5,16.5,0.0,0.0
4500005266,10,5000012034,20230602,32.5,32.5,0.0,0.0
4500005266,20,5000012034,20230602,49.6,49.6,0.0,0.0
4500005266,30,5000012034,20230602,44.33,44.33,0.0,0.0
4500005266,40,5000012034,20230602,18.38,18.38,0.0,0.0
4500005266,50,5000012034,20230602,41.54,41.54,0.0,0.0
4500005266,60,5000012034,20230602,42.35,42.35,0.0,0.0
4500005266,70,5000012034,20230602,35.26,35.26,0.0,0.0
4500005266,80,5000012034,20230602,32.03,32.03,0.0,0.0
4500005267,10,5000012033,20230602,32.18,32.18,0.0,0.0
4500005267,20,5000012033,20230602,18.38,18.38,0.0,0.0
4500005267,30,5000012033,20230602,24.76,24.76,0.0,0.0
4500005267,40,5000012033,20230602,25.6,25.6,0.0,0.0
4500005267,50,5000012033,20230602,10.72,10.72,0.0,0.0
4500005268,10,5000012032,20230602,19.9,19.9,0.0,0.0
4500005268,20,5000012032,20230602,22.1,22.1,0.0,0.0
4500005268,30,5000012032,20230602,23.62,23.62,0.0,0.0
4500005268,40,5000012032,20230602,23.78,23.78,0.0,0.0
4500005268,50,5000012032,20230602,25.6,25.6,0.0,0.0
4500005268,60,5000012032,20230602,21.22,21.22,0.0,0.0
4500005269,10,5000015198,20230629,13387.5,13455.0,0.0,0.0
4500005270,10,,,0.0,0.0,0.0,0.0
4500005270,20,,,0.0,0.0,0.0,0.0
4500005270,30,,,0.0,0.0,0.0,0.0
4500005270,40,5000016380,20230707,310.0,245.6,0.0,0.0
4500005270,50,,,0.0,0.0,0.0,0.0
4500005270,60,,,0.0,0.0,0.0,0.0
4500005270,70,,,0.0,0.0,0.0,0.0
4500005270,80,,,0.0,0.0,0.0,0.0
4500005270,90,,,0.0,0.0,0.0,0.0
4500005270,100,,,0.0,0.0,0.0,0.0
4500005270,110,,,892.8,892.08,0.0,0.0
4500005270,120,,,0.0,0.0,0.0,0.0
4500005270,130,,,0.0,0.0,0.0,0.0
4500005271,10,5000012031,20230602,860.0,860.0,0.0,0.0
4500005272,10,,,221.24,221.24,0.0,0.0
4500005272,20,,,933.63,933.63,0.0,0.0
4500005273,10,,,130902.65,130902.65,0.0,0.0
4500005274,10,5000012693,20230608,1200.0,1200.0,0.0,0.0
4500005274,20,5000012693,20230608,45.52,45.52,0.0,0.0
4500005274,30,5000012693,20230608,1200.0,1200.0,0.0,0.0
4500005274,40,5000012693,20230608,45.52,45.52,0.0,0.0
4500005275,10,5000012694,20230608,1100.0,1100.0,0.0,0.0
4500005275,20,5000012694,20230608,41.72,41.72,0.0,0.0
4500005276,10,5000011581,20230530,1637.17,1637.17,0.0,0.0
4500005277,10,,,35362.83,0.0,0.0,0.0
4500005277,20,,,33929.2,0.0,0.0,0.0
4500005278,10,,,66.37,66.37,0.0,0.0
4500005278,20,,,230.09,230.09,0.0,0.0
4500005278,30,,,13.27,13.27,0.0,0.0
4500005278,40,,,2327.43,2327.43,0.0,0.0
4500005278,50,,,100.88,100.88,0.0,0.0
4500005278,60,,,6.64,6.64,0.0,0.0
4500005278,70,,,9.73,9.73,0.0,0.0
4500005278,80,,,10.62,10.62,0.0,0.0
4500005278,90,,,39.82,39.82,0.0,0.0
4500005278,100,,,2.48,2.48,0.0,0.0
4500005278,110,,,53.1,53.1,0.0,0.0
4500005279,10,,,177.01,200.0,0.0,0.0
4500005280,10,,,238938.06,238938.05,0.0,0.0
4500005281,10,5000012540,20230607,1200.0,1200.0,0.0,0.0
4500005281,20,5000012540,20230607,45.52,45.52,0.0,0.0
4500005282,10,5000014344,20230623,3900.0,3900.0,0.0,0.0
4500005282,20,5000014344,20230623,147.93,147.93,0.0,0.0
4500005283,10,5000011748,20230531,55665.62,55665.62,0.0,0.0
4500005284,10,5000011694,20230531,49924.67,49924.67,0.0,0.0
4500005285,10,5000011705,20230531,56456.56,56456.56,0.0,0.0
4500005286,10,5000011690,20230531,46236.43,46236.43,0.0,0.0
4500005287,10,5000011691,20230531,69425.79,69425.79,0.0,0.0
4500005288,10,5000011692,20230531,53148.91,53148.91,0.0,0.0
4500005289,10,5000011693,20230531,55143.74,55143.74,0.0,0.0
4500005290,10,5000011695,20230531,43908.82,43908.82,0.0,0.0
4500005291,10,5000011696,20230531,52019.09,52019.09,0.0,0.0
4500005292,10,5000011697,20230531,44549.08,44549.08,0.0,0.0
4500005293,10,5000011698,20230531,54239.98,54239.98,0.0,0.0
4500005294,10,5000011699,20230531,62799.76,62799.76,0.0,0.0
4500005295,10,5000011700,20230531,58910.13,58910.13,0.0,0.0
4500005296,10,5000011743,20230531,50090.89,50090.89,0.0,0.0
4500005297,10,5000011701,20230531,62706.47,62706.47,0.0,0.0
4500005298,10,5000011702,20230531,53989.26,53989.26,0.0,0.0
4500005299,10,5000011703,20230531,67796.4,67796.4,0.0,0.0
4500005301,10,5000011704,20230531,53013.93,53013.93,0.0,0.0
4500005302,10,5000012692,20230608,1100.0,1100.0,0.0,0.0
4500005302,20,5000012692,20230608,41.72,41.72,0.0,0.0
4500005303,10,5000012057,20230602,1770.0,1770.0,0.0,0.0
4500005303,20,5000012057,20230602,1650.0,1650.0,0.0,0.0
4500005303,30,5000012057,20230602,1650.0,1650.0,0.0,0.0
4500005304,10,,,0.0,0.0,0.0,0.0
4500005305,10,,,0.0,0.0,0.0,0.0
4500005306,10,5000012052,20230602,2250.0,2250.48,0.0,0.0
4500005308,10,,,1584.16,1600.0,0.0,0.0
4500005309,10,,,50430.91,50426.52,0.0,0.0
4500005310,10,,,21504.42,21504.42,0.0,0.0
4500005310,20,,,21504.42,21504.42,0.0,0.0
4500005311,10,5000011682,20230530,231318.58,231318.58,0.0,0.0
4500005312,10,5000011683,20230530,176288.5,176288.5,0.0,0.0
4500005313,10,5000011686,20230530,176288.5,176288.5,0.0,0.0
4500005314,10,,,70729.2,70729.2,0.0,0.0
4500005314,20,,,64775.19,64775.19,0.0,0.0
4500005314,30,,,23752.29,23752.29,0.0,0.0
4500005314,40,,,27876.17,27876.17,0.0,0.0
4500005315,10,5000011687,20230530,415228.74,587832.37,0.0,0.0
4500005316,10,,,7610.62,7610.62,0.0,0.0
4500005318,10,5000011971,20230601,18000.0,18000.0,0.0,0.0
4500005319,10,5000015406,20230630,384.0,384.0,0.0,0.0
4500005319,20,5000015406,20230630,168.0,168.0,0.0,0.0
4500005319,30,5000015406,20230630,550.0,550.0,0.0,0.0
4500005320,10,5000011809,20230531,4255.0,4255.0,0.0,0.0
4500005320,20,5000011809,20230531,4255.0,4255.0,0.0,0.0
4500005321,10,5000011810,20230531,4255.0,4255.0,0.0,0.0
4500005321,20,5000011810,20230531,4255.0,4255.0,0.0,0.0
4500005321,30,5000011810,20230531,4255.0,4255.0,0.0,0.0
4500005321,40,5000011810,20230531,4255.0,4255.0,0.0,0.0
4500005322,10,5000011811,20230531,4255.0,4255.0,0.0,0.0
4500005322,20,5000011811,20230531,4255.0,4255.0,0.0,0.0
4500005322,30,5000011811,20230531,4255.0,4255.0,0.0,0.0
4500005322,40,5000011811,20230531,4255.0,4255.0,0.0,0.0
4500005323,10,5000011973,20230601,500.0,500.0,0.0,0.0
4500005324,10,,,13.27,13.27,0.0,0.0
4500005325,10,,,597.35,597.35,0.0,0.0
4500005326,10,5000011985,20230601,2750.0,2750.0,0.0,0.0
4500005326,20,5000011985,20230601,104.31,104.31,0.0,0.0
4500005327,10,5000012365,20230605,1450.0,1450.0,0.0,0.0
4500005327,20,5000012365,20230605,55.0,55.0,0.0,0.0
4500005329,10,5000011771,20230531,319469.03,319469.03,0.0,0.0
4500005330,10,5000011778,20230531,319469.03,319469.03,0.0,0.0
4500005331,10,5000011779,20230531,202831.86,202831.86,0.0,0.0
4500005332,10,5000011780,20230531,196637.17,196637.17,0.0,0.0
4500005333,10,5000011781,20230531,319469.03,319469.03,0.0,0.0
4500005334,10,5000011782,20230531,235840.71,235840.71,0.0,0.0
4500005335,10,5000011783,20230531,235840.71,235840.71,0.0,0.0
4500005336,10,5000011784,20230531,319469.03,319469.03,0.0,0.0
4500005337,10,5000011785,20230531,319469.03,319469.03,0.0,0.0
4500005338,10,5000011786,20230531,319469.03,319469.03,0.0,0.0
4500005339,10,5000011787,20230531,196637.17,157699.12,0.0,0.0
4500005340,10,5000011788,20230531,202831.86,202831.86,0.0,0.0
4500005341,10,5000011789,20230531,196637.17,157699.12,0.0,0.0
4500005342,10,5000011790,20230531,196637.17,157699.12,0.0,0.0
4500005343,10,5000011791,20230531,202831.86,202831.86,0.0,0.0
4500005345,10,5000018322,20230720,10000.0,10000.0,0.0,0.0
4500005345,20,5000018322,20230720,660.0,660.0,0.0,0.0
4500005346,10,5000011792,20230531,381548.67,381548.67,0.0,0.0
4500005347,10,5000012364,20230605,1100.0,1100.0,0.0,0.0
4500005347,20,5000012364,20230605,41.72,41.72,0.0,0.0
4500005348,10,5000011968,20230601,560.0,560.0,0.0,0.0
4500005348,20,5000011968,20230601,75.0,75.0,0.0,0.0
4500005349,20,,,29992.46,29992.46,0.0,0.0
4500005350,10,,,5295.58,5295.64,0.0,0.0
4500005350,20,,,38881.42,38881.42,0.0,0.0
4500005351,10,5000011974,20230601,2780.0,2780.0,0.0,0.0
4500005352,10,5000011967,20230601,120.0,120.0,0.0,0.0
4500005352,20,5000011967,20230601,223.2,223.18,0.0,0.0
4500005353,10,5000011960,20230601,85.0,85.0,0.0,0.0
4500005353,20,5000011960,20230601,85.0,85.0,0.0,0.0
4500005353,30,5000011960,20230601,100.0,100.0,0.0,0.0
4500005354,10,,,9961.06,11792.0,0.0,0.0
4500005355,10,5000018249,20230719,41.28,41.28,0.0,0.0
4500005355,20,5000018249,20230719,1786.5,1786.5,0.0,0.0
4500005356,10,5000011812,20230531,30166.95,37075.92,0.0,0.0
4500005356,20,5000011899,20230531,32482.22,32482.22,0.0,0.0
4500005356,30,5000011899,20230531,47716.57,47716.57,0.0,0.0
4500005356,40,5000011899,20230531,34074.68,34074.68,0.0,0.0
4500005356,50,5000011899,20230531,35666.68,35666.68,0.0,0.0
4500005356,60,5000011899,20230531,33413.71,33413.71,0.0,0.0
4500005356,70,5000011899,20230531,26753.41,26753.41,0.0,0.0
4500005356,80,5000011899,20230531,27412.25,27412.25,0.0,0.0
4500005356,90,5000011899,20230531,34285.8,34285.8,0.0,0.0
4500005356,100,5000011899,20230531,28253.58,28253.58,0.0,0.0
4500005356,110,5000011899,20230531,29420.3,29420.3,0.0,0.0
4500005356,120,5000011899,20230531,32936.38,32936.38,0.0,0.0
4500005357,10,,,158654.87,158654.86,0.0,0.0
4500005358,10,,,345132.74,345132.74,0.0,0.0
4500005359,10,,,29752.21,29752.21,0.0,0.0
4500005360,10,5000012929,20230609,270.0,270.0,0.0,0.0
4500005360,20,5000012929,20230609,270.0,270.0,0.0,0.0
4500005360,40,5000012930,20230609,300.0,300.0,0.0,0.0
4500005361,10,,,44615.79,44615.79,0.0,0.0
4500005362,10,,,12946.9,12946.9,0.0,0.0
4500005363,10,,,75.22,75.22,0.0,0.0
4500005363,20,,,47.79,47.79,0.0,0.0
4500005364,10,5000012366,20230605,1200.0,1200.0,0.0,0.0
4500005364,20,5000012366,20230605,45.52,45.52,0.0,0.0
4500005364,30,5000012366,20230605,1200.0,1200.0,0.0,0.0
4500005364,40,5000012366,20230605,45.52,45.52,0.0,0.0
4500005366,10,5000014031,20230620,2750.0,2750.0,0.0,0.0
4500005366,20,5000014031,20230620,104.31,104.31,0.0,0.0
4500005367,10,5000011964,20230601,765.7,765.7,0.0,0.0
4500005367,20,5000011965,20230601,186.55,186.55,0.0,0.0
4500005368,10,5000011963,20230601,500.0,500.0,0.0,0.0
4500005369,10,5000013235,20230614,3900.0,3900.0,0.0,0.0
4500005369,20,5000013235,20230614,147.93,147.93,0.0,0.0
4500005369,30,5000017826,20230718,3900.0,3900.0,0.0,0.0
4500005369,40,5000017826,20230718,147.93,147.93,0.0,0.0
4500005370,10,5000012363,20230605,1350.0,1350.0,0.0,0.0
4500005370,20,5000012363,20230605,51.2,51.2,0.0,0.0
4500005371,10,5000014005,20230620,2125.0,2125.0,0.0,0.0
4500005371,20,5000014005,20230620,80.6,80.6,0.0,0.0
4500005373,10,,,13835.79,13835.79,0.0,0.0
4500005374,10,,,38938.05,38938.05,0.0,0.0
4500005374,20,,,31858.41,31858.42,0.0,0.0
4500005374,30,,,43805.31,43805.31,0.0,0.0
4500005374,40,,,16991.15,16991.15,0.0,0.0
4500005374,50,,,10152.21,10152.21,0.0,0.0
4500005375,10,5000011956,20230601,380.0,380.0,0.0,0.0
4500005376,10,,,8115.04,8115.07,0.0,0.0
4500005376,20,,,23185.84,23185.84,0.0,0.0
4500005376,30,,,1940.27,1940.27,0.0,0.0
4500005377,10,,,1460.18,1460.18,0.0,0.0
4500005378,10,,,1247.79,1247.79,0.0,0.0
4500005378,20,,,1247.79,1247.79,0.0,0.0
4500005378,30,,,1247.79,1247.79,0.0,0.0
4500005378,40,,,1380.53,1380.53,0.0,0.0
4500005378,50,,,1690.27,1690.27,0.0,0.0
4500005378,60,,,1690.27,1690.27,0.0,0.0
4500005378,70,,,1690.27,1690.27,0.0,0.0
4500005378,80,,,1690.27,1690.27,0.0,0.0
4500005379,10,,,1247.79,1247.79,0.0,0.0
4500005379,20,,,1247.79,1247.79,0.0,0.0
4500005379,30,,,1247.79,1247.79,0.0,0.0
4500005379,40,,,1380.53,1380.53,0.0,0.0
4500005379,50,,,1380.53,1380.53,0.0,0.0
4500005379,60,,,1690.27,1690.27,0.0,0.0
4500005379,70,,,1690.27,1690.27,0.0,0.0
4500005380,10,,,0.0,0.0,0.0,0.0
4500005380,20,,,0.0,0.0,0.0,0.0
4500005380,30,,,0.0,0.0,0.0,0.0
4500005380,40,,,0.0,0.0,0.0,0.0
4500005380,50,,,0.0,0.0,0.0,0.0
4500005380,60,,,0.0,0.0,0.0,0.0
4500005380,70,,,1247.79,1247.79,0.0,0.0
4500005380,80,,,1380.53,1380.53,0.0,0.0
4500005380,90,,,1247.79,1247.79,0.0,0.0
4500005380,100,,,1690.27,1690.27,0.0,0.0
4500005380,110,,,1690.27,1690.27,0.0,0.0
4500005380,120,,,2424.78,2424.78,0.0,0.0
4500005381,10,,,0.0,0.0,0.0,0.0
4500005381,20,,,0.0,0.0,0.0,0.0
4500005381,30,,,0.0,0.0,0.0,0.0
4500005381,40,,,1380.53,1380.42,0.0,0.0
4500005381,50,,,1690.27,1690.27,0.0,0.0
4500005381,60,,,1690.27,1690.27,0.0,0.0
4500005382,10,,,64798.37,64798.37,0.0,0.0
4500005383,10,,,0.0,0.0,0.0,0.0
4500005384,10,5000011926,20230531,64868.57,64868.57,0.0,0.0
4500005385,10,5000011919,20230531,60632.62,60632.62,0.0,0.0
4500005386,10,5000011920,20230531,56928.3,56928.3,0.0,0.0
4500005387,10,5000011928,20230531,47340.28,47340.28,0.0,0.0
4500005388,10,5000011931,20230531,55502.84,55502.84,0.0,0.0
4500005389,10,5000011934,20230531,49360.16,49360.16,0.0,0.0
4500005390,10,5000011935,20230531,50378.35,50378.35,0.0,0.0
4500005391,10,,,0.0,0.0,0.0,0.0
4500005392,10,5000011937,20230531,56929.28,56929.28,0.0,0.0
4500005393,10,5000011929,20230601,191150.44,65309.73,0.0,0.0
4500005394,10,,,109356.1,109356.1,0.0,0.0
4500005395,10,5000011940,20230601,206814.16,206814.16,0.0,0.0
4500005396,10,5000011941,20230601,191150.44,204889.38,0.0,0.0
4500005397,10,5000011943,20230601,347610.62,347610.62,0.0,0.0
4500005398,10,5000012123,20230602,500.0,500.0,0.0,0.0
4500005398,20,5000012123,20230602,500.0,500.0,0.0,0.0
4500005398,30,5000012123,20230602,500.0,500.0,0.0,0.0
4500005398,40,5000012123,20230602,500.0,500.0,0.0,0.0
4500005398,50,5000012123,20230602,500.0,500.0,0.0,0.0
4500005398,60,5000012123,20230602,500.0,500.0,0.0,0.0
4500005398,70,5000012123,20230602,500.0,500.0,0.0,0.0
4500005398,80,5000012123,20230602,500.0,500.0,0.0,0.0
4500005398,90,5000012123,20230602,500.0,500.0,0.0,0.0
4500005398,100,5000012123,20230602,500.0,500.0,0.0,0.0
4500005398,110,5000012123,20230602,500.0,500.0,0.0,0.0
4500005398,120,5000012123,20230602,500.0,500.0,0.0,0.0
4500005399,10,5000011944,20230601,206814.16,206814.16,0.0,0.0
4500005400,10,5000011945,20230601,120707.96,120707.96,0.0,0.0
4500005401,10,5000011946,20230601,191150.44,204889.38,0.0,0.0
4500005402,10,5000011947,20230601,128495.58,128495.58,0.0,0.0
4500005403,10,5000011951,20230601,206814.16,206814.16,0.0,0.0
4500005404,10,5000011952,20230601,120707.96,120707.96,0.0,0.0
4500005405,10,5000011953,20230601,128495.58,128495.58,0.0,0.0
4500005406,10,5000011955,20230601,191150.44,204889.38,0.0,0.0
4500005407,10,5000011957,20230601,261415.93,261415.93,0.0,0.0
4500005408,10,5000012367,20230605,1200.0,1200.0,0.0,0.0
4500005408,20,5000012367,20230605,45.52,45.52,0.0,0.0
4500005408,30,5000012367,20230605,1200.0,1200.0,0.0,0.0
4500005408,40,5000012367,20230605,45.52,45.52,0.0,0.0
4500005409,10,5000012118,20230602,30231.0,30230.75,0.0,0.0
4500005409,20,5000012118,20230602,385.25,385.25,0.0,0.0
4500005410,10,5000012117,20230602,150.0,150.0,0.0,0.0
4500005411,10,5000012113,20230602,1195.0,1195.0,0.0,0.0
4500005412,10,5000012116,20230602,600.0,650.0,0.0,0.0
4500005412,20,5000012116,20230602,100.0,100.0,0.0,0.0
4500005412,30,5000012116,20230602,400.0,400.0,0.0,0.0
4500005412,40,5000012116,20230602,30.0,30.0,0.0,0.0
4500005415,10,5000012568,20230607,90.0,90.68,0.0,0.0
4500005415,20,5000012568,20230607,818.0,818.0,0.0,0.0
4500005415,30,5000012568,20230607,1320.0,1320.0,0.0,0.0
4500005415,40,5000012568,20230607,705.0,705.0,0.0,0.0
4500005415,50,5000013452,20230615,5682.0,5682.0,0.0,0.0
4500005415,60,5000012568,20230607,198.4,198.4,0.0,0.0
4500005415,70,5000012568,20230607,1288.5,1288.57,0.0,0.0
4500005415,80,5000012568,20230607,106.9,106.88,0.0,0.0
4500005416,10,,,13805.31,13805.31,0.0,0.0
4500005416,20,,,15973.45,15973.45,0.0,0.0
4500005416,30,,,18584.07,18584.07,0.0,0.0
4500005417,10,,,477.88,477.88,0.0,0.0
4500005417,20,,,2389.38,2389.38,0.0,0.0
4500005418,10,,,0.0,0.0,0.0,0.0
4500005418,20,,,0.0,0.0,0.0,0.0
4500005418,30,,,0.0,0.0,0.0,0.0
4500005418,40,,,0.0,0.0,0.0,0.0
4500005418,50,,,0.0,0.0,0.0,0.0
4500005418,60,,,1247.79,1247.79,0.0,0.0
4500005418,70,,,1690.27,1690.27,0.0,0.0
4500005418,80,,,1690.27,1690.27,0.0,0.0
4500005418,90,,,1690.27,1690.27,0.0,0.0
4500005418,100,,,1690.27,1690.27,0.0,0.0
4500005418,110,,,1690.27,1690.27,0.0,0.0
4500005419,10,,,209681.42,209681.43,0.0,0.0
4500005420,10,,,1247.79,1247.79,0.0,0.0
4500005420,20,,,1247.79,1247.79,0.0,0.0
4500005420,30,,,1247.79,1247.79,0.0,0.0
4500005420,40,,,1247.79,1247.79,0.0,0.0
4500005420,50,,,1690.27,1690.27,0.0,0.0
4500005420,60,,,1690.27,1690.27,0.0,0.0
4500005420,70,,,1690.27,1690.27,0.0,0.0
4500005420,80,,,2424.78,2424.78,0.0,0.0
4500005421,10,,,1380.53,1380.53,0.0,0.0
4500005421,20,,,1380.53,1380.53,0.0,0.0
4500005421,30,,,1690.27,1690.27,0.0,0.0
4500005421,40,,,1247.79,1690.27,0.0,0.0
4500005421,50,,,1690.27,1690.27,0.0,0.0
4500005421,60,,,1690.27,1690.27,0.0,0.0
4500005421,70,,,2424.78,2424.78,0.0,0.0
4500005422,10,,,51293.79,51283.73,0.0,0.0
4500005422,20,,,48099.07,48090.07,0.0,0.0
4500005422,30,,,44368.35,44368.35,0.0,0.0
4500005422,40,,,32945.42,32985.12,0.0,0.0
4500005423,10,,,112920.35,112920.35,0.0,0.0
4500005425,10,5000012114,20230602,120.0,120.0,0.0,0.0
4500005426,10,5000012112,20230602,19459.0,19459.0,0.0,0.0
4500005426,20,5000012112,20230602,59.41,59.41,0.0,0.0
4500005427,10,,,0.0,0.0,0.0,0.0
4500005428,10,5000012121,20230602,2720.0,2720.0,0.0,0.0
4500005429,10,5000012120,20230602,3725.0,3725.0,0.0,0.0
4500005430,10,5000012119,20230602,305.0,305.0,0.0,0.0
4500005431,10,5000012110,20230602,860.0,860.0,0.0,0.0
4500005433,10,5000012108,20230602,800.0,800.0,0.0,0.0
4500005434,10,5000012425,20230606,37460.12,37460.12,0.0,0.0
4500005434,20,5000016442,20230620,32901.93,32901.93,0.0,0.0
4500005434,30,5000012943,20230609,33174.19,33174.19,0.0,0.0
4500005434,40,5000012425,20230606,31513.35,31513.35,0.0,0.0
4500005434,50,5000012425,20230606,38389.35,38389.35,0.0,0.0
4500005434,60,5000012425,20230606,42856.43,42856.43,0.0,0.0
4500005434,70,5000012425,20230606,34623.59,34623.59,0.0,0.0
4500005434,80,5000012425,20230606,44800.99,44800.99,0.0,0.0
4500005434,90,5000012425,20230606,48244.96,48244.96,0.0,0.0
4500005434,100,5000012425,20230606,38655.11,38655.11,0.0,0.0
4500005435,10,5000012107,20230602,840.0,840.0,0.0,0.0
4500005436,10,5000012106,20230602,780.0,780.0,0.0,0.0
4500005437,10,5000012105,20230602,780.0,780.0,0.0,0.0
4500005438,10,,,0.0,0.0,0.0,0.0
4500005439,10,,,42705.75,42705.75,0.0,0.0
4500005440,10,,,17256.64,17256.64,0.0,0.0
4500005440,20,,,16415.93,16415.93,0.0,0.0
4500005440,30,,,11946.9,11946.9,0.0,0.0
4500005440,40,,,10619.47,10619.47,0.0,0.0
4500005440,50,,,11946.9,11946.9,0.0,0.0
4500005440,60,,,11946.9,11946.9,0.0,0.0
4500005441,10,5000012426,20230606,35242.27,35242.27,0.0,0.0
4500005441,20,5000012426,20230606,43217.87,43217.87,0.0,0.0
4500005441,30,5000012426,20230606,35141.34,35141.34,0.0,0.0
4500005441,40,5000012426,20230606,37039.3,37039.3,0.0,0.0
4500005441,50,5000012426,20230606,36509.79,36509.79,0.0,0.0
4500005441,60,5000012426,20230606,33289.73,33289.73,0.0,0.0
4500005441,70,5000012426,20230606,31753.77,31753.77,0.0,0.0
4500005441,80,5000012426,20230606,33548.74,33548.74,0.0,0.0
4500005441,90,5000012426,20230606,36538.49,36538.49,0.0,0.0
4500005441,100,5000012426,20230606,35574.34,35574.34,0.0,0.0
4500005441,110,5000012426,20230606,35970.4,35970.4,0.0,0.0
4500005441,120,5000019719,20230728,35126.57,35126.57,0.0,0.0
4500005441,130,5000012426,20230606,5686.0,5686.0,0.0,0.0
4500005441,140,5000012426,20230606,1019.2,1019.2,0.0,0.0
4500005442,10,5000012102,20230602,840.0,840.0,0.0,0.0
4500005443,10,,,100884.96,100884.96,0.0,0.0
4500005444,10,5000012265,20230605,1050334.51,1085184.08,0.0,0.0
4500005445,10,,,3982.3,3982.3,0.0,0.0
4500005446,10,5000013259,20230614,1200.0,1200.0,0.0,0.0
4500005446,20,5000013259,20230614,45.52,45.52,0.0,0.0
4500005447,10,5000014009,20230620,2125.0,2125.0,0.0,0.0
4500005447,20,5000014009,20230620,80.6,80.6,0.0,0.0
4500005448,10,,,5154.69,5154.69,0.0,0.0
4500005448,20,,,11168.14,11168.14,0.0,0.0
4500005448,30,,,11856.64,11856.64,0.0,0.0
4500005448,40,,,15808.85,15808.85,0.0,0.0
4500005448,50,,,15464.6,15464.6,0.0,0.0
4500005448,60,,,27920.35,27920.35,0.0,0.0
4500005448,70,,,35051.33,35051.33,0.0,0.0
4500005448,80,,,4601.77,4601.77,0.0,0.0
4500005448,90,,,8591.15,8591.15,0.0,0.0
4500005449,10,,,2477.88,2477.88,0.0,0.0
4500005449,20,,,2654.87,2654.87,0.0,0.0
4500005449,30,,,424.78,424.78,0.0,0.0
4500005450,10,,,106088.5,45087.62,0.0,0.0
4500005450,20,,,67858.4,0.0,0.0,0.0
4500005450,40,,,106088.5,106088.5,0.0,0.0
4500005450,50,,,135716.81,135716.81,0.0,0.0
4500005450,80,,,106088.49,106088.48,0.0,0.0
4500005450,90,,,135716.81,135716.81,0.0,0.0
4500005451,10,5000012357,20230605,533.51,533.51,0.0,0.0
4500005451,20,5000012358,20230605,274.68,274.68,0.0,0.0
4500005452,10,,,264849.56,264849.55,0.0,0.0
4500005454,10,5000012561,20230607,2750.0,2750.0,0.0,0.0
4500005454,20,5000012561,20230607,104.31,104.31,0.0,0.0
4500005455,10,5000012080,20230531,402566.37,402566.37,0.0,0.0
4500005456,10,5000012356,20230605,100.0,100.0,0.0,0.0
4500005456,20,5000012356,20230605,85.0,85.0,0.0,0.0
4500005457,10,5000012100,20230602,46809.43,46809.43,0.0,0.0
4500005457,20,5000012100,20230602,34075.0,34075.0,0.0,0.0
4500005457,30,5000012100,20230602,32758.99,32758.99,0.0,0.0
4500005457,40,5000012100,20230602,38147.46,38147.46,0.0,0.0
4500005457,50,5000012100,20230602,30661.26,30661.26,0.0,0.0
4500005457,60,5000012100,20230602,34017.2,34017.2,0.0,0.0
4500005457,70,5000012100,20230602,47432.96,47432.96,0.0,0.0
4500005457,80,5000012100,20230602,40990.68,40990.68,0.0,0.0
4500005457,90,5000012100,20230602,37052.58,37052.58,0.0,0.0
4500005457,100,5000012100,20230602,27604.49,27604.49,0.0,0.0
4500005457,110,5000012100,20230602,27410.68,27410.68,0.0,0.0
4500005458,10,5000012355,20230605,8218.6,8218.6,0.0,0.0
4500005459,10,5000012354,20230605,3495.04,3495.04,0.0,0.0
4500005460,10,5000012352,20230605,112.5,112.73,0.0,0.0
4500005461,10,5000012351,20230605,100.0,100.0,0.0,0.0
4500005462,10,5000012340,20230605,1701.0,1701.9,0.0,0.0
4500005463,10,5000012322,20230605,125.0,122.8,0.0,0.0
4500005464,10,5000012101,20230602,36741.73,36741.73,0.0,0.0
4500005464,20,5000012101,20230602,36401.68,36401.68,0.0,0.0
4500005464,30,5000012101,20230602,34335.29,34335.29,0.0,0.0
4500005464,40,5000012101,20230602,47356.05,47356.05,0.0,0.0
4500005464,50,5000012101,20230602,35248.01,35248.01,0.0,0.0
4500005464,60,5000012101,20230602,33981.7,33981.7,0.0,0.0
4500005464,70,5000012101,20230602,35267.4,35267.4,0.0,0.0
4500005464,80,5000012101,20230602,36676.74,36676.74,0.0,0.0
4500005465,10,5000012328,20230605,19.9,19.9,0.0,0.0
4500005465,20,5000012328,20230605,22.1,22.1,0.0,0.0
4500005465,30,5000012328,20230605,23.62,23.62,0.0,0.0
4500005465,40,5000012328,20230605,23.78,23.78,0.0,0.0
4500005465,50,5000012328,20230605,25.6,25.6,0.0,0.0
4500005465,60,5000012328,20230605,21.22,21.22,0.0,0.0
4500005466,10,5000012334,20230605,19.9,19.9,0.0,0.0
4500005466,20,5000012334,20230605,22.1,22.1,0.0,0.0
4500005466,30,5000012334,20230605,23.62,23.62,0.0,0.0
4500005466,40,5000012334,20230605,23.78,23.78,0.0,0.0
4500005466,50,5000012334,20230605,25.6,25.6,0.0,0.0
4500005466,60,5000012334,20230605,21.22,21.22,0.0,0.0
4500005467,10,5000013254,20230614,1450.0,1450.0,0.0,0.0
4500005467,20,5000013254,20230614,55.0,55.0,0.0,0.0
4500005469,10,,,6185.84,6185.84,0.0,0.0
4500005469,20,,,68893.81,68893.81,0.0,0.0
4500005469,30,,,1946.9,1946.9,0.0,0.0
4500005470,10,,,205423.01,205423.01,0.0,0.0
4500005470,20,,,24424.78,24424.78,0.0,0.0
4500005470,30,,,33640.71,33640.7,0.0,0.0
4500005471,10,,,1203.54,1203.54,0.0,0.0
4500005472,10,,,12525.84,12525.84,0.0,0.0
4500005472,20,,,29705.41,29705.41,0.0,0.0
4500005473,10,,,840.71,840.71,0.0,0.0
4500005474,10,5000012930,20230609,500.0,500.0,0.0,0.0
4500005475,10,,,2831.86,2831.86,0.0,0.0
4500005476,10,,,283.19,283.19,0.0,0.0
4500005477,10,,,6460.18,6460.18,0.0,0.0
4500005478,10,,,65026.55,65026.55,0.0,0.0
4500005479,10,,,20353.98,20353.98,0.0,0.0
4500005479,20,,,17699.12,17699.12,0.0,0.0
4500005480,10,,,4281.42,4281.42,0.0,0.0
4500005481,10,,,6637.17,6637.17,0.0,0.0
4500005481,20,,,13274.34,13274.34,0.0,0.0
4500005482,10,,,26548.67,26548.67,0.0,0.0
4500005482,20,,,16500.0,16500.0,0.0,0.0
4500005483,10,,,2654.87,2654.87,0.0,0.0
4500005483,20,,,1230.09,1230.08,0.0,0.0
4500005484,10,,,53982.3,53982.3,0.0,0.0
4500005485,10,,,7964.6,7964.6,0.0,0.0
4500005486,10,,,495.58,495.58,0.0,0.0
4500005487,10,,,0.0,0.0,0.0,0.0
4500005488,10,,,0.0,0.0,0.0,0.0
4500005489,10,5000012756,20230608,1677876.11,1603097.43,0.0,0.0
4500005490,10,,,141.59,141.59,0.0,0.0
4500005491,10,,,610.62,610.62,0.0,0.0
4500005492,10,,,1168.14,1168.14,0.0,0.0
4500005493,10,5000012257,20230605,415625.0,356752.21,0.0,0.0
4500005494,10,,,561.24,561.24,0.0,0.0
4500005495,10,,,5309.73,5309.73,0.0,0.0
4500005496,10,,,39557.52,39557.52,0.0,0.0
4500005496,20,,,5176.99,5176.99,0.0,0.0
4500005496,30,,,267256.64,267256.62,0.0,0.0
4500005496,40,,,4429.2,4429.2,0.0,0.0
4500005497,10,,,3000.0,0.0,0.0,0.0
4500005497,20,,,2100.0,0.0,0.0,0.0
4500005497,30,,,5100.0,0.0,0.0,0.0
4500005498,10,,,3318.58,3318.58,0.0,0.0
4500005499,10,,,9730.0,8610.62,0.0,0.0
4500005499,20,,,5610.0,4725.66,0.0,0.0
4500005499,30,,,1700.0,1504.42,0.0,0.0
4500005499,40,,,2430.0,2150.44,0.0,0.0
4500005499,50,,,2430.0,2150.44,0.0,0.0
4500005499,60,,,1740.0,1539.82,0.0,0.0
4500005499,70,,,720.0,637.17,0.0,0.0
4500005499,80,,,234.0,207.08,0.0,0.0
4500005499,90,,,825.0,730.09,0.0,0.0
4500005499,100,,,3000.0,2654.87,0.0,0.0
4500005499,110,,,3000.0,2654.87,0.0,0.0
4500005499,120,,,3000.0,2654.87,0.0,0.0
4500005500,10,,,4601.77,4601.77,0.0,0.0
4500005500,20,,,14159.29,14159.29,0.0,0.0
4500005500,30,,,2283.19,2283.19,0.0,0.0
4500005500,40,,,4026.55,4026.55,0.0,0.0
4500005500,50,,,11946.9,11946.9,0.0,0.0
4500005500,60,,,7956.64,7956.64,0.0,0.0
4500005500,70,,,3650.44,3650.44,0.0,0.0
4500005500,80,,,3163.72,3163.72,0.0,0.0
4500005500,90,,,9734.51,9734.51,0.0,0.0
4500005500,100,,,17256.64,17256.64,0.0,0.0
4500005500,110,,,13168.14,13168.14,0.0,0.0
4500005501,10,,,318.58,318.58,0.0,0.0
4500005501,20,,,215.0,190.27,0.0,0.0
4500005502,10,,,1380.53,1380.53,0.0,0.0
4500005502,20,,,1690.27,1690.27,0.0,0.0
4500005502,30,,,1690.27,1690.27,0.0,0.0
4500005502,40,,,1690.27,1690.27,0.0,0.0
4500005502,50,,,1690.27,1690.27,0.0,0.0
4500005502,60,,,1690.27,1690.27,0.0,0.0
4500005503,10,,,1247.79,1247.79,0.0,0.0
4500005503,20,,,1690.27,1690.27,0.0,0.0
4500005503,30,,,1690.27,1690.27,0.0,0.0
4500005503,40,,,1690.27,1690.27,0.0,0.0
4500005503,50,,,1690.27,1690.27,0.0,0.0
4500005503,60,,,1690.27,1690.27,0.0,0.0
4500005503,70,,,2424.78,2424.78,0.0,0.0
4500005503,80,,,2424.78,2424.78,0.0,0.0
4500005504,10,,,1380.53,1380.53,0.0,0.0
4500005504,20,,,1247.79,1247.68,0.0,0.0
4500005504,30,,,1247.79,1247.79,0.0,0.0
4500005504,40,,,1380.53,1380.53,0.0,0.0
4500005504,50,,,1690.27,1690.27,0.0,0.0
4500005504,60,,,2424.78,2424.78,0.0,0.0
4500005505,10,,,230.09,230.09,0.0,0.0
4500005506,10,5000012418,20230606,798.0,798.0,0.0,0.0
4500005507,10,5000012417,20230606,982.0,982.0,0.0,0.0
4500005508,10,5000012359,20230605,798.0,798.0,0.0,0.0
4500005509,10,5000012353,20230605,798.0,798.0,0.0,0.0
4500005510,10,5000012350,20230605,975.0,975.0,0.0,0.0
4500005511,10,5000012349,20230605,798.0,798.0,0.0,0.0
4500005512,10,5000012348,20230605,798.0,798.0,0.0,0.0
4500005513,10,5000012347,20230605,798.0,798.0,0.0,0.0
4500005514,10,5000012346,20230605,798.0,798.0,0.0,0.0
4500005515,10,5000012345,20230605,798.0,798.0,0.0,0.0
4500005516,10,5000012344,20230605,798.0,798.0,0.0,0.0
4500005517,10,5000012343,20230605,798.0,798.0,0.0,0.0
4500005518,10,5000012342,20230605,798.0,798.0,0.0,0.0
4500005519,10,5000012341,20230605,902.0,902.0,0.0,0.0
4500005520,10,5000012339,20230605,902.0,902.0,0.0,0.0
4500005521,10,5000012338,20230605,902.0,902.0,0.0,0.0
4500005522,10,5000012337,20230605,1576.0,1576.0,0.0,0.0
4500005523,10,,,5840.71,5840.71,0.0,0.0
4500005524,10,,,1805.31,1805.31,0.0,0.0
4500005525,10,,,3159.29,3159.29,0.0,0.0
4500005526,10,5000012336,20230605,1048.0,1048.0,0.0,0.0
4500005527,10,5000012335,20230605,902.0,902.0,0.0,0.0
4500005528,10,5000012333,20230605,1152.0,1152.0,0.0,0.0
4500005529,10,5000012332,20230605,902.0,902.0,0.0,0.0
4500005530,10,,,88.5,88.5,0.0,0.0
4500005530,20,,,0.0,0.0,0.0,0.0
4500005531,10,,,884.96,884.96,0.0,0.0
4500005532,10,5000012331,20230605,1163.0,1163.0,0.0,0.0
4500005533,10,5000012330,20230605,902.0,902.0,0.0,0.0
4500005534,10,5000012329,20230605,902.0,902.0,0.0,0.0
4500005535,10,5000012327,20230605,902.0,902.0,0.0,0.0
4500005536,10,5000012326,20230605,902.0,902.0,0.0,0.0
4500005537,10,5000012325,20230605,902.0,902.0,0.0,0.0
4500005538,10,5000012324,20230605,902.0,902.0,0.0,0.0
4500005539,10,,,228318.58,228318.58,0.0,0.0
4500005540,10,5000012323,20230605,902.0,902.0,0.0,0.0
4500005541,10,5000012321,20230605,902.0,902.0,0.0,0.0
4500005542,10,5000012320,20230605,2185.0,2185.0,0.0,0.0
4500005543,10,5000012319,20230605,975.0,975.0,0.0,0.0
4500005544,10,5000012318,20230605,902.0,902.0,0.0,0.0
4500005545,10,5000012313,20230605,902.0,902.0,0.0,0.0
4500005546,10,5000012311,20230605,902.0,902.0,0.0,0.0
4500005547,10,,,4247.79,4247.79,0.0,0.0
4500005548,10,5000012310,20230605,798.0,798.0,0.0,0.0
4500005549,10,5000012309,20230605,902.0,902.0,0.0,0.0
4500005550,10,5000012308,20230605,798.0,798.0,0.0,0.0
4500005551,10,5000012307,20230605,1086.0,1086.0,0.0,0.0
4500005552,10,5000012306,20230605,798.0,798.0,0.0,0.0
4500005553,10,5000012305,20230605,798.0,798.0,0.0,0.0
4500005554,10,5000012304,20230605,798.0,798.0,0.0,0.0
4500005555,10,5000012302,20230605,798.0,798.0,0.0,0.0
4500005556,10,5000012301,20230605,902.0,902.0,0.0,0.0
4500005557,10,,,10884.96,10884.96,0.0,0.0
4500005558,10,5000012299,20230605,975.0,975.0,0.0,0.0
4500005559,10,5000012298,20230605,882.0,882.0,0.0,0.0
4500005560,10,5000012297,20230605,798.0,798.0,0.0,0.0
4500005561,10,5000012296,20230605,982.0,982.0,0.0,0.0
4500005562,10,,,21265.04,21265.04,0.0,0.0
4500005563,10,5000012295,20230605,798.0,798.0,0.0,0.0
4500005564,10,5000012293,20230605,902.0,902.0,0.0,0.0
4500005565,10,5000012292,20230605,902.0,902.0,0.0,0.0
4500005566,10,5000012291,20230605,798.0,798.0,0.0,0.0
4500005567,10,5000012290,20230605,798.0,798.0,0.0,0.0
4500005569,10,,,138.06,138.06,0.0,0.0
4500005570,10,5000012289,20230605,1086.0,1086.0,0.0,0.0
4500005571,10,,,0.0,0.0,0.0,0.0
4500005572,10,5000012287,20230605,975.0,975.0,0.0,0.0
4500005573,10,5000012286,20230605,871.0,871.0,0.0,0.0
4500005574,10,5000012285,20230605,975.0,975.0,0.0,0.0
4500005575,10,5000012284,20230605,1048.0,1048.0,0.0,0.0
4500005576,10,5000012283,20230605,798.0,798.0,0.0,0.0
4500005577,10,5000012282,20230605,1175.0,1175.0,0.0,0.0
4500005578,10,5000012281,20230605,798.0,798.0,0.0,0.0
4500005579,10,5000012280,20230605,1086.0,1086.0,0.0,0.0
4500005580,10,5000012279,20230605,880.0,880.0,0.0,0.0
4500005581,10,,,0.0,0.0,0.0,0.0
4500005582,10,,,0.0,0.0,0.0,0.0
4500005584,10,,,0.0,0.0,0.0,0.0
4500005584,20,,,0.0,0.0,0.0,0.0
4500005585,10,,,644.25,644.25,0.0,0.0
4500005586,10,,,0.0,0.0,0.0,0.0
4500005587,10,5000012421,20230606,14036.0,14036.0,0.0,0.0
4500005587,20,5000012421,20230606,13.25,13.25,0.0,0.0
4500005588,10,5000012420,20230606,48.48,48.48,0.0,0.0
4500005588,20,5000012420,20230606,72.78,72.78,0.0,0.0
4500005589,10,,,10194.69,10194.69,0.0,0.0
4500005590,10,,,460.18,460.18,0.0,0.0
4500005590,20,,,2283.19,2283.19,0.0,0.0
4500005591,10,,,371.68,371.68,0.0,0.0
4500005591,20,,,21.24,21.24,0.0,0.0
4500005591,30,,,191.15,191.15,0.0,0.0
4500005591,40,,,49.56,49.56,0.0,0.0
4500005592,10,5000012464,20230606,804.0,804.0,0.0,0.0
4500005592,20,5000012464,20230606,535.0,462.3,0.0,0.0
4500005592,30,5000012464,20230606,516.0,1226.0,0.0,0.0
4500005592,40,5000012464,20230606,335.0,332.5,0.0,0.0
4500005592,50,5000012464,20230606,85.52,85.5,0.0,0.0
4500005592,60,5000012464,20230606,464.0,464.0,0.0,0.0
4500005592,70,,,-0.12,1729.56,0.0,0.0
4500005592,80,5000012464,20230606,132.0,131.95,0.0,0.0
4500005592,90,5000012464,20230606,1488.0,1486.8,0.0,0.0
4500005592,100,5000012464,20230606,744.0,742.5,0.0,0.0
4500005592,110,5000012464,20230606,400.0,400.0,0.0,0.0
4500005592,120,5000012464,20230606,44.05,44.05,0.0,0.0
4500005592,130,5000012464,20230606,94.5,443.48,0.0,0.0
4500005592,140,5000012464,20230606,1320.0,934.08,0.0,0.0
4500005593,10,5000012419,20230606,365.5,365.5,0.0,0.0
4500005594,10,,,0.0,0.0,0.0,0.0
4500005594,20,,,0.0,0.0,0.0,0.0
4500005594,30,,,0.0,0.0,0.0,0.0
4500005594,40,,,0.0,0.0,0.0,0.0
4500005594,50,,,0.0,0.0,0.0,0.0
4500005594,60,,,0.0,0.0,0.0,0.0
4500005594,70,,,0.0,0.0,0.0,0.0
4500005594,80,,,0.0,0.0,0.0,0.0
4500005594,90,,,0.0,0.0,0.0,0.0
4500005594,100,,,0.0,0.0,0.0,0.0
4500005594,110,,,0.0,0.0,0.0,0.0
4500005595,10,,,796.46,796.46,0.0,0.0
4500005596,10,,,1238.94,1400.0,0.0,0.0
4500005598,10,,,71641.59,71641.59,0.0,0.0
4500005598,20,,,5335.4,5335.4,0.0,0.0
4500005598,30,,,653.1,653.1,0.0,0.0
4500005598,40,,,470.35,470.35,0.0,0.0
4500005598,50,,,0.0,0.0,0.0,0.0
4500005599,10,,,11946.9,11946.9,0.0,0.0
4500005599,20,,,17256.64,17256.64,0.0,0.0
4500005599,30,,,11283.19,11283.19,0.0,0.0
4500005599,40,,,14336.28,14336.28,0.0,0.0
4500005599,50,,,6769.91,6769.91,0.0,0.0
4500005599,60,,,11946.9,11946.9,0.0,0.0
4500005600,10,,,594690.27,594690.27,0.0,0.0
4500005601,10,,,4867.26,4867.26,0.0,0.0
4500005602,10,,,991.15,991.15,0.0,0.0
4500005603,10,,,37433.63,37433.63,0.0,0.0
4500005603,20,,,26106.19,26106.19,0.0,0.0
4500005603,30,,,27168.14,27168.14,0.0,0.0
4500005603,40,,,53982.3,53982.3,0.0,0.0
4500005603,50,,,15663.72,15663.72,0.0,0.0
4500005604,10,5000012491,20230606,85.0,85.0,0.0,0.0
4500005605,10,5000012567,20230607,530.0,530.0,0.0,0.0
4500005605,20,5000012567,20230607,52.0,52.0,0.0,0.0
4500005605,30,5000012567,20230607,596.0,596.0,0.0,0.0
4500005605,40,5000012567,20230607,596.0,596.0,0.0,0.0
4500005606,10,,,1309.73,1309.7,0.0,0.0
4500005607,10,,,1495.58,1495.57,0.0,0.0
4500005608,10,,,314.69,314.69,0.0,0.0
4500005609,10,,,312.39,312.39,0.0,0.0
4500005609,20,,,39.82,39.82,0.0,0.0
4500005609,30,,,60.18,60.18,0.0,0.0
4500005610,10,,,4867.26,4867.25,0.0,0.0
4500005610,20,,,4867.26,4867.25,0.0,0.0
4500005610,30,,,2831.86,2831.86,0.0,0.0
4500005610,40,,,1592.92,1592.91,0.0,0.0
4500005611,10,5000018250,20230719,180.0,180.0,0.0,0.0
4500005611,20,,,2070.0,2070.0,0.0,0.0
4500005611,30,5000018251,20230719,136.0,135.2,0.0,0.0
4500005611,40,5000018250,20230719,240.0,240.0,0.0,0.0
4500005612,10,,,1575.22,1575.22,0.0,0.0
4500005613,10,5000012490,20230606,3600.73,3600.69,0.0,0.0
4500005614,10,5000012930,20230609,300.0,300.0,0.0,0.0
4500005614,20,5000012930,20230609,180.0,180.0,0.0,0.0
4500005615,10,,,6712.57,6712.57,0.0,0.0
4500005615,20,,,1823.01,1823.01,0.0,0.0
4500005615,30,,,849.56,849.56,0.0,0.0
4500005615,40,,,6530.97,6530.97,0.0,0.0
4500005615,50,,,8123.89,8123.89,0.0,0.0
4500005615,60,,,1557.52,1557.52,0.0,0.0
4500005615,70,,,849.56,849.56,0.0,0.0
4500005615,80,,,814.16,814.16,0.0,0.0
4500005615,90,,,849.56,849.56,0.0,0.0
4500005615,100,,,566.37,566.37,0.0,0.0
4500005615,110,,,946.9,946.9,0.0,0.0
4500005615,120,,,690.27,690.27,0.0,0.0
4500005615,130,,,761.06,761.06,0.0,0.0
4500005615,140,,,1646.02,1646.02,0.0,0.0
4500005615,150,,,1734.51,1734.51,0.0,0.0
4500005615,160,,,407.08,407.08,0.0,0.0
4500005616,10,,,148979.73,148979.73,0.0,0.0
4500005616,20,,,60707.96,60707.96,0.0,0.0
4500005616,30,,,15176.99,15176.99,0.0,0.0
4500005616,40,,,28318.58,28318.58,0.0,0.0
4500005616,50,,,6194.69,6194.69,0.0,0.0
4500005616,60,,,90663.72,90663.72,0.0,0.0
4500005616,70,,,6194.69,6194.69,0.0,0.0
4500005616,80,,,120884.96,120884.96,0.0,0.0
4500005616,90,,,14159.29,14159.29,0.0,0.0
4500005617,10,,,0.0,0.0,0.0,0.0
4500005617,20,,,27872.39,27872.39,0.0,0.0
4500005617,30,,,6349.12,6349.12,0.0,0.0
4500005617,40,,,5722.12,5722.12,0.0,0.0
4500005617,50,,,0.0,0.0,0.0,0.0
4500005618,10,,,0.0,0.0,0.0,0.0
4500005619,10,,,1380.53,1380.53,0.0,0.0
4500005619,20,,,1380.53,1380.53,0.0,0.0
4500005619,30,,,1380.53,1380.53,0.0,0.0
4500005619,40,,,2740.0,1380.53,0.0,0.0
4500005619,50,,,1690.27,1690.27,0.0,0.0
4500005619,60,,,1910.0,1690.27,0.0,0.0
4500005619,70,,,1910.0,1690.27,0.0,0.0
4500005619,80,,,1910.0,1690.27,0.0,0.0
4500005619,90,,,1910.0,1690.27,0.0,0.0
4500005619,100,,,2424.78,2424.78,0.0,0.0
4500005619,110,,,2740.0,2424.78,0.0,0.0
4500005620,10,,,37163.19,37163.19,0.0,0.0
4500005620,20,,,11444.25,11444.25,0.0,0.0
4500005621,10,,,7968.5,7968.5,0.0,0.0
4500005622,10,,,0.0,0.0,0.0,0.0
4500005622,20,,,27872.39,27872.39,0.0,0.0
4500005622,30,,,5722.12,5722.12,0.0,0.0
4500005623,10,,,0.0,0.0,0.0,0.0
4500005623,20,,,18581.59,18581.59,0.0,0.0
4500005623,30,,,6349.12,6349.12,0.0,0.0
4500005624,10,,,6902.65,6902.65,0.0,0.0
4500005624,20,,,8407.08,8407.08,0.0,0.0
4500005624,30,,,3127.43,3127.43,0.0,0.0
4500005625,10,,,7968.5,7968.5,0.0,0.0
4500005626,10,,,0.0,0.0,0.0,0.0
4500005626,20,,,18581.59,18581.59,0.0,0.0
4500005626,30,,,6349.12,6349.12,0.0,0.0
4500005627,10,,,1690.27,1690.27,0.0,0.0
4500005627,20,,,1690.27,1690.27,0.0,0.0
4500005627,30,,,1910.0,1690.27,0.0,0.0
4500005627,40,,,1690.27,1690.27,0.0,0.0
4500005627,50,,,1690.27,1690.27,0.0,0.0
4500005627,60,,,2740.0,2424.78,0.0,0.0
4500005627,70,,,2424.78,2424.78,0.0,0.0
4500005628,10,,,7968.5,7968.5,0.0,0.0
4500005629,10,,,15878.76,15878.76,0.0,0.0
4500005629,20,,,17271.5,17271.5,0.0,0.0
4500005630,10,,,2277578.23,1885736.81,0.0,0.0
4500005631,10,,,33539.82,33539.82,0.0,0.0
4500005632,10,,,14778.76,14778.76,0.0,0.0
4500005633,10,,,6349.12,6349.12,0.0,0.0
4500005633,20,,,11444.25,11444.25,0.0,0.0
4500005633,30,,,5320.35,5320.35,0.0,0.0
4500005633,40,,,6400.0,6400.0,0.0,0.0
4500005633,50,,,12668.14,12668.14,0.0,0.0
4500005634,10,,,0.0,0.0,0.0,0.0
4500005634,20,,,145.13,0.0,0.0,0.0
4500005634,30,,,871.24,871.24,0.0,0.0
4500005634,40,,,371.68,371.68,0.0,0.0
4500005635,10,,,0.0,0.0,0.0,0.0
4500005635,20,,,18581.59,18581.59,0.0,0.0
4500005635,30,,,6349.12,6349.12,0.0,0.0
4500005636,10,,,3984.25,3984.25,0.0,0.0
4500005636,20,,,3984.25,3984.25,0.0,0.0
4500005637,10,,,0.0,0.0,0.0,0.0
4500005637,20,,,18581.59,18581.59,0.0,0.0
4500005637,30,,,11444.25,11444.25,0.0,0.0
4500005638,10,,,3984.25,3984.25,0.0,0.0
4500005638,20,,,3984.25,3984.25,0.0,0.0
4500005639,10,,,655460.92,549440.28,0.0,0.0
4500005640,10,,,4601.77,4601.77,0.0,0.0
4500005641,10,,,1380.53,1380.53,0.0,0.0
4500005641,20,,,1380.53,1380.53,0.0,0.0
4500005641,30,,,1247.79,1247.79,0.0,0.0
4500005641,40,,,1247.79,1247.79,0.0,0.0
4500005641,50,,,1247.79,1247.79,0.0,0.0
4500005641,60,,,1380.53,1380.53,0.0,0.0
4500005641,70,,,1247.79,1247.79,0.0,0.0
4500005641,80,,,1247.79,1247.79,0.0,0.0
4500005641,90,,,1247.79,1247.79,0.0,0.0
4500005641,100,,,1690.27,1690.27,0.0,0.0
4500005641,110,,,1690.27,1690.27,0.0,0.0
4500005642,10,,,39203.54,39203.54,0.0,0.0
4500005643,10,,,3370.3,3370.3,0.0,0.0
4500005643,20,,,3392.92,3392.92,0.0,0.0
4500005643,30,,,5992.57,5992.57,0.0,0.0
4500005643,40,,,2000.71,2000.71,0.0,0.0
4500005643,50,,,1508.63,1508.63,0.0,0.0
4500005643,60,,,1543.36,1543.36,0.0,0.0
4500005643,70,,,0.0,0.0,0.0,0.0
4500005643,80,,,14607.08,14607.08,0.0,0.0
4500005643,90,,,12063.72,12063.72,0.0,0.0
4500005643,100,,,12063.72,12063.72,0.0,0.0
4500005644,10,,,0.0,0.0,0.0,0.0
4500005644,20,,,10380.21,10380.21,0.0,0.0
4500005644,30,,,10263.98,10263.98,0.0,0.0
4500005644,40,,,2323.04,2056.71,0.0,0.0
4500005646,10,5000013256,20230614,1100.0,1100.0,0.0,0.0
4500005646,20,5000013256,20230614,36.72,36.72,0.0,0.0
4500005647,10,,,0.0,0.0,0.0,0.0
4500005648,10,5000013255,20230614,1200.0,1200.0,0.0,0.0
4500005648,20,5000013255,20230614,40.06,40.06,0.0,0.0
4500005648,30,5000013255,20230614,1200.0,1200.0,0.0,0.0
4500005648,40,5000013255,20230614,40.06,40.06,0.0,0.0
4500005649,10,5000013258,20230614,1200.0,1200.0,0.0,0.0
4500005649,20,5000013258,20230614,40.06,40.06,0.0,0.0
4500005650,10,5000012562,20230607,2750.0,2750.0,0.0,0.0
4500005650,20,5000012562,20230607,91.79,91.79,0.0,0.0
4500005651,10,5000015939,20230704,2125.0,2125.0,0.0,0.0
4500005651,20,5000015939,20230704,70.93,70.93,0.0,0.0
4500005652,10,,,5079.29,5079.29,0.0,0.0
4500005652,20,,,6587.43,6587.43,0.0,0.0
4500005652,30,,,0.0,0.0,0.0,0.0
4500005652,40,,,5675.04,5675.04,0.0,0.0
4500005653,10,,,0.0,0.0,0.0,0.0
4500005653,20,,,0.0,0.0,0.0,0.0
4500005653,30,,,453.04,453.04,0.0,0.0
4500005653,40,,,193.27,178.36,0.0,0.0
4500005654,10,,,1894.34,1894.34,0.0,0.0
4500005654,20,,,1120.0,1120.0,0.0,0.0
4500005654,30,,,22042.57,22042.57,0.0,0.0
4500005655,10,,,289.9,0.0,0.0,0.0
4500005655,20,,,0.0,0.0,0.0,0.0
4500005655,30,,,0.0,0.0,0.0,0.0
4500005655,40,,,86.97,86.97,0.0,0.0
4500005655,50,,,25.4,25.4,0.0,0.0
4500005655,60,,,56.19,0.0,0.0,0.0
4500005655,70,,,57.73,57.73,0.0,0.0
4500005655,80,,,57.73,57.73,0.0,0.0
4500005655,90,,,1515.96,261.3,0.0,0.0
4500005655,100,,,646.73,0.0,0.0,0.0
4500005656,10,,,406.64,406.64,0.0,0.0
4500005656,20,,,645.13,645.13,0.0,0.0
4500005656,30,,,603.54,603.54,0.0,0.0
4500005656,40,,,415.93,415.93,0.0,0.0
4500005656,50,,,312.39,312.39,0.0,0.0
4500005656,60,,,459.73,459.73,0.0,0.0
4500005657,10,,,25044.25,25044.25,0.0,0.0
4500005659,10,,,292.04,292.04,0.0,0.0
4500005660,10,5000012928,20230609,95.0,95.0,0.0,0.0
4500005660,20,5000012928,20230609,30.0,30.0,0.0,0.0
4500005661,10,5000012487,20230606,52.5,52.5,0.0,0.0
4500005662,10,5000012486,20230606,150.03,150.03,0.0,0.0
4500005662,20,5000012486,20230606,150.03,150.03,0.0,0.0
4500005662,30,5000012486,20230606,50.0,50.0,0.0,0.0
4500005662,40,5000012486,20230606,150.03,150.03,0.0,0.0
4500005662,50,5000012486,20230606,150.03,150.03,0.0,0.0
4500005662,60,5000012486,20230606,150.03,150.03,0.0,0.0
4500005663,10,,,2520.0,2230.09,0.0,0.0
4500005663,20,,,1400.0,1238.94,0.0,0.0
4500005663,30,,,1296.0,1146.9,0.0,0.0
4500005664,10,,,56265.49,56265.49,0.0,0.0
4500005665,10,5000012520,20230606,1700.0,1700.0,0.0,0.0
4500005666,10,,,0.0,0.0,0.0,0.0
4500005666,20,,,11281.22,11281.22,0.0,0.0
4500005666,30,,,3215.1,3215.1,0.0,0.0
4500005666,40,,,1843.56,1843.56,0.0,0.0
4500005666,50,,,3662.67,3662.67,0.0,0.0
4500005666,60,,,10689.56,10689.56,0.0,0.0
4500005666,70,,,7688.5,7688.5,0.0,0.0
4500005666,80,,,5119.91,5119.91,0.0,0.0
4500005666,90,,,1792.04,1792.04,0.0,0.0
4500005667,10,,,0.0,0.0,0.0,0.0
4500005667,20,,,0.0,0.0,0.0,0.0
4500005667,30,,,14495.58,14495.58,0.0,0.0
4500005667,40,,,828.32,828.32,0.0,0.0
4500005667,50,,,16502.65,16502.65,0.0,0.0
4500005668,10,,,18861.24,18861.24,0.0,0.0
4500005668,20,,,0.0,0.0,0.0,0.0
4500005668,30,,,0.0,0.0,0.0,0.0
4500005668,40,,,5638.94,5638.94,0.0,0.0
4500005668,50,,,6120.35,6120.35,0.0,0.0
4500005668,60,,,3817.7,3817.7,0.0,0.0
4500005668,70,,,6618.9,6618.9,0.0,0.0
4500005668,80,,,2800.35,2800.35,0.0,0.0
4500005668,90,,,4841.52,4841.52,0.0,0.0
4500005668,100,,,6589.38,6589.38,0.0,0.0
4500005668,110,,,2000.71,2000.71,0.0,0.0
4500005668,120,,,6589.38,6589.38,0.0,0.0
4500005668,130,,,0.0,0.0,0.0,0.0
4500005668,140,,,736.28,736.28,0.0,0.0
4500005668,150,,,0.0,0.0,0.0,0.0
4500005668,160,,,207.08,207.08,0.0,0.0
4500005668,170,,,292.04,292.04,0.0,0.0
4500005668,180,,,0.0,0.0,0.0,0.0
4500005668,190,,,414.16,414.16,0.0,0.0
4500005668,200,,,0.0,0.0,0.0,0.0
4500005668,210,,,695.58,695.58,0.0,0.0
4500005668,220,,,552.21,552.21,0.0,0.0
4500005668,230,,,6031.86,6031.86,0.0,0.0
4500005668,240,,,927.43,927.43,0.0,0.0
4500005668,250,,,552.21,552.21,0.0,0.0
4500005668,260,,,0.0,0.0,0.0,0.0
4500005669,10,5000012519,20230606,2446.27,2446.27,0.0,0.0
4500005670,10,5000013260,20230614,1100.0,1100.0,0.0,0.0
4500005670,20,5000013260,20230614,36.72,36.72,0.0,0.0
4500005671,10,5000015914,20230704,2125.0,2125.0,0.0,0.0
4500005671,20,5000015914,20230704,70.93,70.93,0.0,0.0
4500005671,30,5000015914,20230704,2125.0,2125.0,0.0,0.0
4500005671,40,5000015914,20230704,70.93,70.93,0.0,0.0
4500005672,10,,,19026.55,19026.55,0.0,0.0
4500005673,10,,,6070.8,6070.8,0.0,0.0
4500005674,10,,,21769.91,0.0,0.0,0.0
4500005675,10,,,12731.34,12731.34,0.0,0.0
4500005675,20,,,3947.26,3947.26,0.0,0.0
4500005675,30,,,3817.7,3817.7,0.0,0.0
4500005675,40,,,2450.44,2450.44,0.0,0.0
4500005675,50,,,2638.94,2638.94,0.0,0.0
4500005675,60,,,11675.83,11675.83,0.0,0.0
4500005675,70,,,2886.37,2886.37,0.0,0.0
4500005675,80,,,11211.61,11211.61,0.0,0.0
4500005675,90,,,2800.35,2800.35,0.0,0.0
4500005675,100,,,3334.51,3334.51,0.0,0.0
4500005675,110,,,666.9,666.9,0.0,0.0
4500005675,120,,,1543.36,1543.36,0.0,0.0
4500005675,130,,,1504.78,1504.78,0.0,0.0
4500005675,140,,,16072.0,16072.0,0.0,0.0
4500005675,150,,,12904.78,12904.78,0.0,0.0
4500005675,160,,,12904.78,12904.78,0.0,0.0
4500005675,170,,,5376.11,5376.11,0.0,0.0
4500005675,180,,,8764.25,8764.25,0.0,0.0
4500005676,10,,,0.0,0.0,0.0,0.0
4500005676,20,,,12240.71,12240.71,0.0,0.0
4500005676,30,,,1383.29,1383.29,0.0,0.0
4500005676,40,,,8848.89,8848.89,0.0,0.0
4500005676,50,,,6589.38,6589.38,0.0,0.0
4500005676,60,,,5187.35,5187.35,0.0,0.0
4500005676,70,,,6919.65,6919.65,0.0,0.0
4500005676,80,,,3953.63,3953.63,0.0,0.0
4500005676,90,,,9006.47,9006.47,0.0,0.0
4500005676,100,,,0.0,0.0,0.0,0.0
4500005676,110,,,736.28,736.28,0.0,0.0
4500005676,120,,,877.88,877.88,0.0,0.0
4500005676,130,,,414.16,414.16,0.0,0.0
4500005676,140,,,292.04,292.04,0.0,0.0
4500005676,150,,,9033.35,9033.35,0.0,0.0
4500005676,160,,,0.0,0.0,0.0,0.0
4500005676,170,,,24832.04,24832.04,0.0,0.0
4500005676,180,,,0.0,0.0,0.0,0.0
4500005676,190,,,927.43,927.43,0.0,0.0
4500005676,200,,,736.28,736.28,0.0,0.0
4500005676,210,,,2412.74,2412.74,0.0,0.0
4500005676,220,,,2389.38,2389.38,0.0,0.0
4500005676,230,,,30674.87,30674.87,0.0,0.0
4500005676,240,,,0.0,0.0,0.0,0.0
4500005676,250,,,8444.6,8444.6,0.0,0.0
4500005676,260,,,7068.58,7068.58,0.0,0.0
4500005676,270,,,414.16,414.16,0.0,0.0
4500005677,10,5000012574,20230607,6.2,6.23,0.0,0.0
4500005677,20,5000012574,20230607,96.0,96.15,0.0,0.0
4500005678,10,,,0.0,0.0,0.0,0.0
4500005678,20,,,0.0,0.0,0.0,0.0
4500005678,30,,,5187.35,5187.35,0.0,0.0
4500005678,40,,,25120.46,25120.46,0.0,0.0
4500005678,50,,,10317.05,10317.05,0.0,0.0
4500005678,60,,,1976.81,1976.81,0.0,0.0
4500005678,70,,,30719.47,30719.47,0.0,0.0
4500005680,10,,,57079.65,57079.65,0.0,0.0
4500005681,10,,,164.6,164.6,0.0,0.0
4500005682,10,,,0.0,0.0,0.0,0.0
4500005683,10,,,53.1,53.1,0.0,0.0
4500005684,10,,,192.48,192.48,0.0,0.0
4500005685,10,,,26.55,26.55,0.0,0.0
4500005686,10,5000012575,20230607,24.6,24.6,0.0,0.0
4500005686,20,5000012575,20230607,24.0,24.0,0.0,0.0
4500005687,10,,,3157.7,3157.7,0.0,0.0
4500005687,20,,,3157.7,3157.7,0.0,0.0
4500005687,30,,,3258.58,3258.58,0.0,0.0
4500005687,40,,,3258.58,3258.58,0.0,0.0
4500005687,50,,,6406.19,6406.19,0.0,0.0
4500005687,60,,,1266.37,1266.36,0.0,0.0
4500005687,70,,,817.7,817.7,0.0,0.0
4500005688,10,5000012576,20230607,188.46,188.37,0.0,0.0
4500005688,20,5000012576,20230607,282.69,282.56,0.0,0.0
4500005688,30,5000012576,20230607,29.95,29.95,0.0,0.0
4500005689,10,5000012512,20230606,166.4,166.4,183.04,-183.04
4500005689,20,5000012512,20230606,733.2,733.2,806.52,-806.52
4500005689,30,5000012512,20230606,803.4,803.4,883.74,-883.74
4500005689,40,5000012512,20230606,785.2,785.2,863.72,-863.72
4500005689,50,5000012512,20230606,131.3,262.55,288.81,-288.81
4500005689,60,5000012512,20230606,45.0,45.0,49.5,-49.5
4500005690,10,5000012513,20230606,384.8,384.8,423.28,-423.28
4500005690,20,5000012513,20230606,45.0,45.0,49.5,-49.5
4500005691,10,,,1898.23,1898.23,0.0,0.0
4500005691,20,,,1898.23,1898.23,0.0,0.0
4500005691,30,,,3955.75,3955.75,0.0,0.0
4500005691,40,,,23628.32,23628.32,0.0,0.0
4500005691,50,,,19778.76,19778.76,0.0,0.0
4500005691,60,,,26725.66,26725.66,0.0,0.0
4500005692,10,5000012500,20230606,428755.55,312833.97,0.0,0.0
4500005693,10,,,2743.36,2743.36,0.0,0.0
4500005693,20,,,557.52,557.52,0.0,0.0
4500005693,30,,,2256.64,2256.64,0.0,0.0
4500005693,40,,,752.21,752.21,0.0,0.0
4500005693,50,,,752.21,752.21,0.0,0.0
4500005694,10,,,2461.82,2463.82,0.0,0.0
4500005696,10,,,5673.98,5673.99,0.0,0.0
4500005697,10,,,84769.91,84769.9,0.0,0.0
4500005697,20,,,33469.03,33469.03,0.0,0.0
4500005697,30,,,4828.32,4828.32,0.0,0.0
4500005698,10,,,111207.7,111207.7,0.0,0.0
4500005698,20,,,111207.7,111207.7,0.0,0.0
4500005699,10,,,11522.12,11522.12,0.0,0.0
4500005700,10,,,13185.84,13185.84,0.0,0.0
4500005700,20,,,2763.72,2763.73,0.0,0.0
4500005700,30,,,411.94,411.94,0.0,0.0
4500005701,10,,,1380.53,1380.53,0.0,0.0
4500005701,20,,,1690.27,1690.27,0.0,0.0
4500005701,30,,,1690.27,1690.27,0.0,0.0
4500005701,40,,,1910.0,1690.27,0.0,0.0
4500005701,50,,,2424.78,2424.78,0.0,0.0
4500005702,10,,,0.0,0.0,0.0,0.0
4500005703,10,,,12831.86,12831.85,0.0,0.0
4500005704,10,,,6017.7,6017.7,0.0,0.0
4500005704,20,,,3610.62,3610.62,0.0,0.0
4500005705,10,,,25996.46,25996.46,0.0,0.0
4500005706,10,,,29203.54,29203.54,0.0,0.0
4500005707,10,,,1380.53,1380.53,0.0,0.0
4500005708,10,,,4205.31,4205.31,0.0,0.0
4500005708,20,,,50400.0,50400.0,0.0,0.0
4500005709,10,,,28938.06,28938.06,0.0,0.0
4500005709,20,,,13097.35,13097.35,0.0,0.0
4500005709,30,,,125663.72,125663.72,0.0,0.0
4500005710,10,,,34690.27,34690.27,0.0,0.0
4500005711,10,,,36106.2,36106.2,0.0,0.0
4500005711,20,,,99557.52,99557.52,0.0,0.0
4500005711,30,,,74654.87,74725.66,0.0,0.0
4500005711,40,,,25996.46,25996.46,0.0,0.0
4500005712,10,,,424.78,424.78,0.0,0.0
4500005713,10,,,728289.91,610489.2,0.0,0.0
4500005716,10,,,1486.73,1486.73,0.0,0.0
4500005716,20,,,159.29,159.29,0.0,0.0
4500005716,30,,,168.14,168.14,0.0,0.0
4500005717,10,,,331.86,331.86,0.0,0.0
4500005718,10,,,69026.55,69026.55,0.0,0.0
4500005719,10,,,0.0,0.0,0.0,0.0
4500005720,10,,,16226.55,16226.55,0.0,0.0
4500005720,20,,,12884.96,12884.96,0.0,0.0
4500005720,30,,,7277.88,8608.85,0.0,0.0
4500005720,40,,,8594.69,8594.69,0.0,0.0
4500005720,90,,,11695.58,11695.58,0.0,0.0
4500005722,10,5000012579,20230607,46351.2,46351.2,0.0,0.0
4500005722,20,5000012579,20230607,37636.93,37636.93,0.0,0.0
4500005722,30,5000012579,20230607,29348.22,29348.22,0.0,0.0
4500005722,40,5000012579,20230607,31197.22,31197.22,0.0,0.0
4500005722,50,5000012579,20230607,43949.67,43949.67,0.0,0.0
4500005722,60,5000012579,20230607,30410.33,30410.33,0.0,0.0
4500005722,70,5000012579,20230607,28408.31,28408.31,0.0,0.0
4500005722,80,5000012579,20230607,37199.2,37199.2,0.0,0.0
4500005722,90,,,32899.07,32899.07,0.0,0.0
4500005722,100,5000012579,20230607,32832.24,32832.24,0.0,0.0
4500005722,110,5000012579,20230607,34572.83,34572.83,0.0,0.0
4500005722,120,5000012579,20230607,37073.38,37073.38,0.0,0.0
4500005722,130,5000012579,20230607,37876.45,37876.45,0.0,0.0
4500005723,10,5000013237,20230614,1100.0,1100.0,0.0,0.0
4500005723,20,5000013237,20230614,36.72,36.72,0.0,0.0
4500005725,10,5000012578,20230607,38106.27,38106.27,0.0,0.0
4500005725,20,5000012578,20230607,24328.27,24328.27,0.0,0.0
4500005725,30,5000012578,20230607,27078.24,27078.24,0.0,0.0
4500005725,40,5000012578,20230607,33248.39,33248.39,0.0,0.0
4500005725,50,5000012578,20230607,29318.41,29318.41,0.0,0.0
4500005725,60,5000012578,20230607,29252.75,29252.75,0.0,0.0
4500005725,70,5000012578,20230607,26480.34,26480.34,0.0,0.0
4500005725,80,,,48319.47,48319.47,0.0,0.0
4500005725,90,5000012578,20230607,34211.02,34211.02,0.0,0.0
4500005725,100,,,45507.78,45507.78,0.0,0.0
4500005725,110,5000012578,20230607,35896.8,35896.8,0.0,0.0
4500005725,120,5000012578,20230607,33459.17,33459.17,0.0,0.0
4500005725,130,5000012578,20230607,36235.16,36235.16,0.0,0.0
4500005725,140,5000012578,20230607,43587.76,43587.76,0.0,0.0
4500005727,10,5000013238,20230614,1200.0,1200.0,0.0,0.0
4500005727,20,5000013238,20230614,40.06,40.06,0.0,0.0
4500005729,10,5000027416,20230901,20980.0,20980.0,0.0,0.0
4500005729,20,,,0.0,0.0,0.0,0.0
4500005730,10,,,380658.4,380658.4,0.0,0.0
4500005730,20,,,3753.98,3753.98,0.0,0.0
4500005731,10,,,205471.43,205471.45,0.0,0.0
4500005731,20,,,74085.14,74085.15,0.0,0.0
4500005731,30,,,97885.75,97885.75,0.0,0.0
4500005731,40,,,160311.49,160311.5,0.0,0.0
4500005731,50,,,27451.33,27451.32,0.0,0.0
4500005732,10,,,109982.31,109982.31,0.0,0.0
4500005732,20,,,32597.35,32597.35,0.0,0.0
4500005733,10,,,86.73,86.73,0.0,0.0
4500005734,10,,,4778.76,4778.76,0.0,0.0
4500005734,20,,,3026.55,3026.55,0.0,0.0
4500005734,30,,,3929.2,3929.2,0.0,0.0
4500005734,40,,,9327.43,9327.43,0.0,0.0
4500005734,50,,,12389.38,12389.38,0.0,0.0
4500005734,60,,,16991.16,16991.15,0.0,0.0
4500005734,70,,,63716.8,63716.8,0.0,0.0
4500005734,80,,,92867.26,92867.26,0.0,0.0
4500005734,90,,,61230.09,61230.09,0.0,0.0
4500005735,10,,,51627.89,51627.88,0.0,0.0
4500005735,20,,,29208.88,29208.88,0.0,0.0
4500005735,30,,,30238.94,30238.94,0.0,0.0
4500005735,40,,,18106.19,18106.19,0.0,0.0
4500005735,50,,,89734.51,89734.51,0.0,0.0
4500005735,60,,,46513.27,46513.27,0.0,0.0
4500005735,70,,,9313.14,9313.14,0.0,0.0
4500005735,90,,,37319.58,37319.58,0.0,0.0
4500005735,100,,,70669.93,70669.93,0.0,0.0
4500005735,110,,,50720.78,50720.78,0.0,0.0
4500005735,120,,,14917.88,14917.88,0.0,0.0
4500005735,130,,,67214.56,67214.56,0.0,0.0
4500005735,140,,,100454.95,100454.95,0.0,0.0
4500005735,150,,,92709.56,92709.56,0.0,0.0
4500005736,10,,,25996.46,25996.46,0.0,0.0
4500005737,10,,,1180.0,1044.25,0.0,0.0
4500005739,10,5000016381,20230707,3900.0,3900.0,0.0,0.0
4500005739,20,5000016381,20230707,130.18,130.18,0.0,0.0
4500005740,10,5000018432,20230720,256.0,256.0,0.0,0.0
4500005740,20,5000018514,20230721,2295.0,2295.0,0.0,0.0
4500005740,30,5000018513,20230721,382.5,382.5,0.0,0.0
4500005740,40,5000018514,20230721,12425.0,12425.0,0.0,0.0
4500005740,50,5000018513,20230721,2400.0,2400.0,0.0,0.0
4500005740,60,5000018513,20230721,56.4,56.4,0.0,0.0
4500005740,70,5000018514,20230721,1155.0,1155.0,0.0,0.0
4500005741,10,,,180.0,180.0,0.0,0.0
4500005742,10,5000012577,20230607,1900.0,1900.0,0.0,0.0
4500005742,20,5000012577,20230607,530.0,530.0,0.0,0.0
4500005743,10,,,0.0,0.0,0.0,0.0
4500005744,10,,,0.0,0.0,0.0,0.0
4500005745,10,,,272442.48,272442.48,0.0,0.0
4500005745,20,,,13168.14,13168.14,0.0,0.0
4500005746,10,,,0.0,0.0,0.0,0.0
4500005747,10,,,0.0,0.0,0.0,0.0
4500005748,10,,,6902.65,6902.65,0.0,0.0
4500005749,10,,,380.53,380.53,0.0,0.0
4500005750,10,,,42345.13,42345.13,0.0,0.0
4500005751,10,5000012767,20230608,127000.0,110619.47,0.0,0.0
4500005752,10,,,488.5,488.5,0.0,0.0
4500005752,20,,,4424.78,4424.78,0.0,0.0
4500005753,10,,,2477.88,2477.88,0.0,0.0
4500005753,20,,,10221.24,10221.24,0.0,0.0
4500005754,10,,,223008.84,223008.84,0.0,0.0
4500005754,20,,,245298.41,245298.42,0.0,0.0
4500005754,30,,,22035.4,22035.4,0.0,0.0
4500005756,10,,,9497.79,9497.79,0.0,0.0
4500005756,20,,,4748.89,4748.89,0.0,0.0
4500005756,30,,,18995.58,18995.58,0.0,0.0
4500005756,40,,,42740.04,42740.04,0.0,0.0
4500005757,10,,,3176.99,3176.99,0.0,0.0
4500005757,20,,,10858.41,10858.41,0.0,0.0
4500005757,30,,,2389.38,2389.38,0.0,0.0
4500005757,40,,,5902.65,5902.65,0.0,0.0
4500005757,50,,,6902.65,6902.65,0.0,0.0
4500005757,60,,,9884.96,9884.96,0.0,0.0
4500005757,70,,,12389.38,12389.38,0.0,0.0
4500005758,10,5000012773,20230608,112389.38,110619.47,0.0,0.0
4500005759,10,5000019503,20230727,3900.0,3900.0,0.0,0.0
4500005759,20,5000019503,20230727,130.18,130.18,0.0,0.0
4500005760,10,5000019628,20230728,31875.0,31875.0,0.0,0.0
4500005761,10,5000012565,20230607,112389.38,110619.47,0.0,0.0
4500005762,10,5000018259,20230719,4470.0,4470.0,0.0,0.0
4500005762,20,5000018259,20230719,149.21,169.55,0.0,0.0
4500005762,30,5000015667,20230703,4470.0,4470.0,0.0,0.0
4500005762,40,5000015667,20230703,149.21,149.21,0.0,0.0
4500005762,50,5000018259,20230719,4470.0,4470.0,0.0,0.0
4500005762,60,5000018259,20230719,149.21,149.21,0.0,0.0
4500005763,10,5000015418,20230630,4470.0,4470.0,0.0,0.0
4500005763,20,5000015418,20230630,149.21,149.21,0.0,0.0
4500005763,30,5000013594,20230616,4470.0,4470.0,0.0,0.0
4500005763,40,5000013594,20230616,149.21,149.21,0.0,0.0
4500005764,10,,,107508.85,104752.21,0.0,0.0
4500005764,20,,,12460.18,12460.18,0.0,0.0
4500005764,30,,,6584.07,6300.88,0.0,0.0
4500005766,10,5000018260,20230719,950.0,950.0,0.0,0.0
4500005767,10,5000015911,20230704,3900.0,3900.0,0.0,0.0
4500005767,20,5000015911,20230704,130.18,130.18,0.0,0.0
4500005768,10,5000013297,20230614,2205.0,2205.0,0.0,0.0
4500005768,20,5000013297,20230614,1512.0,1512.0,0.0,0.0
4500005768,30,,,0.0,0.0,0.0,0.0
4500005769,10,5000013239,20230614,1200.0,1200.0,0.0,0.0
4500005769,20,5000013239,20230614,40.06,40.06,0.0,0.0
4500005770,10,5000012927,20230609,706.15,706.15,0.0,0.0
4500005771,10,,,8455.75,8455.75,0.0,0.0
4500005771,20,,,10619.47,10619.47,0.0,0.0
4500005771,30,,,11946.9,11946.9,0.0,0.0
4500005772,10,5000024834,20230901,19931.0,19931.0,0.0,0.0
4500005772,20,5000024229,20230829,1.9,0.0,0.0,0.0
4500005772,50,5000013923,20230619,750.0,750.0,0.0,0.0
4500005772,90,5000023789,20230825,26624.0,26624.0,0.0,0.0
4500005773,10,5000014369,20230623,30569.4,30569.4,0.0,0.0
4500005773,20,5000014369,20230623,6216.0,6216.0,0.0,0.0
4500005773,30,5000014369,20230623,2671.2,2671.2,0.0,0.0
4500005773,40,5000014369,20230623,6505.38,6505.38,0.0,0.0
4500005773,50,5000014369,20230623,4746.0,4746.0,0.0,0.0
4500005773,60,5000014369,20230623,2246.4,2246.4,0.0,0.0
4500005774,10,5000016221,20230707,2618.88,2618.88,0.0,0.0
4500005774,20,5000016221,20230707,1621.0,1621.0,0.0,0.0
4500005774,30,5000016221,20230707,50251.0,50251.0,0.0,0.0
4500005774,40,,,0.0,0.0,0.0,0.0
4500005774,50,5000016221,20230707,12625.08,12134.85,0.0,0.0
4500005775,10,,,0.0,0.0,0.0,0.0
4500005775,20,,,1725.66,1725.66,0.0,0.0
4500005776,10,5000020107,20230731,11756.25,11756.25,0.0,0.0
4500005777,10,,,1190150.44,1190150.44,0.0,0.0
4500005777,20,,,245030.97,245030.97,0.0,0.0
4500005778,10,,,215.04,215.04,0.0,0.0
4500005778,20,,,984.07,984.07,0.0,0.0
4500005778,30,,,272.57,272.57,0.0,0.0
4500005778,40,,,598.23,598.23,0.0,0.0
4500005778,50,,,265.49,265.49,0.0,0.0
4500005779,10,5000015707,20230703,8349.1,8349.1,0.0,0.0
4500005779,20,5000016264,20230707,4446.75,4446.75,0.0,0.0
4500005779,30,5000016264,20230707,4446.75,4446.75,0.0,0.0
4500005780,10,5000012611,20230607,84513.27,84252.97,0.0,0.0
4500005780,20,5000012611,20230607,5576.37,17698.53,0.0,0.0
4500005781,10,,,109.92,0.0,0.0,0.0
4500005781,20,,,109.92,0.0,0.0,0.0
4500005782,10,5000012612,20230607,84513.27,84252.97,0.0,0.0
4500005782,20,5000012612,20230607,5576.37,17698.53,0.0,0.0
4500005783,10,5000012613,20230607,84513.27,84252.97,0.0,0.0
4500005783,20,5000012613,20230607,5576.37,6301.3,0.0,0.0
4500005784,10,5000012615,20230607,84513.27,84252.97,0.0,0.0
4500005784,20,5000012615,20230607,5576.37,6301.3,0.0,0.0
4500005785,10,5000012616,20230607,84513.27,84252.97,0.0,0.0
4500005785,20,5000012616,20230607,5576.37,6301.3,0.0,0.0
4500005786,10,5000012617,20230607,84513.27,84252.97,0.0,0.0
4500005786,20,5000012617,20230607,5576.37,6301.3,0.0,0.0
4500005787,10,5000012618,20230607,84513.27,84252.97,0.0,0.0
4500005787,20,5000012618,20230607,5576.37,6301.3,0.0,0.0
4500005788,10,5000012619,20230607,84513.27,84252.97,0.0,0.0
4500005788,20,5000012619,20230607,5576.37,6301.3,0.0,0.0
4500005789,10,5000012620,20230607,84513.27,84252.97,0.0,0.0
4500005789,20,5000012620,20230607,5576.37,6301.3,0.0,0.0
4500005790,10,5000012621,20230607,83893.81,84252.97,0.0,0.0
4500005791,10,,,0.0,0.0,0.0,0.0
4500005791,20,,,1380.53,1380.53,0.0,0.0
4500005791,30,,,1380.53,1380.53,0.0,0.0
4500005791,40,,,2424.78,1380.53,0.0,0.0
4500005791,50,,,1247.79,1247.79,0.0,0.0
4500005791,60,,,1247.79,1247.79,0.0,0.0
4500005791,70,,,2424.78,2424.78,0.0,0.0
4500005791,80,,,1247.79,1247.79,0.0,0.0
4500005792,10,,,1115.04,1115.04,0.0,0.0
4500005792,20,,,53097.35,51592.92,0.0,0.0
4500005792,30,,,21398.23,21256.64,0.0,0.0
4500005792,40,,,8407.08,8407.08,0.0,0.0
4500005792,50,,,3716.81,3407.08,0.0,0.0
4500005792,60,,,19469.03,19469.03,0.0,0.0
4500005792,70,,,102.65,92.39,0.0,0.0
4500005792,80,,,2212.39,1850.21,0.0,0.0
4500005792,90,,,1946.9,1752.21,0.0,0.0
4500005792,100,,,3929.2,2750.44,0.0,0.0
4500005792,110,,,14336.28,14336.28,0.0,0.0
4500005792,120,,,4314.16,4314.16,0.0,0.0
4500005792,130,,,913.28,821.94,0.0,0.0
4500005792,140,,,7884.96,7884.96,0.0,0.0
4500005792,150,,,1274.34,1270.75,0.0,0.0
4500005792,160,,,10591.15,10591.15,0.0,0.0
4500005792,170,,,2131.77,2131.77,0.0,0.0
4500005792,180,,,199.12,199.12,0.0,0.0
4500005792,190,,,4513.27,4513.27,0.0,0.0
4500005792,200,,,676.99,676.99,0.0,0.0
4500005792,210,,,14846.02,14846.02,0.0,0.0
4500005792,220,,,21690.27,21690.27,0.0,0.0
4500005792,230,,,25663.72,25663.72,0.0,0.0
4500005792,240,,,1274.34,1274.34,0.0,0.0
4500005792,250,,,10420.35,10420.35,0.0,0.0
4500005792,260,,,12274.33,12241.59,0.0,0.0
4500005792,270,,,3398.23,3398.23,0.0,0.0
4500005792,280,,,35398.23,34336.28,0.0,0.0
4500005792,290,,,22088.5,22088.5,0.0,0.0
4500005792,300,,,10619.47,10353.98,0.0,0.0
4500005792,320,,,2654.87,2654.87,0.0,0.0
4500005792,330,,,3185.84,3185.84,0.0,0.0
4500005792,340,,,3097.35,2168.14,0.0,0.0
4500005792,350,,,424.78,424.78,0.0,0.0
4500005792,360,,,346.9,346.9,0.0,0.0
4500005793,10,,,3681.42,3681.42,0.0,0.0
4500005793,20,,,849.56,849.56,0.0,0.0
4500005793,30,,,1755.75,1755.75,0.0,0.0
4500005793,40,,,1217.7,1217.7,0.0,0.0
4500005793,50,,,1189.38,1189.38,0.0,0.0
4500005793,60,,,2230.09,2230.09,0.0,0.0
4500005793,70,,,1699.12,1699.12,0.0,0.0
4500005793,80,,,623.01,623.01,0.0,0.0
4500005793,90,,,1359.29,1359.29,0.0,0.0
4500005793,100,,,19738.05,19738.05,0.0,0.0
4500005793,110,,,19738.05,19738.05,0.0,0.0
4500005793,120,,,23929.2,23929.2,0.0,0.0
4500005793,130,,,23929.2,23929.2,0.0,0.0
4500005793,140,,,23164.6,23164.6,0.0,0.0
4500005793,150,,,23164.6,23164.6,0.0,0.0
4500005793,160,,,5522.12,5522.12,0.0,0.0
4500005793,170,,,4314.16,4314.16,0.0,0.0
4500005793,180,,,4672.57,4672.57,0.0,0.0
4500005794,10,,,1058495.58,1058495.58,0.0,0.0
4500005794,20,,,635097.35,635097.34,0.0,0.0
4500005794,30,,,423398.23,423398.23,0.0,0.0
4500005796,10,,,25222.12,25222.12,0.0,0.0
4500005797,10,,,79646.02,79646.02,0.0,0.0
4500005797,20,,,159292.04,159292.04,0.0,0.0
4500005798,10,,,1290.27,1290.27,0.0,0.0
4500005798,20,,,1207.08,1207.08,0.0,0.0
4500005798,30,,,1663.72,1663.72,0.0,0.0
4500005799,10,,,2880.53,2880.53,0.0,0.0
4500005799,20,,,1858.41,1858.41,0.0,0.0
4500005799,30,,,6424.78,6424.78,0.0,0.0
4500005799,40,,,40353.98,40353.98,0.0,0.0
4500005799,50,,,25048.67,25048.67,0.0,0.0
4500005800,10,,,3751510.09,3765981.91,0.0,0.0
4500005801,10,,,1592.92,1592.92,0.0,0.0
4500005802,10,,,19203.54,19203.54,0.0,0.0
4500005802,20,,,3716.81,3716.81,0.0,0.0
4500005802,40,,,37610.62,37610.62,0.0,0.0
4500005802,50,,,2389.38,2389.38,0.0,0.0
4500005802,60,,,20796.46,18141.59,0.0,0.0
4500005802,70,,,108318.58,108318.58,0.0,0.0
4500005802,80,,,61061.95,61061.95,0.0,0.0
4500005803,10,,,82300.88,82300.88,0.0,0.0
4500005803,20,,,137168.14,137168.14,0.0,0.0
4500005803,30,,,36637.17,36637.17,0.0,0.0
4500005804,10,,,25663.72,25663.72,0.0,0.0
4500005805,10,,,90351.33,90351.33,0.0,0.0
4500005806,10,,,11398.23,11398.23,0.0,0.0
4500005806,20,,,22831.86,21281.42,0.0,0.0
4500005806,30,,,18834.05,20206.19,0.0,0.0
4500005806,40,,,1784.07,1784.07,0.0,0.0
4500005806,50,,,1840.71,1776.99,0.0,0.0
4500005806,60,,,15646.02,15646.02,0.0,0.0
4500005806,70,,,2097.35,2097.35,0.0,0.0
4500005806,80,,,4964.6,4964.6,0.0,0.0
4500005806,90,,,3557.52,3557.52,0.0,0.0
4500005806,100,,,5044.25,5044.25,0.0,0.0
4500005806,110,,,7876.11,7876.11,0.0,0.0
4500005806,120,,,973.45,973.45,0.0,0.0
4500005807,10,,,23362.83,23362.83,0.0,0.0
4500005807,20,,,5044.26,5044.25,0.0,0.0
4500005808,10,,,68761.06,68761.06,0.0,0.0
4500005808,20,,,22389.38,22389.38,0.0,0.0
4500005809,10,,,6070.8,6070.81,0.0,0.0
4500005811,10,,,9292.04,9292.04,0.0,0.0
4500005812,10,,,16814.16,16814.16,0.0,0.0
4500005812,20,,,14216.81,14216.81,0.0,0.0
4500005812,30,,,3122.12,3122.14,0.0,0.0
4500005813,10,,,28176.99,28176.99,0.0,0.0
4500005815,10,,,1327.43,1327.43,0.0,0.0
4500005815,20,,,2212.39,2212.39,0.0,0.0
4500005815,30,,,5203.54,5203.54,0.0,0.0
4500005815,40,,,5752.21,5752.21,0.0,0.0
4500005815,50,,,575.22,575.22,0.0,0.0
4500005815,60,,,283.19,283.19,0.0,0.0
4500005815,70,,,138.05,138.05,0.0,0.0
4500005815,80,,,707.96,707.96,0.0,0.0
4500005815,90,,,530.97,530.97,0.0,0.0
4500005815,100,,,1150.44,1150.44,0.0,0.0
4500005815,110,,,305.31,305.31,0.0,0.0
4500005815,120,,,1283.19,1283.19,0.0,0.0
4500005815,130,,,2433.63,2433.63,0.0,0.0
4500005815,140,,,2876.11,2876.11,0.0,0.0
4500005815,150,,,7079.65,7079.65,0.0,0.0
4500005815,160,,,539.82,539.82,0.0,0.0
4500005815,170,,,3893.81,3893.81,0.0,0.0
4500005815,180,,,690.27,690.27,0.0,0.0
4500005815,190,,,530.97,530.97,0.0,0.0
4500005815,200,,,88.5,88.5,0.0,0.0
4500005815,210,,,53.1,53.1,0.0,0.0
4500005815,220,,,86.73,86.73,0.0,0.0
4500005815,230,,,499.12,499.12,0.0,0.0
4500005815,240,,,557.52,557.52,0.0,0.0
4500005815,250,,,5707.96,5707.96,0.0,0.0
4500005815,270,,,3097.35,3097.35,0.0,0.0
4500005815,280,,,3097.35,3097.35,0.0,0.0
4500005815,290,,,681.42,681.42,0.0,0.0
4500005815,300,,,315.04,315.04,0.0,0.0
4500005815,310,,,4035.4,4035.4,0.0,0.0
4500005816,10,,,3185.84,3185.85,0.0,0.0
4500005817,10,,,53097.35,53097.35,0.0,0.0
4500005818,10,,,23362.83,23362.83,0.0,0.0
4500005819,10,5000013240,20230614,1450.0,1450.0,0.0,0.0
4500005819,20,5000013240,20230614,48.4,48.4,0.0,0.0
4500005821,10,5000014073,20230620,382.81,382.81,0.0,0.0
4500005821,20,5000014073,20230620,92.0,92.0,0.0,0.0
4500005822,10,5000014906,20230628,356.0,356.0,0.0,0.0
4500005823,10,5000014071,20230620,382.8,382.8,0.0,0.0
4500005824,10,5000014791,20230627,255.2,255.2,0.0,0.0
4500005825,10,5000014907,20230628,382.8,382.8,0.0,0.0
4500005826,10,5000015381,20230629,382.18,382.81,0.0,0.0
4500005826,20,5000015381,20230629,110.0,110.0,0.0,0.0
4500005827,10,5000014070,20230620,370.0,0.0,0.0,0.0
4500005830,10,,,11893.81,11893.81,0.0,0.0
4500005831,20,,,293504.42,291203.52,0.0,0.0
4500005831,30,,,14601.77,14601.77,0.0,0.0
4500005831,40,,,283469.03,283469.03,0.0,0.0
4500005831,50,,,26548.67,26548.67,0.0,0.0
4500005831,60,,,19115.04,19115.04,0.0,0.0
4500005831,70,,,455019.48,455019.47,0.0,0.0
4500005831,80,,,12212.39,12212.39,0.0,0.0
4500005831,90,,,14017.7,14017.7,0.0,0.0
4500005831,100,,,30776.1,30776.1,0.0,0.0
4500005831,110,,,8849.56,8849.56,0.0,0.0
4500005831,120,,,7550.44,7550.44,0.0,0.0
4500005831,130,,,25168.14,25168.14,0.0,0.0
4500005831,140,,,28513.27,28513.27,0.0,0.0
4500005831,150,,,56637.18,56637.18,0.0,0.0
4500005832,10,,,2389.38,2389.38,0.0,0.0
4500005833,10,5000014790,20230627,550.0,550.0,0.0,0.0
4500005833,20,5000014790,20230627,1500.0,1500.0,0.0,0.0
4500005834,10,,,2230.09,2230.09,0.0,0.0
4500005834,20,,,20049.56,20049.56,0.0,0.0
4500005834,30,,,10024.78,10024.78,0.0,0.0
4500005834,40,,,2230.09,2230.09,0.0,0.0
4500005835,10,,,108348.52,108348.52,0.0,0.0
4500005835,20,,,163601.76,163601.76,0.0,0.0
4500005836,10,,,6460.18,6460.18,0.0,0.0
4500005837,10,,,1194.69,1194.69,0.0,0.0
4500005837,20,,,19672.57,19672.57,0.0,0.0
4500005839,10,,,84424.78,84424.78,0.0,0.0
4500005840,10,5000012750,20230608,210.0,218.19,0.0,0.0
4500005840,20,5000012750,20230608,180.0,175.0,0.0,0.0
4500005840,30,5000012750,20230608,1340.0,1330.0,0.0,0.0
4500005840,40,5000012750,20230608,249.35,249.36,0.0,0.0
4500005840,50,5000016691,20230711,294.0,295.65,0.0,0.0
4500005840,60,5000012750,20230608,225.0,225.51,0.0,0.0
4500005840,70,5000012750,20230608,81.42,76.32,0.0,0.0
4500005840,80,5000012750,20230608,555.0,555.0,0.0,0.0
4500005840,90,5000012750,20230608,977.0,977.0,0.0,0.0
4500005841,10,,,6060.18,6060.18,0.0,0.0
4500005842,10,,,0.0,0.0,0.0,0.0
4500005843,10,,,101946.9,101946.9,0.0,0.0
4500005844,10,,,23129.2,23129.2,0.0,0.0
4500005845,10,,,65026.55,65026.55,0.0,0.0
4500005846,10,,,16725.66,16725.66,0.0,0.0
4500005847,10,,,4460.18,4460.18,0.0,0.0
4500005848,10,,,24469.03,23620.78,0.0,0.0
4500005849,10,5000012932,20230609,13200.0,13200.0,0.0,0.0
4500005849,20,5000012932,20230609,5280.0,5280.0,0.0,0.0
4500005850,10,5000013602,20230616,1592920.35,1592920.65,0.0,0.0
4500005851,10,,,87721.59,87721.59,0.0,0.0
4500005851,20,,,41336.81,41336.81,0.0,0.0
4500005852,10,5000012698,20230608,1102104.42,1068033.62,0.0,0.0
4500005853,10,5000012700,20230608,1102104.42,1076883.18,0.0,0.0
4500005854,10,5000012944,20230609,31511.72,31511.72,0.0,0.0
4500005854,20,5000012944,20230609,34630.04,34630.04,0.0,0.0
4500005854,30,5000012944,20230609,33050.99,33050.99,0.0,0.0
4500005854,40,5000012944,20230609,36347.09,36347.09,0.0,0.0
4500005854,50,5000012944,20230609,41285.85,41285.85,0.0,0.0
4500005854,60,5000012944,20230609,48768.22,48768.22,0.0,0.0
4500005854,70,5000012944,20230609,46710.44,46710.44,0.0,0.0
4500005854,80,5000012944,20230609,31403.44,31403.44,0.0,0.0
4500005854,90,5000012944,20230609,35862.38,35862.38,0.0,0.0
4500005854,100,5000012944,20230609,41285.85,41285.85,0.0,0.0
4500005854,110,5000012944,20230609,30626.0,30626.0,0.0,0.0
4500005854,120,5000012944,20230609,34300.69,34300.69,0.0,0.0
4500005854,130,5000012944,20230609,34946.06,34946.06,0.0,0.0
4500005854,140,5000012944,20230609,1552.5,1552.41,0.0,0.0
4500005855,10,5000012703,20230608,1120075.22,1086420.36,0.0,0.0
4500005856,10,5000012925,20230609,5889.24,5889.24,0.0,0.0
4500005857,10,5000012924,20230609,10372.32,10372.32,0.0,0.0
4500005858,10,,,0.0,0.0,0.0,0.0
4500005859,10,5000012747,20230608,1012.0,1012.0,0.0,0.0
4500005860,10,5000012746,20230608,1012.0,1012.0,0.0,0.0
4500005861,10,5000012745,20230608,1012.0,1012.0,0.0,0.0
4500005862,10,5000012748,20230608,690.0,690.0,0.0,0.0
4500005863,10,,,38938.05,38938.05,0.0,0.0
4500005864,10,5000013366,20230615,2350.0,2350.0,0.0,0.0
4500005864,20,5000013366,20230615,78.44,78.44,0.0,0.0
4500005864,30,5000014002,20230620,2350.0,2350.0,0.0,0.0
4500005864,40,5000014002,20230620,78.44,78.44,0.0,0.0
4500005865,10,,,322123.89,322123.88,0.0,0.0
4500005867,10,,,16592.92,16592.92,0.0,0.0
4500005867,20,,,3318.58,3318.58,0.0,0.0
4500005868,10,,,20924.78,20924.78,0.0,0.0
4500005869,10,,,4950.0,4950.0,0.0,0.0
4500005869,20,,,11061.95,11061.95,0.0,0.0
4500005869,30,,,2654.87,2654.87,0.0,0.0
4500005870,10,,,73008.85,73008.85,0.0,0.0
4500005871,10,,,126106.19,126106.19,0.0,0.0
4500005872,10,,,3716.81,3716.81,0.0,0.0
4500005873,10,,,7964.6,7345.13,0.0,0.0
4500005875,10,5000015668,20230703,4470.0,4470.0,0.0,0.0
4500005875,20,5000015668,20230703,149.21,149.21,0.0,0.0
4500005876,10,,,566.37,566.37,0.0,0.0
4500005877,10,,,2654.87,3000.0,0.0,0.0
4500005877,20,,,16957.96,19162.5,0.0,0.0
4500005878,10,,,123.89,123.89,0.0,0.0
4500005879,10,,,67256.64,67256.64,0.0,0.0
4500005880,10,,,63716.81,63716.81,0.0,0.0
4500005881,10,5000012858,20230609,900.0,900.0,0.0,0.0
4500005882,10,,,601.77,601.77,0.0,0.0
4500005882,20,,,2389.38,2389.38,0.0,0.0
4500005882,30,,,67.26,67.26,0.0,0.0
4500005882,40,,,309.73,309.73,0.0,0.0
4500005882,50,,,221.24,221.24,0.0,0.0
4500005882,60,,,350.44,350.44,0.0,0.0
4500005882,70,,,345.13,345.13,0.0,0.0
4500005882,80,,,2619.47,2619.47,0.0,0.0
4500005882,90,,,56637.17,56637.17,0.0,0.0
4500005882,100,,,716.81,716.81,0.0,0.0
4500005882,110,,,221.24,221.24,0.0,0.0
4500005882,120,,,2106.19,2106.19,0.0,0.0
4500005882,130,,,876.11,876.11,0.0,0.0
4500005882,140,,,575.22,575.22,0.0,0.0
4500005882,150,,,92.92,92.92,0.0,0.0
4500005882,160,,,929.2,929.2,0.0,0.0
4500005882,170,,,3504.42,3504.42,0.0,0.0
4500005882,180,,,796.46,796.46,0.0,0.0
4500005882,190,,,707.96,707.96,0.0,0.0
4500005882,200,,,902.65,902.65,0.0,0.0
4500005882,210,,,1261.06,1261.06,0.0,0.0
4500005882,220,,,1061.95,1061.95,0.0,0.0
4500005882,230,,,880.53,880.53,0.0,0.0
4500005882,240,,,13584.07,13584.07,0.0,0.0
4500005882,250,,,1433.63,1433.63,0.0,0.0
4500005882,260,,,216.81,216.81,0.0,0.0
4500005882,270,,,504.42,504.42,0.0,0.0
4500005882,280,,,761.06,761.06,0.0,0.0
4500005882,290,,,1681.42,1681.42,0.0,0.0
4500005882,300,,,92.04,92.04,0.0,0.0
4500005882,310,,,690.27,690.27,0.0,0.0
4500005882,320,,,1401.77,1401.77,0.0,0.0
4500005882,330,,,2345.13,2345.13,0.0,0.0
4500005882,340,,,1172.57,1172.57,0.0,0.0
4500005882,350,,,327.43,327.43,0.0,0.0
4500005882,360,,,75.22,75.22,0.0,0.0
4500005882,370,,,115.04,115.04,0.0,0.0
4500005882,380,,,1221.24,1221.24,0.0,0.0
4500005882,390,,,1115.04,1115.04,0.0,0.0
4500005882,400,,,1438.05,1438.05,0.0,0.0
4500005882,410,,,176.99,176.99,0.0,0.0
4500005882,420,,,876.11,876.11,0.0,0.0
4500005882,430,,,2433.63,2433.63,0.0,0.0
4500005882,450,,,2743.36,2743.36,0.0,0.0
4500005882,460,,,75.22,75.22,0.0,0.0
4500005882,470,,,2110.62,2110.62,0.0,0.0
4500005882,480,,,141.59,141.59,0.0,0.0
4500005882,500,,,14654.87,14654.87,0.0,0.0
4500005883,10,,,2323.01,2323.01,0.0,0.0
4500005884,10,,,1946.9,1946.9,0.0,0.0
4500005885,10,,,4690.27,4690.27,0.0,0.0
4500005885,20,,,1681.42,1681.42,0.0,0.0
4500005885,30,,,840.71,840.71,0.0,0.0
4500005886,10,,,34566.37,34566.37,0.0,0.0
4500005887,10,,,336.28,336.0,0.0,0.0
4500005887,20,,,336.28,336.0,0.0,0.0
4500005887,30,,,420.35,420.0,0.0,0.0
4500005887,40,,,924.78,925.0,0.0,0.0
4500005887,50,,,588.5,589.0,0.0,0.0
4500005887,60,,,1261.06,1261.0,0.0,0.0
4500005887,70,,,420.35,420.0,0.0,0.0
4500005887,80,,,588.5,589.0,0.0,0.0
4500005887,90,,,1261.06,1261.0,0.0,0.0
4500005887,100,,,672.57,673.0,0.0,0.0
4500005887,110,,,420.35,420.0,0.0,0.0
4500005887,120,,,134.51,136.0,0.0,0.0
4500005887,130,,,253.1,253.55,0.0,0.0
4500005888,10,,,3690.0,3690.0,0.0,0.0
4500005888,20,,,8510.97,8510.97,0.0,0.0
4500005889,10,,,11681.42,0.0,0.0,0.0
4500005890,10,,,3443.89,3443.89,0.0,0.0
4500005890,20,,,559.73,559.73,0.0,0.0
4500005890,30,,,5830.09,6642.26,0.0,0.0
4500005890,40,,,219.82,219.82,0.0,0.0
4500005891,10,5000016853,20230712,2125.0,2125.0,0.0,0.0
4500005891,20,5000016853,20230712,70.93,70.93,0.0,0.0
4500005893,10,,,0.0,0.0,0.0,0.0
4500005894,10,5000013246,20230614,45.49,45.49,0.0,0.0
4500005894,20,5000013246,20230614,64.96,64.96,0.0,0.0
4500005894,30,5000013246,20230614,45.36,45.36,0.0,0.0
4500005894,40,5000013246,20230614,20097.0,20097.0,0.0,0.0
4500005895,10,5000013245,20230614,26.14,26.14,0.0,0.0
4500005895,20,5000013245,20230614,27.8,27.8,0.0,0.0
4500005895,30,5000013245,20230614,41.51,41.54,0.0,0.0
4500005895,40,5000013245,20230614,33.89,33.89,0.0,0.0
4500005895,50,5000013245,20230614,37.29,37.29,0.0,0.0
4500005895,60,5000013245,20230614,55.32,55.32,0.0,0.0
4500005895,70,5000013245,20230614,16.2,16.2,0.0,0.0
4500005895,80,5000013245,20230614,36.0,36.0,0.0,0.0
4500005896,10,5000013244,20230614,36.0,36.0,0.0,0.0
4500005896,20,5000013244,20230614,55.32,55.32,0.0,0.0
4500005896,30,5000013244,20230614,26.14,26.14,0.0,0.0
4500005896,40,5000013244,20230614,55.6,55.6,0.0,0.0
4500005896,50,5000013244,20230614,37.29,37.29,0.0,0.0
4500005896,60,5000013244,20230614,33.89,33.89,0.0,0.0
4500005896,70,5000013244,20230614,41.54,41.54,0.0,0.0
4500005896,80,5000013244,20230614,16.2,16.2,0.0,0.0
4500005897,10,5000013243,20230614,15.0,15.0,0.0,0.0
4500005897,20,5000013243,20230614,31.77,31.77,0.0,0.0
4500005898,10,5000013242,20230614,24.76,24.76,0.0,0.0
4500005898,20,5000013242,20230614,25.6,25.6,0.0,0.0
4500005898,30,5000013242,20230614,13.64,13.64,0.0,0.0
4500005898,40,5000013242,20230614,13.64,13.64,0.0,0.0
4500005898,50,5000013242,20230614,10.72,10.72,0.0,0.0
4500005898,60,5000013242,20230614,16.2,16.2,0.0,0.0
4500005898,70,5000013242,20230614,31.77,31.77,0.0,0.0
4500005898,80,5000013242,20230614,10.0,10.0,0.0,0.0
4500005899,10,,,0.0,0.0,0.0,0.0
4500005900,10,,,235929.2,235929.19,0.0,0.0
4500005902,10,,,24778.76,24778.76,0.0,0.0
4500005902,20,,,3.54,0.0,0.0,0.0
4500005902,30,,,3.54,0.0,0.0,0.0
4500005902,40,,,7.08,0.0,0.0,0.0
4500005902,50,,,8.85,0.0,0.0,0.0
4500005903,10,,,470.35,470.35,0.0,0.0
4500005904,10,,,3938.05,3938.05,0.0,0.0
4500005904,20,,,3938.05,3938.05,0.0,0.0
4500005904,30,,,43982.3,43982.3,0.0,0.0
4500005905,10,,,12964.6,12964.6,0.0,0.0
4500005906,10,5000018317,20230719,1265.0,1265.0,0.0,0.0
4500005906,20,5000018324,20230720,196.0,196.0,0.0,0.0
4500005907,10,,,15878.76,15878.77,0.0,0.0
4500005907,20,,,17271.5,17271.5,0.0,0.0
4500005908,10,,,176.99,176.99,0.0,0.0
4500005909,10,,,8185.84,8185.84,0.0,0.0
4500005909,20,,,19469.03,19469.03,0.0,0.0
4500005910,10,,,1247.79,1247.79,0.0,0.0
4500005910,20,,,1380.53,1380.53,0.0,0.0
4500005910,30,,,1380.53,1380.53,0.0,0.0
4500005910,40,,,1380.53,1380.53,0.0,0.0
4500005910,50,,,1380.53,1380.53,0.0,0.0
4500005910,60,,,1380.53,1380.53,0.0,0.0
4500005910,70,,,1690.27,1690.27,0.0,0.0
4500005910,80,,,1690.27,1690.27,0.0,0.0
4500005911,10,5000013454,20230615,36305.73,36305.73,0.0,0.0
4500005911,20,5000013454,20230615,33204.26,33204.26,0.0,0.0
4500005911,30,5000013454,20230615,30455.39,33673.3,0.0,0.0
4500005911,40,5000013454,20230615,25711.57,30455.39,0.0,0.0
4500005911,50,5000013454,20230615,38133.67,38133.67,0.0,0.0
4500005911,60,5000016444,20230620,34380.81,34380.81,0.0,0.0
4500005911,70,5000013454,20230615,38213.11,38213.11,0.0,0.0
4500005911,80,5000013454,20230615,37922.44,37922.44,0.0,0.0
4500005911,90,5000013454,20230615,37175.02,37175.02,0.0,0.0
4500005911,100,5000013454,20230615,35107.64,35107.64,0.0,0.0
4500005911,110,5000013454,20230615,38085.06,38085.06,0.0,0.0
4500005912,10,5000013298,20230614,1815.0,1815.0,0.0,0.0
4500005913,10,5000015909,20230704,4470.0,4470.0,0.0,0.0
4500005913,20,5000015909,20230704,149.21,149.21,0.0,0.0
4500005914,10,5000013483,20230615,403.72,403.72,0.0,0.0
4500005914,20,5000013483,20230615,1419.69,1419.69,0.0,0.0
4500005914,30,5000013483,20230615,2882.64,2882.64,0.0,0.0
4500005914,40,5000013483,20230615,499.79,499.79,0.0,0.0
4500005914,50,5000013483,20230615,2152.16,2152.16,0.0,0.0
4500005914,60,5000013483,20230615,4668.57,4668.57,0.0,0.0
4500005914,70,5000013483,20230615,2516.79,2516.79,0.0,0.0
4500005914,80,5000013483,20230615,5193.4,5193.4,0.0,0.0
4500005914,90,5000013483,20230615,3120.32,3120.32,0.0,0.0
4500005914,100,5000013483,20230615,767.22,767.22,0.0,0.0
4500005914,110,5000013483,20230615,767.22,767.22,0.0,0.0
4500005914,120,5000013483,20230615,2548.29,2548.29,0.0,0.0
4500005914,130,5000013483,20230615,157.84,157.84,0.0,0.0
4500005914,140,5000013483,20230615,1244.55,1244.55,0.0,0.0
4500005914,150,5000013483,20230615,1244.55,1244.55,0.0,0.0
4500005914,160,5000013483,20230615,1591.81,1591.81,0.0,0.0
4500005914,170,5000013483,20230615,1591.81,1591.81,0.0,0.0
4500005914,180,5000013483,20230615,452.29,452.29,0.0,0.0
4500005914,190,5000013483,20230615,659.91,659.91,0.0,0.0
4500005914,200,5000013483,20230615,659.91,659.91,0.0,0.0
4500005914,210,5000013483,20230615,932.95,932.95,0.0,0.0
4500005914,220,5000013483,20230615,932.95,932.95,0.0,0.0
4500005914,230,5000013483,20230615,666.29,666.29,0.0,0.0
4500005914,240,5000013483,20230615,200.11,200.11,0.0,0.0
4500005914,250,5000013483,20230615,403.72,403.72,0.0,0.0
4500005914,260,5000013483,20230615,402.2,402.2,0.0,0.0
4500005914,270,5000013483,20230615,10093.73,10093.73,0.0,0.0
4500005914,280,5000013483,20230615,852.21,852.21,0.0,0.0
4500005914,290,5000013483,20230615,6390.29,6390.29,0.0,0.0
4500005914,300,5000013483,20230615,51314.18,51314.18,0.0,0.0
4500005914,310,5000013483,20230615,510.87,510.87,0.0,0.0
4500005914,320,5000013483,20230615,7117.06,7117.06,0.0,0.0
4500005914,330,5000013483,20230615,1434.42,1434.42,0.0,0.0
4500005914,340,5000013483,20230615,621.89,621.89,0.0,0.0
4500005914,350,5000013483,20230615,462.15,462.83,0.0,0.0
4500005915,10,5000013453,20230615,35187.77,35187.77,0.0,0.0
4500005915,20,5000013453,20230615,34762.2,34762.2,0.0,0.0
4500005915,30,5000013453,20230615,38610.57,38610.57,0.0,0.0
4500005915,40,5000013453,20230615,48305.81,48305.81,0.0,0.0
4500005915,50,5000013453,20230615,41695.52,41695.52,0.0,0.0
4500005915,60,5000013453,20230615,33357.26,33357.26,0.0,0.0
4500005915,70,5000013812,20230619,34697.09,34697.09,0.0,0.0
4500005915,80,5000013453,20230615,38433.96,38433.96,0.0,0.0
4500005915,90,5000013453,20230615,32231.07,32231.07,0.0,0.0
4500005915,100,5000013453,20230615,33907.23,33907.23,0.0,0.0
4500005915,110,5000013453,20230615,47092.99,47092.99,0.0,0.0
4500005916,10,,,433.63,433.63,0.0,0.0
4500005916,20,,,199.12,199.12,0.0,0.0
4500005917,10,5000017238,20230713,1122.0,1122.0,0.0,0.0
4500005917,20,5000017238,20230713,39.0,39.0,0.0,0.0
4500005918,10,5000014838,20230627,6354.54,6354.55,6990.0,-6990.0
4500005919,10,5000020134,20230731,5660.0,5660.0,0.0,0.0
4500005920,10,5000012954,20230609,577522.12,577522.12,0.0,0.0
4500005921,10,,,0.0,0.0,0.0,0.0
4500005921,80,5000023215,20230823,50.0,50.38,0.0,0.0
4500005921,90,,,0.0,0.0,0.0,0.0
4500005921,100,5000025514,20230907,7.7,14.1,0.0,0.0
4500005921,110,,,0.0,0.0,0.0,0.0
4500005922,10,5000015405,20230630,6800.0,6799.0,0.0,0.0
4500005922,20,5000015405,20230630,3300.0,3300.0,0.0,0.0
4500005922,30,5000015405,20230630,11.0,11.0,0.0,0.0
4500005923,10,5000014023,20230620,1200.0,1200.0,0.0,0.0
4500005923,20,5000014023,20230620,40.06,40.06,0.0,0.0
4500005926,10,,,158654.87,158654.87,0.0,0.0
4500005927,10,,,167628.32,167532.75,0.0,0.0
4500005927,20,,,103847.79,103847.79,0.0,0.0
4500005927,30,,,13507.97,13507.97,0.0,0.0
4500005928,10,,,1238.94,1238.94,0.0,0.0
4500005929,10,5000014346,20230623,2156.82,2156.82,0.0,0.0
4500005930,10,5000014345,20230623,3929.55,3929.55,0.0,0.0
4500005931,10,5000014348,20230623,3929.55,3929.55,0.0,0.0
4500005932,10,5000020422,20230801,5851.25,5851.25,0.0,0.0
4500005933,10,5000018247,20230719,15480.0,15480.0,0.0,0.0
4500005933,20,5000015416,20230630,37584.0,37584.0,0.0,0.0
4500005933,30,5000015416,20230630,2792.88,2791.42,0.0,0.0
4500005933,60,5000015416,20230630,1170.0,1169.46,0.0,0.0
4500005933,70,5000015416,20230630,1170.0,1169.46,0.0,0.0
4500005935,100,5000023207,20230823,50.0,0.92,0.0,0.0
4500005935,110,5000025545,20230907,267.8,1913.4,0.0,0.0
4500005936,10,,,0.0,0.0,0.0,0.0
4500005936,20,,,55.75,55.75,0.0,0.0
4500005936,30,,,78.0,69.03,0.0,0.0
4500005938,10,,,2715.93,2715.93,0.0,0.0
4500005938,20,,,4191.86,4191.86,0.0,0.0
4500005938,30,,,4191.86,4191.86,0.0,0.0
4500005938,40,,,4191.86,4191.86,0.0,0.0
4500005938,50,,,2842.12,2842.12,0.0,0.0
4500005938,60,,,2842.12,2842.12,0.0,0.0
4500005938,70,,,3410.0,3410.0,0.0,0.0
4500005938,80,,,427.96,427.96,0.0,0.0
4500005938,90,,,1382.65,1382.65,0.0,0.0
4500005938,100,,,1382.65,1382.65,0.0,0.0
4500005938,110,,,6317.96,6317.96,0.0,0.0
4500005938,120,,,6317.96,6317.96,0.0,0.0
4500005939,10,,,3703.54,3703.54,0.0,0.0
4500005940,10,5000012964,20230609,900530.97,826194.72,0.0,0.0
4500005941,10,,,0.0,0.0,0.0,0.0
4500005941,20,,,0.0,0.0,0.0,0.0
4500005941,30,,,0.0,0.0,0.0,0.0
4500005941,40,,,0.0,0.0,0.0,0.0
4500005941,50,,,0.0,0.0,0.0,0.0
4500005941,60,,,0.0,0.0,0.0,0.0
4500005941,70,,,0.0,0.0,0.0,0.0
4500005941,80,,,0.0,0.0,0.0,0.0
4500005941,90,,,0.0,0.0,0.0,0.0
4500005941,100,,,0.0,0.0,0.0,0.0
4500005941,110,,,0.0,0.0,0.0,0.0
4500005941,120,,,0.0,0.0,0.0,0.0
4500005941,130,,,0.0,0.0,0.0,0.0
4500005942,10,,,7247.79,7247.79,0.0,0.0
4500005942,20,,,8251.33,8251.33,0.0,0.0
4500005942,30,,,0.0,0.0,0.0,0.0
4500005942,40,,,0.0,0.0,0.0,0.0
4500005942,50,,,414.16,414.16,0.0,0.0
4500005943,10,,,33950.23,33950.23,0.0,0.0
4500005944,10,,,0.0,0.0,0.0,0.0
4500005944,20,,,3527.26,3527.26,0.0,0.0
4500005944,30,,,0.0,0.0,0.0,0.0
4500005944,40,,,4831.86,4831.86,0.0,0.0
4500005944,50,,,5500.88,5500.88,0.0,0.0
4500005944,60,,,0.0,0.0,0.0,0.0
4500005944,70,,,3177.79,3177.79,0.0,0.0
4500005944,80,,,3199.12,3199.12,0.0,0.0
4500005944,90,,,276.11,276.11,0.0,0.0
4500005945,10,,,46867.26,46867.26,0.0,0.0
4500005945,20,,,46867.26,46867.26,0.0,0.0
4500005946,10,,,5058.41,0.0,0.0,0.0
4500005947,10,,,210026.55,210026.55,0.0,0.0
4500005948,10,,,0.0,0.0,0.0,0.0
4500005948,20,,,6349.12,6349.12,0.0,0.0
4500005948,30,,,0.0,0.0,0.0,0.0
4500005949,10,,,1629.2,1629.2,0.0,0.0
4500005949,20,,,486.73,486.73,0.0,0.0
4500005950,10,,,929.2,929.2,0.0,0.0
4500005951,10,,,14145.93,14145.93,0.0,0.0
4500005953,10,5000015913,20230704,2125.0,2125.0,0.0,0.0
4500005953,20,5000015913,20230704,70.93,70.93,0.0,0.0
4500005954,10,,,15929.2,15929.2,0.0,0.0
4500005954,20,,,6637.17,6637.17,0.0,0.0
4500005954,30,,,3982.3,3982.3,0.0,0.0
4500005954,40,,,265.49,265.49,0.0,0.0
4500005954,50,,,3982.3,3982.3,0.0,0.0
4500005955,10,,,1989437.17,1989437.17,0.0,0.0
4500005956,10,,,1989437.17,1989437.17,0.0,0.0
4500005957,10,,,12212.39,12212.39,0.0,0.0
4500005958,10,,,211699.12,211699.12,0.0,0.0
4500005958,20,,,211699.12,211699.12,0.0,0.0
4500005959,10,,,27238.94,27238.93,0.0,0.0
4500005960,10,,,836.28,836.28,0.0,0.0
4500005960,20,,,446.02,446.02,0.0,0.0
4500005960,30,,,584.07,584.07,0.0,0.0
4500005960,40,,,11769.91,11769.91,0.0,0.0
4500005960,50,,,5734.51,5734.51,0.0,0.0
4500005960,60,,,5402.65,5402.65,0.0,0.0
4500005961,10,,,72132.74,72132.75,0.0,0.0
4500005962,10,,,955.75,1080.0,0.0,0.0
4500005963,10,,,7867.26,7868.26,0.0,0.0
4500005963,20,,,5309.73,5309.73,0.0,0.0
4500005964,10,,,158654.87,158654.86,0.0,0.0
4500005965,10,,,27552.74,27552.74,0.0,0.0
4500005965,20,,,56030.57,56030.57,0.0,0.0
4500005965,30,,,992.92,992.92,0.0,0.0
4500005965,40,,,798.67,798.67,0.0,0.0
4500005965,50,,,2100.0,2100.0,0.0,0.0
4500005965,60,,,1514.16,1514.16,0.0,0.0
4500005965,70,,,875.22,875.24,0.0,0.0
4500005965,80,,,5335.4,5335.4,0.0,0.0
4500005965,90,,,1640.35,1640.35,0.0,0.0
4500005965,100,,,653.1,653.1,0.0,0.0
4500005965,110,,,1094.87,1094.87,0.0,0.0
4500005965,120,,,453.98,453.98,0.0,0.0
4500005965,130,,,245.58,245.58,0.0,0.0
4500005966,10,,,33001.59,33001.59,0.0,0.0
4500005966,20,,,13373.89,13373.89,0.0,0.0
4500005967,10,,,0.0,0.0,0.0,0.0
4500005967,20,,,1194.69,1194.69,0.0,0.0
4500005968,10,,,98.67,98.67,0.0,0.0
4500005968,20,,,511.06,511.06,0.0,0.0
4500005968,30,,,2008.91,2008.91,0.0,0.0
4500005969,10,,,1904175.58,1914308.58,0.0,0.0
4500005970,10,,,339.82,339.82,0.0,0.0
4500005970,20,,,3129.2,3129.2,0.0,0.0
4500005970,30,,,1911.5,1911.5,0.0,0.0
4500005970,40,,,303.54,405.13,0.0,0.0
4500005970,50,,,566.37,566.37,0.0,0.0
4500005972,10,,,27035.4,27035.39,0.0,0.0
4500005975,10,,,286.73,286.73,0.0,0.0
4500005975,20,,,119.47,119.47,0.0,0.0
4500005976,10,,,4800.0,4800.0,0.0,0.0
4500005976,20,,,1858.41,1858.41,0.0,0.0
4500005976,30,,,1415.93,1415.93,0.0,0.0
4500005977,10,,,1890.18,1890.18,0.0,0.0
4500005977,20,,,1854.51,1854.51,0.0,0.0
4500005977,30,,,2995.75,2995.75,0.0,0.0
4500005977,40,,,7058.67,7058.67,0.0,0.0
4500005977,50,,,2710.44,2710.44,0.0,0.0
4500005977,60,,,6241.15,6241.15,0.0,0.0
4500005977,70,,,5917.43,5917.43,0.0,0.0
4500005977,80,,,3777.61,3777.61,0.0,0.0
4500005977,90,,,2710.44,2710.44,0.0,0.0
4500005977,100,,,6669.12,6669.12,0.0,0.0
4500005977,110,,,5741.86,5741.86,0.0,0.0
4500005977,120,,,1854.51,1854.51,0.0,0.0
4500005977,130,,,12747.02,12747.02,0.0,0.0
4500005977,140,,,6134.16,6134.16,0.0,0.0
4500005978,10,,,2787.62,2787.62,0.0,0.0
4500005979,10,,,7433.63,7433.63,0.0,0.0
4500005980,20,,,566.37,566.37,0.0,0.0
4500005980,30,,,283.19,283.19,0.0,0.0
4500005980,40,,,283.19,283.19,0.0,0.0
4500005981,10,,,139787.61,139787.61,0.0,0.0
4500005982,10,,,623.89,623.89,0.0,0.0
4500005982,20,,,57.52,57.52,0.0,0.0
4500005983,10,,,1003.54,960.18,0.0,0.0
4500005984,10,,,99398.23,99398.23,0.0,0.0
4500005985,10,,,4867.26,4867.26,0.0,0.0
4500005985,20,,,2123.89,2123.89,0.0,0.0
4500005985,30,,,1504.42,1504.42,0.0,0.0
4500005985,40,,,1399.11,1399.11,0.0,0.0
4500005986,10,,,263.72,263.72,0.0,0.0
4500005987,10,,,2300.88,2300.88,0.0,0.0
4500005988,10,,,1979.47,1979.47,0.0,0.0
4500005988,20,,,1979.47,1979.47,0.0,0.0
4500005988,30,,,9181.59,9181.59,0.0,0.0
4500005988,40,,,9181.59,9181.59,0.0,0.0
4500005988,50,,,10225.49,10225.49,0.0,0.0
4500005988,60,,,4380.53,4380.53,0.0,0.0
4500005988,70,,,4380.53,4380.53,0.0,0.0
4500005988,80,,,5424.42,5424.42,0.0,0.0
4500005988,90,,,5424.42,5424.42,0.0,0.0
4500005988,100,,,934.51,934.51,0.0,0.0
4500005988,110,,,934.51,934.51,0.0,0.0
4500005988,120,,,6414.42,6414.42,0.0,0.0
4500005989,10,,,4070.8,4070.8,0.0,0.0
4500005989,20,,,305.31,305.31,0.0,0.0
4500005989,30,,,1119.47,1119.47,0.0,0.0
4500005989,40,,,10685.84,10685.84,0.0,0.0
4500005989,50,,,203.54,203.54,0.0,0.0
4500005989,60,,,3460.18,3460.18,0.0,0.0
4500005989,70,,,5699.12,5699.12,0.0,0.0
4500005990,10,5000013113,20230612,1102927.43,1097329.2,0.0,0.0
4500005991,10,,,477.88,477.88,0.0,0.0
4500005991,20,,,1734.51,1734.51,0.0,0.0
4500005991,30,,,584.07,584.07,0.0,0.0
4500005991,40,,,6035.4,6035.4,0.0,0.0
4500005991,50,,,1261.06,1261.06,0.0,0.0
4500005991,60,,,867.26,867.26,0.0,0.0
4500005991,70,,,5433.63,5433.63,0.0,0.0
4500005991,80,,,2641.59,2641.59,0.0,0.0
4500005991,90,,,70.8,70.8,0.0,0.0
4500005991,100,,,690.27,690.27,0.0,0.0
4500005991,110,,,2867.26,2867.26,0.0,0.0
4500005991,120,,,2265.49,2265.49,0.0,0.0
4500005991,130,,,584.07,584.07,0.0,0.0
4500005991,140,,,1504.42,1504.42,0.0,0.0
4500005992,10,,,635.68,635.68,0.0,0.0
4500005993,10,5000013147,20230612,120707.96,120707.96,0.0,0.0
4500005994,10,,,442.48,442.48,0.0,0.0
4500005995,10,,,60634.51,60634.51,0.0,0.0
4500005995,20,,,26118.8,26118.8,0.0,0.0
4500005995,30,,,58534.51,58534.51,0.0,0.0
4500005995,40,,,3615.16,3615.16,0.0,0.0
4500005995,50,,,1676.77,1676.77,0.0,0.0
4500005996,10,,,240.71,240.71,0.0,0.0
4500005996,20,,,113.27,113.27,0.0,0.0
4500005996,30,,,208.85,208.85,0.0,0.0
4500005996,40,,,1424.78,1424.78,0.0,0.0
4500005996,50,,,345.13,345.13,0.0,0.0
4500005997,10,,,9738.8,9738.8,0.0,0.0
4500005997,20,,,10463.04,10463.04,0.0,0.0
4500005998,10,,,0.0,0.0,0.0,0.0
4500005998,20,,,0.0,0.0,0.0,0.0
4500005998,30,,,0.0,0.0,0.0,0.0
4500005999,10,,,548.67,548.67,0.0,0.0
4500005999,20,,,53.1,53.1,0.0,0.0
4500005999,30,,,81.42,81.42,0.0,0.0
4500005999,40,,,17.7,17.7,0.0,0.0
4500006000,10,,,1247.79,1247.79,0.0,0.0
4500006000,20,,,1380.53,1380.53,0.0,0.0
4500006000,30,,,1380.53,1380.53,0.0,0.0
4500006000,40,,,1690.27,1690.27,0.0,0.0
4500006000,50,,,1690.27,1690.22,0.0,0.0
4500006000,60,,,2424.78,2424.78,0.0,0.0
4500006000,70,,,2424.78,2424.78,0.0,0.0
4500006001,10,,,1690.27,1690.27,0.0,0.0
4500006001,20,,,1690.27,1690.27,0.0,0.0
4500006001,30,,,2424.78,2424.78,0.0,0.0
4500006001,40,,,2424.78,2424.78,0.0,0.0
4500006001,50,,,2424.78,2424.78,0.0,0.0
4500006002,10,,,1247.79,1247.79,0.0,0.0
4500006002,20,,,1380.53,1380.53,0.0,0.0
4500006002,30,,,1690.27,1690.27,0.0,0.0
4500006002,40,,,1690.27,1690.27,0.0,0.0
4500006002,50,,,2424.78,2424.78,0.0,0.0
4500006002,60,,,2424.78,2424.78,0.0,0.0
4500006003,10,,,1380.53,1380.53,0.0,0.0
4500006003,20,,,1380.53,1380.53,0.0,0.0
4500006003,30,,,1247.79,1247.79,0.0,0.0
4500006003,40,,,1247.79,1247.79,0.0,0.0
4500006003,50,,,1247.79,1247.79,0.0,0.0
4500006003,60,,,1380.53,1380.53,0.0,0.0
4500006003,70,,,1690.27,1690.27,0.0,0.0
4500006003,80,,,1690.27,1690.27,0.0,0.0
4500006003,90,,,2424.78,2424.78,0.0,0.0
4500006004,10,,,1194.69,1194.69,0.0,0.0
4500006005,10,,,72828.99,61048.92,0.0,0.0
4500006006,10,,,40104.42,40104.42,0.0,0.0
4500006007,10,,,451.33,451.33,0.0,0.0
4500006007,20,,,2123.89,2123.89,0.0,0.0
4500006007,30,,,1699.12,1699.12,0.0,0.0
4500006008,10,,,6637.17,6637.17,0.0,0.0
4500006009,10,,,871.69,871.69,0.0,0.0
4500006010,10,,,3026.55,3026.55,0.0,0.0
4500006010,20,,,2323.01,2323.01,0.0,0.0
4500006010,30,,,2522.12,2522.12,0.0,0.0
4500006011,10,,,3097.35,3097.35,0.0,0.0
4500006012,10,5000015250,20230629,1120075.22,1096066.2,0.0,0.0
4500006013,10,,,8070.8,8070.8,0.0,0.0
4500006014,10,,,52212.57,52212.56,0.0,0.0
4500006014,20,,,14917.88,14917.88,0.0,0.0
4500006014,30,,,69532.3,69532.3,0.0,0.0
4500006014,40,,,102654.69,102654.69,0.0,0.0
4500006014,50,,,92709.56,92709.56,0.0,0.0
4500006015,10,,,4646.02,4646.02,0.0,0.0
4500006017,10,,,400.0,400.0,0.0,0.0
4500006017,20,,,420.0,420.0,0.0,0.0
4500006018,10,,,1136821.24,1136821.24,0.0,0.0
4500006019,10,,,0.0,0.0,0.0,0.0
4500006019,20,,,0.0,0.0,0.0,0.0
4500006019,30,,,0.0,0.0,0.0,0.0
4500006019,40,,,2132.74,2132.74,0.0,0.0
4500006019,50,,,2132.74,2132.74,0.0,0.0
4500006020,10,,,33950.23,33950.23,0.0,0.0
4500006021,10,,,247.79,247.79,0.0,0.0
4500006021,20,,,230.09,230.09,0.0,0.0
4500006021,70,,,704.42,704.42,0.0,0.0
4500006021,90,,,2336.28,2336.28,0.0,0.0
4500006021,100,,,8141.59,8141.59,0.0,0.0
4500006022,10,,,1139.82,1139.82,0.0,0.0
4500006022,20,,,3150.44,3150.44,0.0,0.0
4500006023,10,,,1247.79,1247.79,0.0,0.0
4500006023,20,,,1380.53,1380.53,0.0,0.0
4500006023,30,,,1380.53,1380.53,0.0,0.0
4500006023,40,,,1690.27,1690.27,0.0,0.0
4500006023,50,,,1716.81,1690.27,0.0,0.0
4500006023,60,,,1690.27,1690.27,0.0,0.0
4500006024,10,,,123.89,123.89,0.0,0.0
4500006024,20,,,123.89,123.89,0.0,0.0
4500006024,30,,,190.27,190.27,0.0,0.0
4500006024,40,,,143.36,143.36,0.0,0.0
4500006024,50,,,16991.15,16991.15,0.0,0.0
4500006025,10,,,2610.18,2610.19,0.0,0.0
4500006025,20,,,256.64,256.64,0.0,0.0
4500006026,10,,,1491.33,1491.33,0.0,0.0
4500006026,20,,,971.5,971.5,0.0,0.0
4500006026,30,,,8258.76,8258.76,0.0,0.0
4500006027,10,,,22566.37,22566.37,0.0,0.0
4500006027,20,,,22566.37,22566.37,0.0,0.0
4500006028,10,,,2973.45,2973.45,0.0,0.0
4500006028,20,,,1355.04,1355.04,0.0,0.0
4500006029,10,5000013222,20230613,206548.67,206548.68,0.0,0.0
4500006030,10,,,403.54,403.54,0.0,0.0
4500006031,10,5000013226,20230613,77800.0,68849.56,0.0,0.0
4500006032,10,5000013227,20230613,95800.0,84778.76,0.0,0.0
4500006033,10,,,884.96,884.96,0.0,0.0
4500006033,20,,,3411.5,3411.5,0.0,0.0
4500006034,10,,,138.05,138.05,0.0,0.0
4500006035,10,,,17585.84,17585.84,0.0,0.0
4500006035,20,,,69557.52,69557.52,0.0,0.0
4500006035,30,,,47964.6,47964.6,0.0,0.0
4500006035,40,,,17964.6,17964.6,0.0,0.0
4500006036,10,,,6053.1,0.0,0.0,0.0
4500006036,20,,,863.72,0.0,0.0,0.0
4500006036,30,,,7546.9,0.0,0.0,0.0
4500006036,40,,,2803.54,0.0,0.0,0.0
4500006036,50,,,3504.43,0.0,0.0,0.0
4500006036,60,,,3249.56,0.0,0.0,0.0
4500006036,70,,,4077.88,0.0,0.0,0.0
4500006038,10,5000014026,20230620,1450.0,1450.0,0.0,0.0
4500006038,20,5000014026,20230620,57.2,57.2,0.0,0.0
4500006039,10,5000014067,20230620,660.0,660.0,0.0,0.0
4500006039,20,5000014067,20230620,10000.0,10000.0,0.0,0.0
4500006040,10,5000013801,20230619,372.0,372.0,0.0,0.0
4500006041,10,5000014069,20230620,20.0,20.0,0.0,0.0
4500006042,10,5000014377,20230623,345.0,345.0,0.0,0.0
4500006043,10,5000014376,20230623,241.5,241.5,0.0,0.0
4500006044,10,5000014077,20230620,330.75,330.75,0.0,0.0
4500006045,10,5000014076,20230620,294.0,294.0,0.0,0.0
4500006046,10,5000014075,20230620,390.0,0.0,0.0,0.0
4500006047,10,,,265.49,265.49,0.0,0.0
4500006048,10,,,19.47,19.47,0.0,0.0
4500006049,10,,,353.98,353.98,0.0,0.0
4500006050,10,,,637.17,0.0,0.0,0.0
4500006051,10,,,23.01,23.01,0.0,0.0
4500006051,20,,,831.86,831.86,0.0,0.0
4500006051,30,,,2867.26,2867.26,0.0,0.0
4500006051,40,,,955.75,955.75,0.0,0.0
4500006051,50,,,297.35,297.35,0.0,0.0
4500006051,60,,,126.99,126.99,0.0,0.0
4500006051,70,,,6194.69,6194.69,0.0,0.0
4500006051,80,,,3867.26,3867.26,0.0,0.0
4500006051,90,,,2548.67,2548.67,0.0,0.0
4500006052,10,5000014068,20230620,14000.0,14000.0,0.0,0.0
4500006053,10,,,489.56,492.03,0.0,0.0
4500006053,20,,,407.96,410.09,0.0,0.0
4500006054,10,5000014066,20230619,384.0,384.0,0.0,0.0
4500006055,10,5000013843,20230619,798.0,798.0,0.0,0.0
4500006056,10,5000013842,20230619,902.0,902.0,0.0,0.0
4500006057,10,,,30973.46,30973.46,0.0,0.0
4500006058,10,5000013841,20230619,902.0,902.0,0.0,0.0
4500006059,10,5000013840,20230619,871.0,871.0,0.0,0.0
4500006060,10,5000013839,20230619,798.0,798.0,0.0,0.0
4500006061,10,5000013838,20230619,902.0,902.0,0.0,0.0
4500006062,10,,,309000.0,274818.58,0.0,0.0
4500006062,20,,,16991.15,17076.12,0.0,0.0
4500006062,30,,,45265.49,45492.3,0.0,0.0
4500006062,40,,,27079.65,27215.66,0.0,0.0
4500006063,10,5000013837,20230619,2154.0,2154.0,0.0,0.0
4500006064,10,5000013836,20230619,902.0,902.0,0.0,0.0
4500006065,10,5000013835,20230619,902.0,902.0,0.0,0.0
4500006066,10,5000013834,20230619,2185.0,2185.0,0.0,0.0
4500006067,10,5000013833,20230619,882.0,882.0,0.0,0.0
4500006068,10,5000013832,20230619,2081.0,2081.0,0.0,0.0
4500006069,10,,,76106.19,76106.19,0.0,0.0
4500006070,20,,,4938.05,4962.74,0.0,0.0
4500006070,30,,,2524.78,2537.44,0.0,0.0
4500006070,40,,,1489.38,1496.87,0.0,0.0
4500006070,50,,,3448.67,3465.96,0.0,0.0
4500006071,10,5000013830,20230619,2258.0,2258.0,0.0,0.0
4500006072,10,5000013829,20230619,798.0,798.0,0.0,0.0
4500006073,10,5000013828,20230619,798.0,798.0,0.0,0.0
4500006074,10,5000013827,20230619,798.0,798.0,0.0,0.0
4500006075,10,5000013826,20230619,902.0,902.0,0.0,0.0
4500006076,10,,,1093805.31,1099274.34,0.0,0.0
4500006076,20,,,164601.77,165424.78,0.0,0.0
4500006076,30,,,75964.6,76344.42,0.0,0.0
4500006076,40,,,42123.89,42334.51,0.0,0.0
4500006076,50,,,118584.07,119178.76,0.0,0.0
4500006076,60,,,47787.61,48026.55,0.0,0.0
4500006076,70,,,0.0,0.0,0.0,0.0
4500006076,80,,,19823.01,19922.12,0.0,0.0
4500006077,10,5000013825,20230619,982.0,982.0,0.0,0.0
4500006078,10,,,130088.5,130088.5,0.0,0.0
4500006081,10,5000013824,20230619,902.0,902.0,0.0,0.0
4500006082,10,5000013822,20230619,902.0,902.0,0.0,0.0
4500006083,10,5000013821,20230619,902.0,902.0,0.0,0.0
4500006084,10,5000013820,20230619,798.0,798.0,0.0,0.0
4500006085,10,5000013809,20230619,798.0,798.0,0.0,0.0
4500006086,10,5000013808,20230619,2185.0,2185.0,0.0,0.0
4500006087,10,5000015407,20230630,93.0,93.0,0.0,0.0
4500006087,20,5000015407,20230630,155.0,155.0,0.0,0.0
4500006087,30,5000015407,20230630,93.0,93.0,0.0,0.0
4500006087,40,5000015407,20230630,147.0,147.0,0.0,0.0
4500006087,50,5000015407,20230630,165.0,162.91,0.0,0.0
4500006088,10,,,0.0,0.0,0.0,0.0
4500006088,20,,,0.0,0.0,0.0,0.0
4500006089,10,,,7000884.96,7089380.54,0.0,0.0
4500006090,10,,,0.0,0.0,0.0,0.0
4500006090,20,,,0.0,0.0,0.0,0.0
4500006091,10,,,2477.88,2192.81,0.0,0.0
4500006091,20,,,2477.88,2192.81,0.0,0.0
4500006091,30,,,176.99,156.63,0.0,0.0
4500006092,10,5000013807,20230619,2185.0,2185.0,0.0,0.0
4500006093,10,5000013806,20230619,835.0,835.0,0.0,0.0
4500006094,10,5000016247,20230707,9740.0,9740.0,0.0,0.0
4500006094,20,5000016247,20230707,5940.0,5940.0,0.0,0.0
4500006095,10,5000013805,20230619,798.0,798.0,0.0,0.0
4500006096,10,5000013804,20230619,798.0,798.0,0.0,0.0
4500006097,10,5000016394,20230707,902.0,902.0,0.0,0.0
4500006098,10,5000016248,20230707,8840.0,8840.0,0.0,0.0
4500006098,20,5000016248,20230707,5940.0,5940.0,0.0,0.0
4500006099,10,5000013800,20230619,902.0,902.0,0.0,0.0
4500006100,10,5000013799,20230619,798.0,798.0,0.0,0.0
4500006102,10,5000013798,20230619,882.0,882.0,0.0,0.0
4500006103,10,5000013797,20230619,798.0,798.0,0.0,0.0
4500006104,10,5000013796,20230619,982.0,982.0,0.0,0.0
4500006105,10,5000013795,20230619,798.0,798.0,0.0,0.0
4500006106,10,5000013794,20230619,798.0,798.0,0.0,0.0
4500006107,10,5000013793,20230619,1086.0,1086.0,0.0,0.0
4500006108,10,5000013792,20230619,798.0,798.0,0.0,0.0
4500006109,10,5000013791,20230619,902.0,902.0,0.0,0.0
4500006110,10,5000013790,20230619,882.0,882.0,0.0,0.0
4500006111,10,5000013789,20230619,798.0,798.0,0.0,0.0
4500006112,10,5000013788,20230619,1159.0,1159.0,0.0,0.0
4500006113,10,5000013787,20230619,902.0,902.0,0.0,0.0
4500006114,10,5000013786,20230619,882.0,882.0,0.0,0.0
4500006115,10,5000013785,20230619,798.0,798.0,0.0,0.0
4500006116,10,5000013784,20230619,1152.0,1152.0,0.0,0.0
4500006117,10,5000013783,20230619,1152.0,1152.0,0.0,0.0
4500006118,10,5000015389,20230630,250.0,250.0,0.0,0.0
4500006118,20,5000015389,20230630,1560.0,1560.0,0.0,0.0
4500006118,30,5000015389,20230630,200.0,200.0,0.0,0.0
4500006118,40,5000015389,20230630,1068.0,1068.0,0.0,0.0
4500006119,10,5000014797,20230627,2125.0,2125.0,0.0,0.0
4500006119,20,5000014797,20230627,83.83,83.83,0.0,0.0
4500006121,10,5000013455,20230615,31457.3,31457.3,0.0,0.0
4500006121,20,5000013455,20230615,38895.25,38895.25,0.0,0.0
4500006121,30,5000013455,20230615,30827.07,30827.07,0.0,0.0
4500006121,40,5000013455,20230615,28559.98,28559.98,0.0,0.0
4500006121,50,5000013455,20230615,38477.35,38477.35,0.0,0.0
4500006121,60,5000013455,20230615,33680.68,33680.68,0.0,0.0
4500006121,70,5000013455,20230615,44507.5,44507.5,0.0,0.0
4500006121,80,5000013455,20230615,26233.4,26233.4,0.0,0.0
4500006121,90,5000013455,20230615,24336.79,24336.79,0.0,0.0
4500006121,100,5000013455,20230615,34655.37,34655.37,0.0,0.0
4500006121,110,5000013455,20230615,34130.82,34130.82,0.0,0.0
4500006121,120,,,35285.34,35285.34,0.0,0.0
4500006122,10,5000013456,20230615,38105.87,38105.87,0.0,0.0
4500006122,20,5000013456,20230615,33465.26,33465.26,0.0,0.0
4500006122,30,5000013456,20230615,38231.72,38231.72,0.0,0.0
4500006122,40,5000013456,20230615,32486.78,32486.78,0.0,0.0
4500006122,50,5000013456,20230615,39039.58,39039.58,0.0,0.0
4500006122,60,5000013456,20230615,36283.22,36283.22,0.0,0.0
4500006122,70,5000013456,20230615,32203.12,32203.12,0.0,0.0
4500006122,80,5000013456,20230615,27713.92,27713.92,0.0,0.0
4500006122,90,5000013456,20230615,38974.66,38974.66,0.0,0.0
4500006122,100,5000013456,20230615,24846.63,24846.63,0.0,0.0
4500006122,110,5000013456,20230615,27151.2,27151.2,0.0,0.0
4500006122,120,5000013456,20230615,30531.25,30531.25,0.0,0.0
4500006122,130,5000013456,20230615,33840.13,33840.13,0.0,0.0
4500006122,140,5000013456,20230615,49020.16,49020.16,0.0,0.0
4500006123,10,,,24.78,24.78,0.0,0.0
4500006123,20,,,175.04,175.04,0.0,0.0
4500006123,30,,,0.0,0.0,0.0,0.0
4500006123,40,,,198.45,198.45,0.0,0.0
4500006123,50,,,55.31,55.31,0.0,0.0
4500006123,60,,,50.88,50.88,0.0,0.0
4500006123,70,,,174.6,174.6,0.0,0.0
4500006123,80,,,37.79,37.79,0.0,0.0
4500006123,90,,,55.31,55.31,0.0,0.0
4500006123,100,,,50.88,50.88,0.0,0.0
4500006123,110,,,174.6,174.6,0.0,0.0
4500006123,120,,,330.09,330.09,0.0,0.0
4500006123,130,,,9.91,9.91,0.0,0.0
4500006123,140,,,73.67,73.67,0.0,0.0
4500006124,10,,,161.95,161.95,0.0,0.0
4500006125,10,5000013457,20230615,29301.19,29301.19,0.0,0.0
4500006125,20,5000013457,20230615,26812.17,26812.17,0.0,0.0
4500006125,30,5000013457,20230615,30161.28,30161.28,0.0,0.0
4500006125,40,5000013457,20230615,31630.27,31630.27,0.0,0.0
4500006125,50,5000013457,20230615,45771.58,45771.58,0.0,0.0
4500006125,60,5000013457,20230615,36068.46,36068.46,0.0,0.0
4500006125,70,5000013457,20230615,35354.86,35354.86,0.0,0.0
4500006125,80,5000013457,20230615,32788.87,32788.87,0.0,0.0
4500006125,90,5000013457,20230615,31976.61,31976.61,0.0,0.0
4500006125,100,5000013457,20230615,35271.86,35271.86,0.0,0.0
4500006125,110,5000013457,20230615,31551.82,31551.82,0.0,0.0
4500006125,120,5000013457,20230615,40569.47,40569.47,0.0,0.0
4500006126,10,,,36238.94,36238.94,0.0,0.0
4500006127,10,,,9734.51,9734.51,0.0,0.0
4500006128,10,5000013458,20230615,36323.54,36323.54,0.0,0.0
4500006128,20,5000013458,20230615,29780.69,29780.69,0.0,0.0
4500006128,30,5000013458,20230615,27580.87,27580.87,0.0,0.0
4500006128,40,5000013458,20230615,24154.47,24154.47,0.0,0.0
4500006128,50,5000013458,20230615,35113.82,35113.82,0.0,0.0
4500006128,60,5000013458,20230615,30528.79,30528.79,0.0,0.0
4500006128,70,5000013458,20230615,32659.1,32659.1,0.0,0.0
4500006128,80,5000013458,20230615,30332.57,30332.57,0.0,0.0
4500006128,90,5000013458,20230615,30396.38,30396.38,0.0,0.0
4500006128,100,5000013458,20230615,28872.97,28872.97,0.0,0.0
4500006128,110,5000013458,20230615,43108.44,43108.44,0.0,0.0
4500006128,120,5000013458,20230615,32281.39,32281.39,0.0,0.0
4500006128,130,5000013458,20230615,30568.64,30568.64,0.0,0.0
4500006129,10,,,17178.94,20739.82,0.0,0.0
4500006129,20,,,1385.4,1385.4,0.0,0.0
4500006129,30,,,285.31,285.31,0.0,0.0
4500006129,40,,,1849.03,1849.03,0.0,0.0
4500006129,50,,,2485.49,2485.49,0.0,0.0
4500006129,60,,,0.0,0.0,0.0,0.0
4500006129,70,,,9749.91,9749.91,0.0,0.0
4500006129,80,,,0.0,0.0,0.0,0.0
4500006129,90,,,4718.58,4718.58,0.0,0.0
4500006129,100,,,0.0,0.0,0.0,0.0
4500006129,110,,,2416.9,2416.9,0.0,0.0
4500006129,120,,,13645.49,13645.49,0.0,0.0
4500006129,130,,,6773.36,6773.36,0.0,0.0
4500006129,140,,,1975.22,1975.22,0.0,0.0
4500006129,150,,,2249.56,2249.56,0.0,0.0
4500006129,160,,,4573.19,4573.19,0.0,0.0
4500006129,170,,,17809.91,17809.91,0.0,0.0
4500006129,180,,,7807.61,7807.61,0.0,0.0
4500006130,10,5000013459,20230615,35915.15,35915.15,0.0,0.0
4500006130,20,5000013459,20230615,38030.77,38030.77,0.0,0.0
4500006130,30,5000013459,20230615,35279.89,35279.89,0.0,0.0
4500006130,40,5000013459,20230615,33218.28,33218.28,0.0,0.0
4500006130,50,5000013459,20230615,35695.03,35695.03,0.0,0.0
4500006130,60,5000013459,20230615,36120.69,36120.69,0.0,0.0
4500006130,70,5000013459,20230615,35068.41,35068.41,0.0,0.0
4500006130,80,5000013459,20230615,36565.97,36565.97,0.0,0.0
4500006130,90,5000013459,20230615,33562.7,33562.7,0.0,0.0
4500006130,100,5000013459,20230615,36663.17,36663.17,0.0,0.0
4500006130,110,5000013459,20230615,38023.57,38023.57,0.0,0.0
4500006130,120,5000013459,20230615,41722.23,41722.23,0.0,0.0
4500006131,10,,,814.16,814.16,0.0,0.0
4500006132,10,,,4247.79,4247.79,0.0,0.0
4500006132,20,,,2389.38,2389.38,0.0,0.0
4500006132,30,,,3185.84,3185.84,0.0,0.0
4500006133,10,5000013463,20230615,38052.24,38052.24,0.0,0.0
4500006133,20,5000013463,20230615,37434.4,37434.4,0.0,0.0
4500006133,30,5000013463,20230615,36744.31,36744.31,0.0,0.0
4500006133,40,5000013463,20230615,35045.43,35045.43,0.0,0.0
4500006133,50,5000014324,20230622,40959.06,40959.06,0.0,0.0
4500006133,60,5000013463,20230615,46396.51,46396.51,0.0,0.0
4500006133,70,5000013463,20230615,35927.38,35927.38,0.0,0.0
4500006133,80,5000013463,20230615,34870.62,34870.62,0.0,0.0
4500006133,90,5000013463,20230615,34111.57,34111.57,0.0,0.0
4500006133,100,5000013463,20230615,48216.99,48216.99,0.0,0.0
4500006134,10,,,158295.22,158295.22,0.0,0.0
4500006135,10,,,1681.42,1681.42,0.0,0.0
4500006136,10,5000013333,20230614,84513.27,84252.97,0.0,0.0
4500006136,20,5000013333,20230614,6126.55,7982.72,0.0,0.0
4500006137,10,,,7079.65,7079.65,0.0,0.0
4500006138,10,,,12139.81,12139.81,0.0,0.0
4500006138,20,,,13353.96,13353.96,0.0,0.0
4500006139,10,,,8141.59,8141.59,0.0,0.0
4500006140,10,,,37522.12,37522.12,0.0,0.0
4500006141,10,5000014778,20230627,1788.0,1788.0,0.0,0.0
4500006142,10,5000018178,20230719,15245.1,15245.45,0.0,0.0
4500006143,10,5000018506,20230721,270.0,269.1,0.0,0.0
4500006143,20,5000018506,20230721,68.0,69.12,0.0,0.0
4500006143,30,5000018506,20230721,56.0,55.68,0.0,0.0
4500006143,40,5000018506,20230721,22.0,22.0,0.0,0.0
4500006144,10,5000083946,20241219,4176.0,4176.0,0.0,0.0
4500006145,10,5000013900,20230619,2428.0,2428.0,0.0,0.0
4500006146,10,5000013904,20230619,1200.0,1200.0,0.0,0.0
4500006146,20,5000013904,20230619,47.34,47.34,0.0,0.0
4500006147,10,,,3982.3,3982.3,0.0,0.0
4500006148,10,,,336.28,336.28,0.0,0.0
4500006148,20,,,722.12,722.12,0.0,0.0
4500006148,30,,,597.35,597.35,0.0,0.0
4500006148,40,,,230.09,230.09,0.0,0.0
4500006148,60,,,265.49,265.49,0.0,0.0
4500006148,70,,,345.13,345.13,0.0,0.0
4500006148,80,,,35.4,35.4,0.0,0.0
4500006148,90,,,150.44,150.44,0.0,0.0
4500006148,100,,,345.13,345.13,0.0,0.0
4500006148,110,,,973.45,973.45,0.0,0.0
4500006148,120,,,276.11,276.11,0.0,0.0
4500006148,130,,,707.96,707.96,0.0,0.0
4500006148,140,,,929.2,929.2,0.0,0.0
4500006148,150,,,20.35,20.35,0.0,0.0
4500006149,10,,,3823.01,3823.01,0.0,0.0
4500006150,10,5000013903,20230619,1100.0,1100.0,0.0,0.0
4500006150,20,5000013903,20230619,43.39,43.39,0.0,0.0
4500006151,10,,,27588.5,27588.5,0.0,0.0
4500006152,10,,,1247.79,1247.79,0.0,0.0
4500006152,20,,,1247.79,1247.79,0.0,0.0
4500006152,30,,,1247.79,1247.79,0.0,0.0
4500006152,40,,,1380.53,1380.53,0.0,0.0
4500006152,50,,,1380.53,1380.53,0.0,0.0
4500006152,60,,,1247.79,1247.79,0.0,0.0
4500006152,70,,,1380.53,1380.46,0.0,0.0
4500006152,80,,,1690.27,1690.27,0.0,0.0
4500006153,10,5000013899,20230619,2100.0,2100.0,0.0,0.0
4500006154,10,,,1247.79,1247.79,0.0,0.0
4500006154,20,,,1380.53,1380.53,0.0,0.0
4500006154,30,,,1247.79,1247.79,0.0,0.0
4500006154,40,,,1380.53,1380.53,0.0,0.0
4500006154,50,,,1690.27,1690.27,0.0,0.0
4500006154,60,,,1690.27,1690.27,0.0,0.0
4500006154,70,,,1690.27,1690.27,0.0,0.0
4500006154,80,,,1690.27,1690.27,0.0,0.0
4500006155,10,,,146.02,146.02,0.0,0.0
4500006155,20,,,159.29,159.29,0.0,0.0
4500006155,30,,,58.41,58.41,0.0,0.0
4500006155,40,,,398.23,398.23,0.0,0.0
4500006155,50,,,584.07,584.07,0.0,0.0
4500006155,60,,,230.09,230.09,0.0,0.0
4500006155,80,,,424.78,424.78,0.0,0.0
4500006155,90,,,169.91,169.91,0.0,0.0
4500006155,100,,,3794.69,3794.69,0.0,0.0
4500006155,110,,,530.97,530.97,0.0,0.0
4500006156,10,,,6036.37,6036.37,0.0,0.0
4500006156,20,,,7377.88,7377.88,0.0,0.0
4500006157,10,,,7433.63,7433.63,0.0,0.0
4500006157,20,,,309.73,309.76,0.0,0.0
4500006157,30,,,331.86,331.86,0.0,0.0
4500006157,40,,,1433.63,1433.63,0.0,0.0
4500006157,50,,,371.68,371.68,0.0,0.0
4500006157,60,,,7845.13,7845.13,0.0,0.0
4500006157,70,,,7221.24,7221.24,0.0,0.0
4500006157,80,,,7646.02,7646.02,0.0,0.0
4500006157,90,,,18305.31,18305.31,0.0,0.0
4500006157,100,,,706.19,706.19,0.0,0.0
4500006157,110,,,7845.13,7845.13,0.0,0.0
4500006157,120,,,302.65,302.65,0.0,0.0
4500006157,130,,,1911.5,1911.5,0.0,0.0
4500006157,140,,,1546.9,1546.9,0.0,0.0
4500006157,150,,,854.87,854.87,0.0,0.0
4500006157,160,,,20761.06,20761.06,0.0,0.0
4500006157,170,,,21982.3,21982.3,0.0,0.0
4500006157,180,,,405.31,405.31,0.0,0.0
4500006157,190,,,810.62,810.62,0.0,0.0
4500006157,200,,,10265.49,10265.49,0.0,0.0
4500006157,210,,,764.6,764.6,0.0,0.0
4500006157,220,,,437.17,437.17,0.0,0.0
4500006157,230,,,241.59,241.59,0.0,0.0
4500006157,240,,,318.58,318.58,0.0,0.0
4500006157,250,,,1784.07,1784.07,0.0,0.0
4500006157,260,,,9026.55,9026.55,0.0,0.0
4500006157,270,,,538.05,538.05,0.0,0.0
4500006157,280,,,297.35,297.35,0.0,0.0
4500006157,290,,,2707.96,2707.96,0.0,0.0
4500006157,300,,,2867.26,2867.26,0.0,0.0
4500006158,20,,,2123.89,2123.89,0.0,0.0
4500006158,60,,,4380.53,4380.53,0.0,0.0
4500006159,10,5000013902,20230619,1450.0,1450.0,0.0,0.0
4500006159,20,5000013902,20230619,57.2,57.2,0.0,0.0
4500006163,10,,,132212.39,132212.38,0.0,0.0
4500006163,20,,,36991.15,36991.15,0.0,0.0
4500006164,20,,,0.0,0.0,0.0,0.0
4500006165,10,,,16212.39,16212.39,0.0,0.0
4500006166,10,5000014776,20230627,4470.0,4470.0,0.0,0.0
4500006166,20,5000014776,20230627,176.33,176.33,0.0,0.0
4500006168,10,5000013897,20230619,2000.0,2000.0,0.0,0.0
4500006169,10,5000013898,20230619,1800.0,1800.0,0.0,0.0
4500006170,10,5000013466,20230615,206814.16,206814.16,0.0,0.0
4500006171,10,,,0.0,0.0,0.0,0.0
4500006171,20,,,451.33,451.33,0.0,0.0
4500006171,40,,,661.06,661.06,0.0,0.0
4500006171,50,,,382.3,382.3,0.0,0.0
4500006171,60,,,589.38,589.38,0.0,0.0
4500006171,70,,,403.54,403.54,0.0,0.0
4500006171,80,,,613.27,613.27,0.0,0.0
4500006171,90,,,828.32,828.32,0.0,0.0
4500006171,100,,,74.34,74.34,0.0,0.0
4500006171,110,,,143.36,143.36,0.0,0.0
4500006171,120,,,74.34,74.34,0.0,0.0
4500006171,130,,,691.15,691.15,0.0,0.0
4500006171,140,,,1725.66,1725.66,0.0,0.0
4500006171,150,,,955.75,955.75,0.0,0.0
4500006171,160,,,358.41,358.41,0.0,0.0
4500006171,170,,,577.5,511.06,0.0,0.0
4500006171,180,,,465.6,412.04,0.0,0.0
4500006171,190,,,945.13,945.13,0.0,0.0
4500006171,200,,,223.01,223.01,0.0,0.0
4500006171,210,,,913.27,913.27,0.0,0.0
4500006171,220,,,148.67,148.67,0.0,0.0
4500006171,230,,,585.4,585.4,0.0,0.0
4500006172,10,,,350.44,350.44,0.0,0.0
4500006172,20,,,148.14,148.14,0.0,0.0
4500006172,30,,,716.81,716.81,0.0,0.0
4500006172,40,,,1752.22,1752.22,0.0,0.0
4500006172,50,,,477.88,477.88,0.0,0.0
4500006172,60,,,265.49,265.49,0.0,0.0
4500006172,70,,,499.12,499.12,0.0,0.0
4500006172,80,,,2638.94,2638.94,0.0,0.0
4500006172,90,,,1266.37,1266.37,0.0,0.0
4500006172,100,,,4247.79,4247.79,0.0,0.0
4500006172,110,,,2097.35,2097.35,0.0,0.0
4500006172,120,,,37.17,37.17,0.0,0.0
4500006172,130,,,37.17,37.17,0.0,0.0
4500006172,140,,,175.22,175.22,0.0,0.0
4500006172,150,,,122.12,122.12,0.0,0.0
4500006172,160,,,446.02,446.02,0.0,0.0
4500006172,170,,,477.88,477.88,0.0,0.0
4500006172,180,,,63.72,63.72,0.0,0.0
4500006172,190,,,265.49,265.49,0.0,0.0
4500006172,200,,,42.48,42.48,0.0,0.0
4500006172,210,,,84.96,84.96,0.0,0.0
4500006172,220,,,515.04,515.04,0.0,0.0
4500006173,10,,,929.2,929.2,0.0,0.0
4500006173,20,,,630.8,630.8,0.0,0.0
4500006173,30,,,276.11,276.11,0.0,0.0
4500006173,40,,,47.79,47.79,0.0,0.0
4500006173,50,,,164.6,164.6,0.0,0.0
4500006173,60,,,5681.42,5681.42,0.0,0.0
4500006173,70,,,24.96,24.96,0.0,0.0
4500006173,80,,,217.7,217.7,0.0,0.0
4500006173,90,,,151.33,151.33,0.0,0.0
4500006173,100,,,106.19,106.19,0.0,0.0
4500006173,110,,,743.36,743.36,0.0,0.0
4500006173,120,,,84.96,84.96,0.0,0.0
4500006173,130,,,732.74,732.74,0.0,0.0
4500006173,140,,,1008.85,1008.85,0.0,0.0
4500006173,150,,,1526.55,1526.55,0.0,0.0
4500006173,160,,,2591.15,2591.15,0.0,0.0
4500006173,170,,,515.04,515.04,0.0,0.0
4500006173,180,,,191.15,191.15,0.0,0.0
4500006173,190,,,92.92,92.92,0.0,0.0
4500006173,200,,,53.1,53.1,0.0,0.0
4500006173,210,,,100.88,100.88,0.0,0.0
4500006173,220,,,207.08,207.08,0.0,0.0
4500006175,10,,,26.55,26.55,0.0,0.0
4500006175,20,,,584.07,584.07,0.0,0.0
4500006175,30,,,84.96,84.96,0.0,0.0
4500006175,40,,,92.92,92.92,0.0,0.0
4500006175,50,,,236.28,236.28,0.0,0.0
4500006175,60,,,5238.94,5238.94,0.0,0.0
4500006175,70,,,1991.15,2256.64,0.0,0.0
4500006175,80,,,1040.71,1040.71,0.0,0.0
4500006175,90,,,520.35,520.35,0.0,0.0
4500006175,100,,,58.41,58.41,0.0,0.0
4500006176,10,,,40486.73,40689.82,0.0,0.0
4500006176,20,,,82300.88,82712.39,0.0,0.0
4500006176,30,,,24823.01,24947.79,0.0,0.0
4500006176,40,,,57477.88,57765.93,0.0,0.0
4500006177,10,,,252212.39,253473.45,0.0,0.0
4500006178,10,5000013482,20230615,25310.1,25310.1,0.0,0.0
4500006178,20,5000013482,20230615,31302.42,31302.42,0.0,0.0
4500006178,30,5000013482,20230615,38037.43,38037.43,0.0,0.0
4500006178,40,5000013482,20230615,34430.62,34430.62,0.0,0.0
4500006178,50,5000013482,20230615,36880.96,36880.96,0.0,0.0
4500006178,60,5000013482,20230615,34115.28,34115.28,0.0,0.0
4500006178,70,5000013482,20230615,32915.8,32915.8,0.0,0.0
4500006178,80,5000013482,20230615,34981.11,34981.11,0.0,0.0
4500006178,90,5000013482,20230615,49246.47,49246.47,0.0,0.0
4500006178,100,5000013482,20230615,48648.02,48648.02,0.0,0.0
4500006178,110,5000018569,20230701,32180.59,32180.59,0.0,0.0
4500006178,120,5000013482,20230615,42200.73,42200.73,0.0,0.0
4500006178,130,5000013482,20230615,30754.98,30754.98,0.0,0.0
4500006179,10,,,19911.5,19911.5,0.0,0.0
4500006179,20,,,33185.84,33185.84,0.0,0.0
4500006179,30,,,13274.34,13274.34,0.0,0.0
4500006179,40,,,1327.43,1327.43,0.0,0.0
4500006179,50,,,3318.58,3318.58,0.0,0.0
4500006180,10,,,4232.74,4232.74,0.0,0.0
4500006180,20,,,4128.94,4128.94,0.0,0.0
4500006180,30,,,33962.74,33962.74,0.0,0.0
4500006180,40,,,3345.13,3345.13,0.0,0.0
4500006180,50,,,7847.96,7847.96,0.0,0.0
4500006180,60,,,2560.0,2560.0,0.0,0.0
4500006181,10,,,2788.97,2788.97,0.0,0.0
4500006181,20,,,13546.44,13546.43,0.0,0.0
4500006181,30,,,360.32,360.32,0.0,0.0
4500006181,40,,,58.05,0.0,0.0,0.0
4500006181,50,,,232.77,0.0,0.0,0.0
4500006181,60,,,239.19,239.18,0.0,0.0
4500006181,70,,,239.19,239.18,0.0,0.0
4500006182,10,,,12161.42,12161.42,0.0,0.0
4500006183,10,,,52.27,52.27,0.0,0.0
4500006183,20,,,22.3,0.0,0.0,0.0
4500006184,10,,,105.31,105.31,0.0,0.0
4500006185,10,,,614.34,614.34,0.0,0.0
4500006185,20,,,440.7,440.7,0.0,0.0
4500006185,30,,,2484.96,2484.96,0.0,0.0
4500006185,40,,,398.23,398.23,0.0,0.0
4500006185,50,,,233.63,233.63,0.0,0.0
4500006185,60,,,966.37,966.37,0.0,0.0
4500006185,70,,,2915.49,2915.49,0.0,0.0
4500006185,80,,,159.29,159.29,0.0,0.0
4500006185,90,,,844.25,844.25,0.0,0.0
4500006185,100,,,2867.26,2867.26,0.0,0.0
4500006185,110,,,553.1,553.1,0.0,0.0
4500006185,120,,,1858.41,1858.41,0.0,0.0
4500006185,130,,,3106.19,3106.19,0.0,0.0
4500006185,140,,,42.48,42.48,0.0,0.0
4500006185,150,,,191.15,191.15,0.0,0.0
4500006185,160,,,2256.64,2256.64,0.0,0.0
4500006185,170,,,1327.43,1327.43,0.0,0.0
4500006185,180,,,84.96,84.96,0.0,0.0
4500006185,190,,,61.06,61.06,0.0,0.0
4500006185,200,,,23.36,23.36,0.0,0.0
4500006185,210,,,11.95,11.95,0.0,0.0
4500006185,220,,,677.79,677.79,0.0,0.0
4500006185,230,,,262.83,262.83,0.0,0.0
4500006185,240,,,145.13,145.13,0.0,0.0
4500006185,250,,,191.15,191.15,0.0,0.0
4500006185,260,,,247.79,247.79,0.0,0.0
4500006185,270,,,669.03,669.03,0.0,0.0
4500006186,10,,,1415.93,1415.93,0.0,0.0
4500006186,20,,,2389.38,2389.38,0.0,0.0
4500006187,10,,,11641.59,11641.59,0.0,0.0
4500006188,10,,,3185.84,3185.84,0.0,0.0
4500006188,20,,,3185.84,3185.84,0.0,0.0
4500006189,10,,,0.0,0.0,0.0,0.0
4500006189,20,,,0.0,0.0,0.0,0.0
4500006189,30,,,0.0,0.0,0.0,0.0
4500006189,40,,,0.0,0.0,0.0,0.0
4500006189,50,,,0.0,0.0,0.0,0.0
4500006189,60,,,0.0,0.0,0.0,0.0
4500006189,70,,,0.0,0.0,0.0,0.0
4500006189,80,,,0.0,0.0,0.0,0.0
4500006189,90,,,0.0,0.0,0.0,0.0
4500006189,100,,,0.0,0.0,0.0,0.0
4500006189,110,,,0.0,0.0,0.0,0.0
4500006189,120,,,0.0,0.0,0.0,0.0
4500006189,130,,,0.0,0.0,0.0,0.0
4500006189,140,,,0.0,0.0,0.0,0.0
4500006197,10,5000014338,20230623,2350.0,2350.0,0.0,0.0
4500006197,20,5000014338,20230623,92.7,92.7,0.0,0.0
4500006197,30,5000014338,20230623,2350.0,2350.0,0.0,0.0
4500006197,40,5000014338,20230623,92.7,92.7,0.0,0.0
4500006197,50,5000014338,20230623,2350.0,2350.0,0.0,0.0
4500006197,60,5000014338,20230623,92.7,92.7,0.0,0.0
4500006197,70,5000014338,20230623,2350.0,2350.0,0.0,0.0
4500006197,80,5000014338,20230623,92.7,92.7,0.0,0.0
4500006199,10,5000014355,20230623,2650.0,2650.0,0.0,0.0
4500006199,20,5000014355,20230623,112.58,112.58,0.0,0.0
4500006201,10,5000014358,20230623,2650.0,2650.0,0.0,0.0
4500006201,20,5000014358,20230623,112.58,112.58,0.0,0.0
4500006202,10,5000014785,20230627,2650.0,2650.0,0.0,0.0
4500006202,20,5000014785,20230627,112.58,112.58,0.0,0.0
4500006204,10,5000015014,20230628,2650.0,2650.0,0.0,0.0
4500006204,20,5000015014,20230628,112.58,112.58,0.0,0.0
4500006205,10,5000015015,20230628,2650.0,2650.0,0.0,0.0
4500006205,20,5000015015,20230628,112.58,112.58,0.0,0.0
4500006206,10,5000019394,20230727,2650.0,2650.0,0.0,0.0
4500006206,20,5000019394,20230727,112.58,112.58,0.0,0.0
4500006207,10,5000014012,20230620,2650.0,2658.04,0.0,0.0
4500006207,20,5000014012,20230620,112.58,112.58,0.0,0.0
4500006208,10,5000016189,20230706,2650.0,2650.0,0.0,0.0
4500006208,20,5000016189,20230706,112.58,112.58,0.0,0.0
4500006209,10,5000015017,20230628,2650.0,2650.0,0.0,0.0
4500006209,20,5000015017,20230628,112.58,112.58,0.0,0.0
4500006210,10,5000020117,20230731,2650.0,2650.0,0.0,0.0
4500006210,20,5000020117,20230731,112.58,112.58,0.0,0.0
4500006211,10,5000014781,20230627,2650.0,2650.0,0.0,0.0
4500006211,20,5000014781,20230627,112.58,112.58,0.0,0.0
4500006212,10,5000015230,20230629,2650.0,2650.0,0.0,0.0
4500006212,20,5000015230,20230629,112.58,112.58,0.0,0.0
4500006213,10,5000014359,20230623,2650.0,2650.0,0.0,0.0
4500006213,20,5000014359,20230623,112.58,112.58,0.0,0.0
4500006214,10,5000015231,20230629,2650.0,2650.0,0.0,0.0
4500006214,20,5000015231,20230629,112.58,112.58,0.0,0.0
4500006215,10,5000015671,20230703,2650.0,2650.0,0.0,0.0
4500006215,20,5000015671,20230703,112.58,112.58,0.0,0.0
4500006216,10,5000015673,20230703,2650.0,2650.0,0.0,0.0
4500006216,20,5000015673,20230703,112.58,112.58,0.0,0.0
4500006217,10,5000015018,20230628,2650.0,2650.0,0.0,0.0
4500006217,20,5000015018,20230628,112.58,112.58,0.0,0.0
4500006218,10,5000014360,20230623,2650.0,2650.0,0.0,0.0
4500006218,20,5000014360,20230623,112.58,112.58,0.0,0.0
4500006220,10,5000014362,20230623,2650.0,2650.0,0.0,0.0
4500006220,20,5000014362,20230623,112.58,112.58,0.0,0.0
4500006222,10,5000013515,20230616,9335.2,9335.2,0.0,0.0
4500006223,10,5000013922,20230619,94.86,94.86,0.0,0.0
4500006224,10,5000013921,20230619,307.28,307.27,0.0,0.0
4500006225,10,5000013920,20230619,48.4,48.4,0.0,0.0
4500006225,20,5000013920,20230619,29.93,29.93,0.0,0.0
4500006225,30,5000013920,20230619,63.88,63.88,0.0,0.0
4500006225,40,5000013920,20230619,35.95,35.95,0.0,0.0
4500006225,50,5000013920,20230619,83.36,83.36,0.0,0.0
4500006225,60,5000013920,20230619,50.0,50.0,0.0,0.0
4500006230,10,,,26061.95,26061.94,0.0,0.0
4500006230,20,,,3621.24,3621.24,0.0,0.0
4500006230,40,,,3440.71,3440.65,0.0,0.0
4500006230,50,,,1920.35,1920.35,0.0,0.0
4500006230,60,,,1152.21,1152.21,0.0,0.0
4500006231,10,,,5309.73,5309.74,0.0,0.0
4500006232,10,5000013918,20230619,85.0,85.0,0.0,0.0
4500006232,20,5000013918,20230619,100.0,100.0,0.0,0.0
4500006232,30,5000013918,20230619,85.0,85.0,0.0,0.0
4500006233,10,,,18407.08,18407.08,0.0,0.0
4500006234,10,5000013917,20230619,1762.0,1762.0,0.0,0.0
4500006235,10,5000014361,20230623,2650.0,2650.0,0.0,0.0
4500006235,20,5000014361,20230623,112.58,112.58,0.0,0.0
4500006236,10,5000014783,20230627,2650.0,2650.0,0.0,0.0
4500006236,20,5000014783,20230627,112.58,112.58,0.0,0.0
4500006238,10,,,173.45,173.45,0.0,0.0
4500006239,10,5000013545,20230616,3908.0,195.4,0.0,0.0
4500006240,10,5000013782,20230619,1081.8,1081.8,0.0,0.0
4500006240,20,5000013782,20230619,440.0,440.0,0.0,0.0
4500006240,30,5000013782,20230619,1363.0,1363.0,0.0,0.0
4500006240,40,5000013782,20230619,773.0,773.0,0.0,0.0
4500006240,50,5000013782,20230619,270.0,270.0,0.0,0.0
4500006240,60,5000013782,20230619,155.0,155.0,0.0,0.0
4500006240,70,5000013782,20230619,800.0,800.0,0.0,0.0
4500006240,80,5000013782,20230619,4332.0,4332.0,0.0,0.0
4500006240,90,5000013782,20230619,97.2,97.2,0.0,0.0
4500006240,100,5000013782,20230619,1746.0,1746.0,0.0,0.0
4500006241,10,,,28.5,28.5,0.0,0.0
4500006242,10,,,109.73,109.73,0.0,0.0
4500006242,20,,,232.3,232.3,0.0,0.0
4500006243,10,,,594690.27,594690.27,0.0,0.0
4500006244,10,,,504424.78,506946.9,0.0,0.0
4500006245,20,5000018261,20230719,4400.0,4400.0,0.0,0.0
4500006245,30,5000018261,20230719,40.0,40.0,0.0,0.0
4500006246,10,,,0.0,0.0,1550.0,-1550.0
4500006247,10,,,0.0,0.0,15675.0,-15675.0
4500006249,10,5000013578,20230616,137699.12,137699.12,0.0,0.0
4500006250,10,,,1150.0,1150.0,0.0,0.0
4500006251,10,5000013580,20230616,206548.67,206548.68,0.0,0.0
4500006252,10,5000018327,20230720,1500.0,1500.0,0.0,0.0
4500006252,20,5000018327,20230720,1500.0,1500.0,0.0,0.0
4500006252,30,5000018327,20230720,1500.0,1500.0,0.0,0.0
4500006252,40,5000018327,20230720,1500.0,1500.0,0.0,0.0
4500006252,50,5000018327,20230720,1500.0,1500.0,0.0,0.0
4500006253,10,5000014022,20230620,1450.0,1450.0,0.0,0.0
4500006253,20,5000014022,20230620,61.6,61.6,0.0,0.0
4500006254,10,5000014849,20230627,2750.0,2750.0,0.0,0.0
4500006254,20,5000014004,20230620,116.83,116.83,0.0,0.0
4500006255,10,5000013916,20230619,2156.82,2156.82,0.0,0.0
4500006257,10,5000014017,20230620,1450.0,1450.0,0.0,0.0
4500006257,20,5000014017,20230620,61.6,61.6,0.0,0.0
4500006257,30,5000014017,20230620,1450.0,1450.0,0.0,0.0
4500006257,40,5000014017,20230620,61.6,61.6,0.0,0.0
4500006258,10,5000013915,20230619,2375.0,2375.0,0.0,0.0
4500006260,10,5000017828,20230718,3900.0,3900.0,0.0,0.0
4500006260,20,5000017828,20230718,165.68,165.68,0.0,0.0
4500006260,30,5000018419,20230720,3900.0,3900.0,0.0,0.0
4500006260,40,5000018419,20230720,165.68,165.68,0.0,0.0
4500006261,10,,,7256.64,7256.64,0.0,0.0
4500006262,10,,,4247.79,4247.79,0.0,0.0
4500006263,10,,,13982.3,13982.3,0.0,0.0
4500006263,20,,,0.0,0.0,0.0,0.0
4500006264,10,,,3982.3,3982.3,0.0,0.0
4500006265,10,,,1875755.04,1875940.78,0.0,0.0
4500006266,10,,,1619.47,1619.47,0.0,0.0
4500006267,10,,,8504.42,8504.42,0.0,0.0
4500006267,20,,,8504.42,8504.42,0.0,0.0
4500006267,30,,,8230.09,8230.09,0.0,0.0
4500006267,40,,,8230.09,8230.09,0.0,0.0
4500006268,10,,,33950.23,33950.23,0.0,0.0
4500006269,10,,,814.16,814.16,0.0,0.0
4500006270,10,,,5267.26,5012.39,0.0,0.0
4500006271,10,,,117049.91,117049.91,0.0,0.0
4500006271,20,,,267084.96,267084.96,0.0,0.0
4500006271,30,,,279300.0,279300.0,0.0,0.0
4500006271,40,,,5619.47,5619.47,0.0,0.0
4500006272,10,,,22699.12,22812.61,0.0,0.0
4500006273,10,,,442.48,442.48,0.0,0.0
4500006274,10,,,12194.07,12194.07,0.0,0.0
4500006274,20,,,12194.07,12194.07,0.0,0.0
4500006274,30,,,495.58,495.58,0.0,0.0
4500006274,40,,,431.33,431.33,0.0,0.0
4500006275,10,,,442.48,442.48,0.0,0.0
4500006275,20,,,442.48,442.48,0.0,0.0
4500006275,30,,,663.72,663.72,0.0,0.0
4500006275,40,,,663.72,663.72,0.0,0.0
4500006276,10,,,1592.92,1592.92,0.0,0.0
4500006276,20,,,2384.96,2384.96,0.0,0.0
4500006276,30,,,2035.4,2035.4,0.0,0.0
4500006277,10,,,2542.73,2542.73,0.0,0.0
4500006280,10,,,49450.44,49450.44,0.0,0.0
4500006282,10,5000013712,20230617,838938.05,842529.7,0.0,0.0
4500006282,20,5000013712,20230617,6126.55,8020.77,0.0,0.0
4500006282,30,5000013712,20230617,6126.55,8020.77,0.0,0.0
4500006282,40,5000013712,20230617,6126.55,8020.77,0.0,0.0
4500006282,50,5000013712,20230617,6126.55,8020.77,0.0,0.0
4500006282,60,5000013712,20230617,6126.55,8020.77,0.0,0.0
4500006282,70,5000013712,20230617,6126.55,8020.77,0.0,0.0
4500006282,80,5000013712,20230617,6126.55,8020.77,0.0,0.0
4500006282,90,5000013712,20230617,6126.55,8020.77,0.0,0.0
4500006282,100,5000013712,20230617,6126.55,8020.77,0.0,0.0
4500006282,110,5000013712,20230617,6126.55,8020.77,0.0,0.0
4500006283,10,5000013715,20230617,676106.19,674023.76,0.0,0.0
4500006283,20,5000013715,20230617,6126.55,8020.77,0.0,0.0
4500006283,30,5000013715,20230617,6126.55,8020.77,0.0,0.0
4500006283,40,5000013715,20230617,6126.55,8020.77,0.0,0.0
4500006283,50,5000013715,20230617,6126.55,8020.77,0.0,0.0
4500006283,60,5000013715,20230617,6126.55,8020.77,0.0,0.0
4500006283,70,5000013715,20230617,6126.55,8020.77,0.0,0.0
4500006283,80,5000013715,20230617,6126.55,8020.77,0.0,0.0
4500006283,90,5000013715,20230617,6126.55,8020.77,0.0,0.0
4500006284,10,,,1465.49,1465.49,0.0,0.0
4500006285,10,,,14867.26,14867.26,0.0,0.0
4500006286,10,,,722.12,722.12,0.0,0.0
4500006287,10,,,0.0,0.0,0.0,0.0
4500006288,10,,,6872.92,6872.92,0.0,0.0
4500006288,20,,,33504.42,33504.42,0.0,0.0
4500006288,30,,,22336.28,22336.28,0.0,0.0
4500006288,40,,,15808.85,15808.85,0.0,0.0
4500006288,50,,,19761.06,19761.06,0.0,0.0
4500006288,60,,,25361.95,25361.95,0.0,0.0
4500006288,70,,,33504.42,33504.42,0.0,0.0
4500006288,80,,,43814.16,43814.16,0.0,0.0
4500006288,90,,,6902.65,6902.65,0.0,0.0
4500006288,100,,,12886.73,12886.73,0.0,0.0
4500006289,10,,,26548.67,26548.67,0.0,0.0
4500006290,10,,,975.66,975.66,0.0,0.0
4500006290,20,,,956.15,956.15,0.0,0.0
4500006290,30,,,1951.33,1951.33,0.0,0.0
4500006290,40,,,1951.33,1951.33,0.0,0.0
4500006290,50,,,1717.17,1717.17,0.0,0.0
4500006290,60,,,975.66,975.66,0.0,0.0
4500006290,70,,,663.72,663.72,0.0,0.0
4500006290,80,,,663.72,663.72,0.0,0.0
4500006290,90,,,1305.31,1305.31,0.0,0.0
4500006290,100,,,24336.28,24336.28,0.0,0.0
4500006290,110,,,24336.28,24336.28,0.0,0.0
4500006290,120,,,1309.73,1309.73,0.0,0.0
4500006291,10,,,9292.04,9292.04,0.0,0.0
4500006292,10,,,5309.73,5309.73,0.0,0.0
4500006292,20,,,38893.81,38893.81,0.0,0.0
4500006294,10,,,433628.32,433628.3,0.0,0.0
4500006295,10,,,64053.1,64053.1,0.0,0.0
4500006298,10,,,549.0,0.0,0.0,0.0
4500006298,20,,,755.75,0.0,0.0,0.0
4500006298,30,,,2787.61,0.0,0.0,0.0
4500006299,20,,,63646.02,63646.02,0.0,0.0
4500006300,10,,,1725.66,1725.66,0.0,0.0
4500006301,10,,,1847334.51,1857165.04,0.0,0.0
4500006303,10,,,216371.68,216371.68,0.0,0.0
4500006303,20,,,40247.79,40247.79,0.0,0.0
4500006304,10,,,1221.24,1221.24,0.0,0.0
4500006305,10,,,248495.58,270619.46,0.0,0.0
4500006306,10,,,2431.42,2431.42,0.0,0.0
4500006306,20,,,2431.42,2431.42,0.0,0.0
4500006307,10,,,929.2,929.2,0.0,0.0
4500006307,20,,,1858.41,1858.41,0.0,0.0
4500006308,10,,,0.0,0.0,0.0,0.0
4500006309,10,5000013849,20230619,22011.0,22011.0,0.0,0.0
4500006310,10,5000013848,20230619,316.8,316.8,0.0,0.0
4500006311,10,5000013847,20230619,31.77,31.77,0.0,0.0
4500006311,20,5000013847,20230619,16.5,16.5,0.0,0.0
4500006312,10,5000013846,20230619,226.0,226.0,0.0,0.0
4500006312,20,5000013846,20230619,95.0,95.0,0.0,0.0
4500006312,30,5000013846,20230619,28.0,28.0,0.0,0.0
4500006313,10,5000013844,20230619,24.76,24.76,0.0,0.0
4500006313,20,5000013844,20230619,31.77,31.77,0.0,0.0
4500006313,30,5000013844,20230619,18.0,18.0,0.0,0.0
4500006313,40,5000013844,20230619,13.64,13.64,0.0,0.0
4500006313,50,5000013844,20230619,25.6,25.6,0.0,0.0
4500006313,60,5000013844,20230619,16.2,16.2,0.0,0.0
4500006313,70,5000013844,20230619,10.72,10.72,0.0,0.0
4500006313,80,5000013844,20230619,10.0,10.0,0.0,0.0
4500006314,10,5000013912,20230616,2200.0,2200.0,0.0,0.0
4500006315,10,5000013913,20230619,440.0,440.0,0.0,0.0
4500006315,20,5000013913,20230619,300.0,300.0,0.0,0.0
4500006316,10,5000014802,20230627,1200.0,1200.0,0.0,0.0
4500006316,20,5000014802,20230627,50.98,50.98,0.0,0.0
4500006317,10,,,0.0,0.0,0.0,0.0
4500006318,10,,,7566.37,7566.37,0.0,0.0
4500006319,10,,,465.49,465.49,0.0,0.0
4500006320,10,,,398.23,398.23,0.0,0.0
4500006321,10,,,2371.68,2371.68,0.0,0.0
4500006322,10,,,294378.76,294378.76,0.0,0.0
4500006322,20,,,17256.64,17256.64,0.0,0.0
4500006322,30,,,10353.98,10353.98,0.0,0.0
4500006322,40,,,8628.32,8628.32,0.0,0.0
4500006323,10,,,14001769.91,14178761.07,0.0,0.0
4500006324,10,5000013853,20230619,3539.82,3539.82,0.0,0.0
4500006325,10,,,72.57,72.57,0.0,0.0
4500006325,20,,,72.57,72.57,0.0,0.0
4500006326,10,,,929.2,929.2,0.0,0.0
4500006326,20,,,64.16,64.16,0.0,0.0
4500006327,10,,,4444.25,4252.22,0.0,0.0
4500006328,10,5000013892,20230619,900.0,1032.0,0.0,0.0
4500006328,20,5000013892,20230619,1340.0,1540.0,0.0,0.0
4500006328,30,5000013892,20230619,460.4,464.0,0.0,0.0
4500006328,40,5000013892,20230619,429.5,429.52,0.0,0.0
4500006328,50,5000086032,20241231,7954.8,6160.0,0.0,0.0
4500006328,60,5000013892,20230619,670.0,831.2,0.0,0.0
4500006328,70,5000013892,20230619,1890.0,1891.0,0.0,0.0
4500006328,80,5000013892,20230619,1735.0,1735.0,0.0,0.0
4500006328,90,5000013892,20230619,8400.0,400.64,0.0,0.0
4500006328,100,5000013892,20230619,3710.0,3854.69,0.0,0.0
4500006328,110,5000013892,20230619,450.0,273.0,0.0,0.0
4500006329,10,,,25.0,25.0,0.0,0.0
4500006330,10,5000015752,20230703,1350.0,1350.0,0.0,0.0
4500006330,20,5000015752,20230703,57.35,57.35,0.0,0.0
4500006331,10,5000015748,20230703,1200.0,1200.0,0.0,0.0
4500006331,20,5000015748,20230703,50.98,50.98,0.0,0.0
4500006333,10,5000014081,20230620,2340.0,2340.0,0.0,0.0
4500006333,20,5000014081,20230620,1755.0,1755.0,0.0,0.0
4500006333,30,5000014081,20230620,955.0,955.0,0.0,0.0
4500006333,40,5000014081,20230620,11520.0,11520.0,0.0,0.0
4500006333,50,5000014081,20230620,730.0,730.0,0.0,0.0
4500006333,60,5000014081,20230620,4590.0,4590.0,0.0,0.0
4500006333,70,5000014081,20230620,2295.0,2295.0,0.0,0.0
4500006333,80,5000014081,20230620,795.0,795.0,0.0,0.0
4500006333,90,5000014081,20230620,4270.0,4270.0,0.0,0.0
4500006333,100,5000014081,20230620,690.0,690.0,0.0,0.0
4500006334,10,,,345132.74,345132.74,0.0,0.0
4500006335,10,,,8040.71,8040.71,0.0,0.0
4500006336,10,,,809.68,809.68,0.0,0.0
4500006336,30,,,643.81,643.81,0.0,0.0
4500006336,40,,,86.02,86.02,0.0,0.0
4500006336,50,,,541.59,541.59,0.0,0.0
4500006336,60,,,1104.42,1104.42,0.0,0.0
4500006336,70,,,68.81,68.81,0.0,0.0
4500006336,80,,,321.24,321.24,0.0,0.0
4500006336,90,,,1318.94,1318.94,0.0,0.0
4500006336,100,,,329.56,329.56,0.0,0.0
4500006336,110,,,86.73,86.73,0.0,0.0
4500006336,120,,,233.63,233.63,0.0,0.0
4500006336,130,,,345.66,345.66,0.0,0.0
4500006336,140,,,547.96,547.96,0.0,0.0
4500006336,150,,,722.12,722.12,0.0,0.0
4500006336,160,,,1175.22,1175.22,0.0,0.0
4500006336,170,,,0.0,0.0,0.0,0.0
4500006336,180,,,1106.19,1106.19,0.0,0.0
4500006336,190,,,252.74,252.74,0.0,0.0
4500006336,200,,,2953.27,2953.27,0.0,0.0
4500006336,210,,,223.01,223.01,0.0,0.0
4500006336,220,,,382.3,382.3,0.0,0.0
4500006336,230,,,2322.12,2322.12,0.0,0.0
4500006336,240,,,464.6,464.6,0.0,0.0
4500006336,250,,,216.64,216.64,0.0,0.0
4500006336,260,,,134.07,134.07,0.0,0.0
4500006336,270,,,1042.48,1042.48,0.0,0.0
4500006336,280,,,441.77,441.77,0.0,0.0
4500006336,290,,,174.87,174.87,0.0,0.0
4500006336,300,,,460.18,460.18,0.0,0.0
4500006336,310,,,199.12,199.12,0.0,0.0
4500006336,320,,,66.37,66.37,0.0,0.0
4500006336,330,,,153.45,153.45,0.0,0.0
4500006336,340,,,0.0,0.0,0.0,0.0
4500006336,350,,,95.58,95.58,0.0,0.0
4500006336,360,,,318.58,318.58,0.0,0.0
4500006336,380,,,292.04,292.04,0.0,0.0
4500006336,390,,,88.5,88.5,0.0,0.0
4500006336,400,,,185.84,185.84,0.0,0.0
4500006336,410,,,185.84,185.84,0.0,0.0
4500006336,420,,,1176.11,1176.11,0.0,0.0
4500006336,440,,,597.35,597.35,0.0,0.0
4500006336,450,,,102.65,102.65,0.0,0.0
4500006336,460,,,265.49,265.49,0.0,0.0
4500006336,470,,,184.07,184.07,0.0,0.0
4500006336,480,,,97.35,97.35,0.0,0.0
4500006336,490,,,973.45,973.45,0.0,0.0
4500006336,500,,,378.76,378.76,0.0,0.0
4500006336,510,,,867.26,867.26,0.0,0.0
4500006336,530,,,101.77,101.77,0.0,0.0
4500006336,540,,,101.77,101.77,0.0,0.0
4500006336,550,,,481.98,481.98,0.0,0.0
4500006336,560,,,551.77,551.77,0.0,0.0
4500006336,570,,,832.57,832.57,0.0,0.0
4500006336,580,,,239.29,239.29,0.0,0.0
4500006336,590,,,230.09,230.09,0.0,0.0
4500006336,600,,,150.44,150.44,0.0,0.0
4500006336,610,,,1915.04,1915.04,0.0,0.0
4500006336,680,,,398.23,398.23,0.0,0.0
4500006336,690,,,143.81,143.81,0.0,0.0
4500006336,700,,,212.39,212.39,0.0,0.0
4500006336,710,,,4.96,4.96,0.0,0.0
4500006336,720,,,185.84,185.84,0.0,0.0
4500006336,730,,,0.0,0.0,0.0,0.0
4500006336,740,,,79.29,79.29,0.0,0.0
4500006336,750,,,79.29,79.29,0.0,0.0
4500006336,760,,,159.29,153.32,0.0,0.0
4500006336,770,,,840.71,840.71,0.0,0.0
4500006336,780,,,0.0,0.0,0.0,0.0
4500006336,790,,,0.0,0.0,0.0,0.0
4500006336,810,,,253.98,253.98,0.0,0.0
4500006336,820,,,66.38,66.38,0.0,0.0
4500006336,830,,,314.21,314.21,0.0,0.0
4500006336,840,,,0.0,0.0,0.0,0.0
4500006337,10,,,2602.48,2602.48,0.0,0.0
4500006337,70,,,3862.65,3862.65,0.0,0.0
4500006337,80,,,2661.95,2661.95,0.0,0.0
4500006337,90,,,1999.29,1999.29,0.0,0.0
4500006337,100,,,2942.3,2942.3,0.0,0.0
4500006337,110,,,4128.85,4128.85,0.0,0.0
4500006338,50,,,1024.15,1024.15,0.0,0.0
4500006338,60,,,659.82,659.82,0.0,0.0
4500006338,70,,,659.82,659.82,0.0,0.0
4500006338,80,,,0.0,0.0,0.0,0.0
4500006338,90,,,0.0,0.0,0.0,0.0
4500006338,100,,,0.0,0.0,0.0,0.0
4500006338,110,,,0.0,0.0,0.0,0.0
4500006338,120,,,0.0,0.0,0.0,0.0
4500006339,10,,,107327.43,107327.44,0.0,0.0
4500006339,30,,,138477.88,138477.88,0.0,0.0
4500006340,10,5000014777,20230627,440.0,440.0,0.0,0.0
4500006340,20,5000014777,20230627,100.0,100.0,0.0,0.0
4500006341,10,5000014003,20230620,570.0,570.42,0.0,0.0
4500006341,20,5000014003,20230620,364.0,363.65,0.0,0.0
4500006341,30,5000014003,20230620,1410.0,1118.0,0.0,0.0
4500006341,40,5000014003,20230620,552.48,552.48,0.0,0.0
4500006341,50,5000014003,20230620,130.0,135.0,0.0,0.0
4500006341,60,5000014003,20230620,225.0,136.5,0.0,0.0
4500006341,70,5000014003,20230620,264.0,263.9,0.0,0.0
4500006341,80,,,0.24,297.36,0.0,0.0
4500006341,90,5000014003,20230620,422.0,250.0,0.0,0.0
4500006341,100,5000014003,20230620,496.0,495.0,0.0,0.0
4500006342,10,,,120610.62,0.0,0.0,0.0
4500006342,20,,,204077.88,0.0,0.0,0.0
4500006342,30,,,350907.08,0.0,0.0,0.0
4500006342,40,,,8070.8,0.0,0.0,0.0
4500006342,90,,,15212.39,0.0,0.0,0.0
4500006343,20,,,778.76,778.76,0.0,0.0
4500006343,30,,,6244.25,6244.25,0.0,0.0
4500006343,40,,,5401.77,5401.77,0.0,0.0
4500006343,60,,,2258.41,2258.41,0.0,0.0
4500006344,10,,,318.58,318.58,0.0,0.0
4500006345,10,,,10753.98,10753.98,0.0,0.0
4500006345,20,,,16141.59,16141.59,0.0,0.0
4500006346,10,,,110.62,113.94,0.0,0.0
4500006347,10,5000014780,20230627,2650.0,2650.0,0.0,0.0
4500006347,20,5000014780,20230627,120.62,120.62,0.0,0.0
4500006348,10,5000015669,20230703,4470.0,4470.0,0.0,0.0
4500006348,20,5000015669,20230703,203.46,203.46,0.0,0.0
4500006349,10,5000015379,20230630,2750.0,2750.0,0.0,0.0
4500006349,20,5000015379,20230630,125.17,125.17,0.0,0.0
4500006350,10,5000015675,20230703,2650.0,2650.0,0.0,0.0
4500006350,20,5000015675,20230703,120.62,120.62,0.0,0.0
4500006351,10,,,178455.4,178455.4,0.0,0.0
4500006352,10,,,7235.84,7235.84,0.0,0.0
4500006353,10,,,3995.58,3724.25,0.0,0.0
4500006354,10,,,18982.3,18982.3,0.0,0.0
4500006354,20,,,5522.12,5522.12,0.0,0.0
4500006354,30,,,17203.54,17203.54,0.0,0.0
4500006354,40,,,4513.27,4513.27,0.0,0.0
4500006354,50,,,8628.32,8628.32,0.0,0.0
4500006355,10,,,6504.42,6504.42,0.0,0.0
4500006355,20,,,199.12,199.12,0.0,0.0
4500006355,30,,,199.12,199.12,0.0,0.0
4500006355,50,,,1592.92,1592.92,0.0,0.0
4500006355,60,,,5044.25,5044.25,0.0,0.0
4500006355,70,,,2986.73,2986.73,0.0,0.0
4500006355,80,,,6504.42,6504.42,0.0,0.0
4500006355,100,,,199.12,199.12,0.0,0.0
4500006355,110,,,199.12,199.12,0.0,0.0
4500006355,120,,,5044.25,5044.25,0.0,0.0
4500006355,130,,,2986.73,2986.73,0.0,0.0
4500006355,150,,,75.0,66.37,0.0,0.0
4500006355,160,,,75.0,66.37,0.0,0.0
4500006355,170,,,0.0,0.0,0.0,0.0
4500006355,180,,,0.0,0.0,0.0,0.0
4500006355,190,,,0.0,0.0,0.0,0.0
4500006357,10,,,1977.89,1977.87,0.0,0.0
4500006357,20,,,1977.89,1977.89,0.0,0.0
4500006358,10,,,584.07,584.07,0.0,0.0
4500006358,20,,,340.71,340.71,0.0,0.0
4500006359,10,,,260.0,260.0,0.0,0.0
4500006360,10,,,30398.23,30398.22,0.0,0.0
4500006360,20,,,3451.33,3451.33,0.0,0.0
4500006360,30,,,3451.33,3451.33,0.0,0.0
4500006360,40,,,1592.92,1592.92,0.0,0.0
4500006360,50,,,1991.15,1991.14,0.0,0.0
4500006360,60,,,1991.15,1991.14,0.0,0.0
4500006361,10,,,13568.14,13568.14,0.0,0.0
4500006361,20,,,41150.44,41150.44,0.0,0.0
4500006361,30,,,16991.15,16991.15,0.0,0.0
4500006361,40,,,1160.18,1160.18,0.0,0.0
4500006361,50,,,969.91,969.91,0.0,0.0
4500006362,10,,,25221.24,25347.35,0.0,0.0
4500006363,10,,,47787.61,47787.61,0.0,0.0
4500006363,20,,,100221.24,100221.24,0.0,0.0
4500006363,30,,,17920.35,17920.35,0.0,0.0
4500006364,10,,,14796.46,14796.46,0.0,0.0
4500006364,20,,,15150.44,15150.44,0.0,0.0
4500006364,30,,,15823.01,15823.01,0.0,0.0
4500006364,40,,,16176.99,16176.99,0.0,0.0
4500006364,50,,,4038.94,4038.94,0.0,0.0
4500006364,60,,,1169.91,1169.91,0.0,0.0
4500006364,70,,,1633.63,1633.63,0.0,0.0
4500006364,80,,,2007.08,2007.08,0.0,0.0
4500006365,10,,,73407.08,73407.08,0.0,0.0
4500006365,20,,,75265.49,75265.49,0.0,0.0
4500006366,10,,,6823.01,0.0,0.0,0.0
4500006366,20,,,69946.9,0.0,0.0,0.0
4500006367,10,,,2336.28,2336.28,0.0,0.0
4500006367,20,,,389.38,389.38,0.0,0.0
4500006368,10,,,2743.36,2743.36,0.0,0.0
4500006369,10,,,0.0,0.0,0.0,0.0
4500006369,20,,,0.0,0.0,0.0,0.0
4500006369,30,,,0.0,0.0,0.0,0.0
4500006370,10,,,20783.19,20887.44,0.0,0.0
4500006370,20,,,45575.22,45803.54,0.0,0.0
4500006371,10,,,49115.04,49115.04,0.0,0.0
4500006372,10,,,141.59,142.3,0.0,0.0
4500006372,20,,,148.67,149.38,0.0,0.0
4500006372,30,,,761.06,764.6,0.0,0.0
4500006372,40,,,54690.27,54963.72,0.0,0.0
4500006372,50,,,796.46,800.44,0.0,0.0
4500006373,10,,,47150.44,47150.44,0.0,0.0
4500006373,20,,,47150.44,47150.44,0.0,0.0
4500006373,30,,,15929.2,15929.2,0.0,0.0
4500006373,40,,,15929.2,15929.2,0.0,0.0
4500006373,50,,,196247.79,196247.79,0.0,0.0
4500006375,10,,,61048.92,51497.2,0.0,0.0
4500006376,10,5000018044,20230718,283185.84,283185.82,0.0,0.0
4500006377,10,,,247.79,247.79,0.0,0.0
4500006377,20,,,6.9,6.9,0.0,0.0
4500006377,30,,,73.45,73.45,0.0,0.0
4500006378,10,,,105600.0,105600.0,0.0,0.0
4500006379,10,,,17256.64,17256.64,0.0,0.0
4500006380,10,,,28539.82,28539.82,0.0,0.0
4500006381,10,,,21769.91,21769.91,0.0,0.0
4500006381,20,,,10513.27,10513.27,0.0,0.0
4500006382,10,,,14700.0,14700.0,0.0,0.0
4500006382,20,,,212.39,212.39,0.0,0.0
4500006382,30,,,212.39,212.39,0.0,0.0
4500006383,10,,,65309.73,65309.73,0.0,0.0
4500006384,10,,,4911.5,4911.0,0.0,0.0
4500006385,10,,,15929.2,15929.2,0.0,0.0
4500006385,20,,,1592.92,1592.92,0.0,0.0
4500006385,30,,,3982.3,3982.3,0.0,0.0
4500006385,40,,,6371.68,6371.68,0.0,0.0
4500006386,10,,,11102.65,11102.65,0.0,0.0
4500006386,20,,,9208.41,9208.41,0.0,0.0
4500006386,30,,,5928.32,5928.32,0.0,0.0
4500006387,10,,,312.74,312.74,0.0,0.0
4500006387,20,,,1231.77,1231.77,0.0,0.0
4500006387,30,,,1308.58,1308.58,0.0,0.0
4500006388,10,,,14778.76,14778.76,0.0,0.0
4500006389,10,,,5456741.95,5466929.87,0.0,0.0
4500006390,10,,,3837151.59,3839377.97,0.0,0.0
4500006391,10,,,120743.36,120743.36,0.0,0.0
4500006392,10,,,81106.19,81106.19,0.0,0.0
4500006394,10,,,2455.75,2455.75,0.0,0.0
4500006395,10,,,10670.8,10670.8,0.0,0.0
4500006395,20,,,2343.36,2343.36,0.0,0.0
4500006395,30,,,907.96,907.96,0.0,0.0
4500006395,40,,,491.15,491.15,0.0,0.0
4500006395,50,,,1750.44,1750.44,0.0,0.0
4500006395,60,,,1985.84,1985.84,0.0,0.0
4500006395,70,,,1597.35,1597.35,0.0,0.0
4500006395,80,,,70925.17,70925.17,0.0,0.0
4500006395,90,,,1306.19,1306.19,0.0,0.0
4500006395,100,,,1824.78,1824.78,0.0,0.0
4500006395,110,,,3028.32,3028.32,0.0,0.0
4500006395,120,,,4200.0,4200.0,0.0,0.0
4500006395,130,,,45462.03,45462.03,0.0,0.0
4500006396,10,,,2389.38,2389.38,0.0,0.0
4500006396,20,,,5376.11,5376.11,0.0,0.0
4500006396,30,,,2787.61,2787.61,0.0,0.0
4500006396,40,,,663.72,663.72,0.0,0.0
4500006396,50,,,3185.84,3185.84,0.0,0.0
4500006396,60,,,5973.45,5973.45,0.0,0.0
4500006396,70,,,1725.66,1725.66,0.0,0.0
4500006396,80,,,7035.4,7035.4,0.0,0.0
4500006396,90,,,1327.43,1327.43,0.0,0.0
4500006396,100,,,464.6,464.6,0.0,0.0
4500006396,110,,,398.23,398.23,0.0,0.0
4500006396,120,,,1061.95,1061.95,0.0,0.0
4500006397,10,,,1150.44,1150.44,0.0,0.0
4500006397,20,,,1150.44,1150.44,0.0,0.0
4500006398,10,,,0.0,0.0,0.0,0.0
4500006398,20,,,1533.19,1533.19,0.0,0.0
4500006398,30,,,592.04,592.04,0.0,0.0
4500006399,10,,,64159.29,64159.28,0.0,0.0
4500006399,20,,,4867.26,3185.84,0.0,0.0
4500006399,30,,,4955.75,4867.26,0.0,0.0
4500006399,40,,,7433.63,7345.14,0.0,0.0
4500006400,10,5000015378,20230630,2750.0,2750.0,0.0,0.0
4500006400,20,5000015378,20230630,125.17,125.17,0.0,0.0
4500006401,10,5000014786,20230627,2650.0,2650.0,0.0,0.0
4500006401,20,5000014786,20230627,120.62,120.62,0.0,0.0
4500006404,10,5000013997,20230620,370000.0,9250.0,0.0,0.0
4500006404,20,5000013997,20230620,431680.0,10792.0,0.0,0.0
4500006404,30,5000013997,20230620,73.85,73.85,0.0,0.0
4500006404,40,5000013997,20230620,1805.4,1805.4,0.0,0.0
4500006404,50,5000013997,20230620,750.0,750.0,0.0,0.0
4500006404,60,5000013997,20230620,256025.0,731.5,0.0,0.0
4500006405,10,5000013998,20230620,1315.0,1312.5,0.0,0.0
4500006405,20,5000013998,20230620,1315.0,1312.5,0.0,0.0
4500006405,30,5000013998,20230620,1155.6,1155.6,0.0,0.0
4500006405,40,5000013998,20230620,1083.5,1083.5,0.0,0.0
4500006405,50,5000013998,20230620,405.5,985.0,0.0,0.0
4500006405,60,5000013998,20230620,639.6,486.6,0.0,0.0
4500006407,10,,,2768.5,2768.5,0.0,0.0
4500006407,20,,,408.85,408.84,0.0,0.0
4500006407,30,,,70.09,70.09,0.0,0.0
4500006407,40,,,93.45,93.45,0.0,0.0
4500006407,50,,,379.65,379.65,0.0,0.0
4500006408,10,,,7079.65,7079.64,0.0,0.0
4500006408,20,,,6902.65,6902.64,0.0,0.0
4500006409,10,,,0.0,0.0,0.0,0.0
4500006410,10,,,3341.59,3341.6,0.0,0.0
4500006410,20,,,159.29,159.29,0.0,0.0
4500006411,70,,,394.6,394.6,0.0,0.0
4500006411,80,,,346.9,346.9,0.0,0.0
4500006412,10,5000015774,20230703,2650.0,2650.0,0.0,0.0
4500006412,20,5000015774,20230703,120.62,120.62,0.0,0.0
4500006414,10,5000014326,20230622,85.0,85.0,0.0,0.0
4500006414,20,5000014326,20230622,85.0,85.0,0.0,0.0
4500006414,30,5000014326,20230622,85.0,85.0,0.0,0.0
4500006415,10,,,2460.18,2460.18,0.0,0.0
4500006415,20,,,272.57,272.57,0.0,0.0
4500006415,30,,,456.64,456.64,0.0,0.0
4500006415,40,,,122.12,122.12,0.0,0.0
4500006415,50,,,139.82,139.82,0.0,0.0
4500006415,60,,,350.44,350.44,0.0,0.0
4500006415,70,,,221.24,221.24,0.0,0.0
4500006415,80,,,199.12,199.12,0.0,0.0
4500006416,10,,,299.29,299.35,0.0,0.0
4500006416,20,,,299.29,299.29,0.0,0.0
4500006416,30,,,411.95,411.95,0.0,0.0
4500006416,40,,,915.53,915.53,0.0,0.0
4500006416,50,,,588.5,588.5,0.0,0.0
4500006416,60,,,1109.73,1109.73,0.0,0.0
4500006416,70,,,369.91,369.91,0.0,0.0
4500006416,80,,,576.73,576.73,0.0,0.0
4500006416,90,,,1109.73,1109.73,0.0,0.0
4500006416,100,,,374.12,374.12,0.0,0.0
4500006416,110,,,598.58,598.58,0.0,0.0
4500006416,120,,,331.55,331.55,0.0,0.0
4500006416,130,,,855.0,855.0,0.0,0.0
4500006416,140,,,623.81,623.81,0.0,0.0
4500006416,150,,,195.66,195.66,0.0,0.0
4500006416,160,,,57.84,57.84,0.0,0.0
4500006417,20,,,3419.47,3419.47,0.0,0.0
4500006417,30,,,744.0,744.0,0.0,0.0
4500006417,50,,,515.68,515.68,0.0,0.0
4500006417,60,,,3220.0,3220.0,0.0,0.0
4500006417,90,,,672.0,672.0,0.0,0.0
4500006417,100,,,441.37,441.37,0.0,0.0
4500006417,110,,,1414.91,1414.91,0.0,0.0
4500006417,120,,,0.0,0.0,0.0,0.0
4500006417,130,,,2548.67,2548.67,0.0,0.0
4500006417,140,,,625.84,625.84,0.0,0.0
4500006417,150,,,955.76,955.76,0.0,0.0
4500006418,10,5000014367,20230623,6600.0,6600.0,0.0,0.0
4500006418,20,5000014367,20230623,1320.0,1320.0,0.0,0.0
4500006419,10,,,6487.65,6487.66,0.0,0.0
4500006420,10,,,66690.8,66690.8,0.0,0.0
4500006420,20,,,74843.19,74843.19,0.0,0.0
4500006421,10,,,3238.94,3238.94,0.0,0.0
4500006421,20,,,28393.81,28393.81,0.0,0.0
4500006422,10,,,44.25,44.25,0.0,0.0
4500006422,20,,,672.57,672.57,0.0,0.0
4500006422,30,,,35.4,35.4,0.0,0.0
4500006423,20,5000014378,20230623,640.0,640.0,0.0,0.0
4500006423,30,5000014378,20230623,190.0,190.0,0.0,0.0
4500006424,10,,,98938.05,98938.05,0.0,0.0
4500006425,10,,,10796.46,10796.46,0.0,0.0
4500006426,10,,,31061.94,30796.46,0.0,0.0
4500006427,10,5000016144,20230706,2650.0,2650.0,0.0,0.0
4500006427,20,5000016144,20230706,120.62,120.62,0.0,0.0
4500006429,10,,,63716.81,63716.81,0.0,0.0
4500006429,20,,,131415.93,131415.93,0.0,0.0
4500006429,30,,,18584.07,18584.07,0.0,0.0
4500006430,10,,,223893.82,223893.81,0.0,0.0
4500006430,20,,,41858.41,41858.41,0.0,0.0
4500006430,30,,,138053.1,138053.1,0.0,0.0
4500006431,10,5000015749,20230703,1200.0,1200.0,0.0,0.0
4500006431,20,5000015749,20230703,54.62,54.62,0.0,0.0
4500006432,10,,,266814.16,266814.17,0.0,0.0
4500006433,10,,,4509.73,4509.73,0.0,0.0
4500006434,10,,,19.65,19.65,0.0,0.0
4500006434,20,,,2455.76,2455.75,0.0,0.0
4500006434,30,,,2323.01,2323.01,0.0,0.0
4500006434,40,,,2688.5,2688.5,0.0,0.0
4500006434,50,,,110.62,110.62,0.0,0.0
4500006436,10,,,16261.06,16261.06,0.0,0.0
4500006437,10,5000028506,20231004,168000.0,168000.0,0.0,0.0
4500006439,10,5000015400,20230630,396.0,396.0,0.0,0.0
4500006439,20,5000015400,20230630,396.0,396.0,0.0,0.0
4500006439,30,5000015400,20230630,25.0,25.0,0.0,0.0
4500006440,10,5000015747,20230703,1200.0,1200.0,0.0,0.0
4500006440,20,5000015747,20230703,56.62,56.62,0.0,0.0
4500006442,10,,,4088495.58,4068229.24,0.0,0.0
4500006444,10,,,0.0,0.0,0.0,0.0
4500006445,10,5000022175,20230815,7240.87,8025.67,0.0,0.0
4500006446,10,5000014095,20230620,595703.84,560405.19,0.0,0.0
4500006447,10,,,0.0,0.0,0.0,0.0
4500006447,20,,,0.0,0.0,0.0,0.0
4500006448,10,5000014097,20230620,461942.69,0.0,0.0,0.0
4500006449,10,5000014098,20230620,759389.35,0.0,0.0,0.0
4500006450,10,5000016340,20230707,50.0,50.0,0.0,0.0
4500006450,20,5000016340,20230707,50.0,50.0,0.0,0.0
4500006450,30,5000016340,20230707,50.0,50.0,0.0,0.0
4500006450,40,5000016340,20230707,50.0,50.0,0.0,0.0
4500006450,50,5000016340,20230707,50.0,50.0,0.0,0.0
4500006450,60,5000016340,20230707,50.0,50.0,0.0,0.0
4500006451,10,5000014099,20230620,759389.35,0.0,0.0,0.0
4500006452,10,5000014101,20230620,461942.69,0.0,0.0,0.0
4500006453,10,5000014102,20230620,461942.69,0.0,0.0,0.0
4500006454,10,5000014104,20230620,461942.69,473657.77,0.0,0.0
4500006455,10,5000014106,20230620,461942.69,0.0,0.0,0.0
4500006456,10,5000014107,20230620,759389.35,0.0,0.0,0.0
4500006457,10,5000014109,20230620,759389.35,0.0,0.0,0.0
4500006458,10,5000014110,20230620,505837.3,0.0,0.0,0.0
4500006459,10,5000014111,20230620,461942.69,0.0,0.0,0.0
4500006460,10,5000014112,20230620,461942.69,0.0,0.0,0.0
4500006461,10,,,919946.9,884548.66,0.0,0.0
4500006461,20,,,244200.88,205001.77,0.0,0.0
4500006461,30,,,1228630.09,997309.72,0.0,0.0
4500006462,10,,,0.0,0.0,0.0,0.0
4500006463,10,,,1075.22,1075.22,0.0,0.0
4500006464,10,5000021744,20230811,117.7,117.7,0.0,0.0
4500006464,20,5000014897,20230628,25.35,25.35,0.0,0.0
4500006464,30,5000016682,20230711,50.0,50.0,0.0,0.0
4500006464,40,5000014897,20230628,64.68,64.68,0.0,0.0
4500006464,50,5000014897,20230628,191.9,191.9,0.0,0.0
4500006465,10,,,13008.85,13008.85,0.0,0.0
4500006466,10,5000016273,20230707,150.0,150.0,0.0,0.0
4500006466,20,5000016274,20230707,150.0,150.0,0.0,0.0
4500006467,10,,,23584.07,18960.18,0.0,0.0
4500006467,20,,,10575.22,10000.0,0.0,0.0
4500006467,30,,,9734.51,8938.05,0.0,0.0
4500006467,40,,,19823.01,18048.67,0.0,0.0
4500006467,50,,,7610.62,6088.5,0.0,0.0
4500006468,10,,,0.0,0.0,0.0,0.0
4500006469,10,,,2258.41,2258.41,0.0,0.0
4500006470,10,,,420.35,420.34,0.0,0.0
4500006471,10,,,4035.4,4035.4,0.0,0.0
4500006472,10,,,14246.68,14246.68,0.0,0.0
4500006472,20,,,23744.47,23744.47,0.0,0.0
4500006472,30,,,47488.94,47488.94,0.0,0.0
4500006473,10,5000085439,20241231,17671.5,17671.5,0.0,0.0
4500006474,10,,,1247.79,1247.79,0.0,0.0
4500006474,20,,,1380.53,1380.53,0.0,0.0
4500006474,30,,,2424.78,2424.78,0.0,0.0
4500006474,40,,,1380.53,1380.53,0.0,0.0
4500006474,50,,,1380.53,1380.53,0.0,0.0
4500006474,60,,,1690.27,1690.27,0.0,0.0
4500006474,70,,,1690.27,1690.27,0.0,0.0
4500006475,10,,,1380.53,1380.53,0.0,0.0
4500006475,20,,,1380.53,1380.53,0.0,0.0
4500006475,30,,,1380.53,1380.53,0.0,0.0
4500006475,40,,,1380.53,1380.53,0.0,0.0
4500006475,50,,,1247.79,1247.79,0.0,0.0
4500006475,60,,,1247.79,1247.79,0.0,0.0
4500006475,70,,,1380.53,1380.53,0.0,0.0
4500006475,80,,,1380.53,1380.53,0.0,0.0
4500006475,90,,,1690.27,1690.27,0.0,0.0
4500006476,10,,,1380.53,1380.53,0.0,0.0
4500006476,20,,,1247.79,1247.79,0.0,0.0
4500006476,30,,,1380.53,1380.53,0.0,0.0
4500006476,40,,,1380.53,1380.53,0.0,0.0
4500006476,50,,,1690.27,1690.27,0.0,0.0
4500006476,60,,,2424.78,2424.78,0.0,0.0
4500006476,70,,,2424.78,2424.78,0.0,0.0
4500006476,80,,,2424.78,2424.78,0.0,0.0
4500006477,10,,,135575.22,135575.22,0.0,0.0
4500006478,10,,,1380.53,1380.53,0.0,0.0
4500006478,20,,,1247.79,1247.79,0.0,0.0
4500006478,30,,,1247.79,1247.79,0.0,0.0
4500006478,40,,,1690.27,1690.27,0.0,0.0
4500006478,50,,,2424.78,2424.78,0.0,0.0
4500006478,60,,,2424.78,2424.78,0.0,0.0
4500006478,70,,,2424.78,2424.78,0.0,0.0
4500006478,80,,,2424.78,2424.78,0.0,0.0
4500006479,10,,,1247.79,1247.72,0.0,0.0
4500006479,20,,,1247.79,1247.79,0.0,0.0
4500006479,30,,,1247.79,1247.79,0.0,0.0
4500006479,40,,,1380.53,1380.53,0.0,0.0
4500006479,50,,,1380.53,1380.53,0.0,0.0
4500006479,60,,,1247.79,1247.79,0.0,0.0
4500006479,70,,,1247.79,1247.79,0.0,0.0
4500006479,80,,,1690.27,1690.27,0.0,0.0
4500006479,90,,,2424.78,2424.78,0.0,0.0
4500006480,10,5000014145,20230620,120707.96,120707.96,0.0,0.0
4500006481,10,5000014148,20230620,191150.44,191150.44,0.0,0.0
4500006482,10,5000014150,20230620,191150.44,150780.53,0.0,0.0
4500006482,20,5000014150,20230620,191150.44,150780.53,0.0,0.0
4500006483,10,,,442.48,442.48,0.0,0.0
4500006484,10,,,960.18,960.18,0.0,0.0
4500006485,10,5000014156,20230620,206814.16,206814.16,0.0,0.0
4500006485,20,5000014156,20230620,206814.16,206814.16,0.0,0.0
4500006486,10,,,196460.18,197442.48,0.0,0.0
4500006486,20,,,48141.59,48382.3,0.0,0.0
4500006486,30,,,47787.61,48026.55,0.0,0.0
4500006487,10,,,16.0,16.0,0.0,0.0
4500006487,20,,,89.11,90.0,0.0,0.0
4500006487,30,,,100.0,100.0,0.0,0.0
4500006488,10,,,105.31,105.31,0.0,0.0
4500006488,20,,,152.0,134.51,0.0,0.0
4500006488,30,,,339.82,339.82,0.0,0.0
4500006488,40,,,138.05,138.05,0.0,0.0
4500006488,50,,,94.69,94.69,0.0,0.0
4500006488,60,,,137.17,137.17,0.0,0.0
4500006488,70,,,169.03,169.03,0.0,0.0
4500006489,10,,,12.74,12.74,0.0,0.0
4500006489,20,,,23.01,23.01,0.0,0.0
4500006489,30,,,13.81,13.81,0.0,0.0
4500006489,40,,,24.42,24.42,0.0,0.0
4500006489,50,,,274.34,274.34,0.0,0.0
4500006489,60,,,29.38,29.38,0.0,0.0
4500006489,70,,,6.6,5.84,0.0,0.0
4500006489,80,,,42.48,42.48,0.0,0.0
4500006490,10,,,24.78,24.78,0.0,0.0
4500006490,20,,,44.25,44.25,0.0,0.0
4500006490,30,,,13.27,13.27,0.0,0.0
4500006491,10,,,1985.84,1985.84,0.0,0.0
4500006491,20,,,329.2,329.2,0.0,0.0
4500006491,30,,,5877.88,5877.88,0.0,0.0
4500006491,40,,,446.02,446.02,0.0,0.0
4500006491,50,,,1115.04,1115.04,0.0,0.0
4500006491,60,,,538.94,538.94,0.0,0.0
4500006491,70,,,594.69,594.69,0.0,0.0
4500006491,80,,,254.87,254.87,0.0,0.0
4500006491,90,,,7741.59,7741.59,0.0,0.0
4500006491,100,,,573.45,573.45,0.0,0.0
4500006491,110,,,212.39,212.39,0.0,0.0
4500006491,120,,,451.33,451.33,0.0,0.0
4500006491,130,,,451.33,451.33,0.0,0.0
4500006491,140,,,823.01,823.01,0.0,0.0
4500006491,150,,,706.19,706.19,0.0,0.0
4500006491,160,,,828.32,828.32,0.0,0.0
4500006491,170,,,151.33,151.33,0.0,0.0
4500006491,180,,,143.36,143.36,0.0,0.0
4500006491,190,,,669.03,669.03,0.0,0.0
4500006491,200,,,265.49,265.49,0.0,0.0
4500006491,210,,,557.52,557.52,0.0,0.0
4500006491,220,,,557.52,557.52,0.0,0.0
4500006491,230,,,87.61,87.61,0.0,0.0
4500006491,240,,,71.68,71.68,0.0,0.0
4500006491,250,,,1093.81,1093.81,0.0,0.0
4500006491,260,,,169.91,169.91,0.0,0.0
4500006491,270,,,647.79,647.79,0.0,0.0
4500006491,280,,,499.12,499.12,0.0,0.0
4500006493,10,,,884.96,884.96,0.0,0.0
4500006493,20,,,1769.91,1769.91,0.0,0.0
4500006493,30,,,2654.87,2654.87,0.0,0.0
4500006494,10,,,13274.34,12743.36,0.0,0.0
4500006494,20,,,3716.81,3716.81,0.0,0.0
4500006494,30,,,4247.79,4247.79,0.0,0.0
4500006495,10,,,12831.86,12831.86,0.0,0.0
4500006496,10,,,12389.38,12389.38,0.0,0.0
4500006497,10,,,9026.55,9026.55,0.0,0.0
4500006497,20,,,1805.31,1805.31,0.0,0.0
4500006498,10,,,29203.54,29203.54,0.0,0.0
4500006499,10,,,10035.4,10035.4,0.0,0.0
4500006499,20,,,4778.76,4778.76,0.0,0.0
4500006499,30,,,10513.27,10513.27,0.0,0.0
4500006499,40,,,1035.4,1035.4,0.0,0.0
4500006500,10,,,1115.04,1115.04,0.0,0.0
4500006500,20,,,557.52,557.52,0.0,0.0
4500006500,30,,,1858.41,1858.41,0.0,0.0
4500006501,10,,,4587.61,4587.61,0.0,0.0
4500006501,20,,,31221.24,31221.24,0.0,0.0
4500006502,10,,,14469.03,14469.03,0.0,0.0
4500006502,20,,,26194.69,25486.73,0.0,0.0
4500006502,30,,,94247.79,94247.79,0.0,0.0
4500006503,10,,,29734.51,29734.51,0.0,0.0
4500006504,10,,,37911.5,37911.5,0.0,0.0
4500006504,20,,,99557.52,99557.52,0.0,0.0
4500006504,30,,,74654.87,75079.65,0.0,0.0
4500006505,10,5000015750,20230703,1100.0,1100.0,0.0,0.0
4500006505,20,5000015750,20230703,50.07,50.07,0.0,0.0
4500006506,10,5000015674,20230703,2650.0,2650.0,0.0,0.0
4500006506,20,5000015674,20230703,120.62,120.62,0.0,0.0
4500006507,10,5000015751,20230703,1200.0,1200.0,0.0,0.0
4500006507,20,5000015751,20230703,54.62,54.62,0.0,0.0
4500006508,10,5000014748,20230627,880.0,800.0,0.0,0.0
4500006510,10,5000015380,20230630,8622.9,8622.9,0.0,0.0
4500006510,20,,,0.0,0.0,0.0,0.0
4500006510,30,5000015380,20230630,267.5,267.5,0.0,0.0
4500006511,10,5000027049,20230920,700.0,700.0,0.0,0.0
4500006515,10,,,0.0,0.0,0.0,0.0
4500006517,10,5000014327,20230622,153.6,153.6,0.0,0.0
4500006518,10,,,0.0,0.0,0.0,0.0
4500006519,10,,,0.0,0.0,0.0,0.0
4500006520,10,5000015672,20230703,2650.0,2650.0,0.0,0.0
4500006520,20,5000015672,20230703,120.62,120.62,0.0,0.0
4500006521,10,,,0.0,0.0,0.0,0.0
4500006522,10,,,8849.56,8849.56,0.0,0.0
4500006523,10,,,212.39,212.39,0.0,0.0
4500006523,20,,,123.89,123.89,0.0,0.0
4500006526,10,,,743.36,725.66,0.0,0.0
4500006526,20,,,1699.12,1663.72,0.0,0.0
4500006526,30,,,38230.09,36460.18,0.0,0.0
4500006526,40,,,13168.14,13026.55,0.0,0.0
4500006526,50,,,8407.08,8407.08,0.0,0.0
4500006526,60,,,1703.54,1548.67,0.0,0.0
4500006526,70,,,1035.4,1035.4,0.0,0.0
4500006526,80,,,739.12,739.12,0.0,0.0
4500006526,90,,,1353.98,1030.2,0.0,0.0
4500006526,100,,,1314.16,1314.16,0.0,0.0
4500006526,110,,,1784.07,1784.07,0.0,0.0
4500006526,120,,,795.66,795.66,0.0,0.0
4500006526,130,,,7168.14,7115.04,0.0,0.0
4500006526,140,,,2876.11,2831.86,0.0,0.0
4500006526,150,,,1369.91,1369.91,0.0,0.0
4500006526,160,,,4380.53,4380.53,0.0,0.0
4500006526,170,,,849.56,835.7,0.0,0.0
4500006526,180,,,7281.42,7281.42,0.0,0.0
4500006526,190,,,1755.58,1734.51,0.0,0.0
4500006526,200,,,3610.62,3539.82,0.0,0.0
4500006526,210,,,10515.93,10515.93,0.0,0.0
4500006526,220,,,15132.74,14867.26,0.0,0.0
4500006526,230,,,17964.6,17654.87,0.0,0.0
4500006526,240,,,849.56,835.4,0.0,0.0
4500006526,250,,,451.33,451.33,0.0,0.0
4500006526,260,,,7919.47,7816.74,0.0,0.0
4500006526,270,,,9083.01,8840.71,0.0,0.0
4500006526,280,,,25557.52,25557.52,0.0,0.0
4500006526,290,,,12884.96,12884.96,0.0,0.0
4500006526,300,,,6212.39,6212.39,0.0,0.0
4500006526,320,,,4424.78,4424.78,0.0,0.0
4500006526,340,,,2654.87,2212.39,0.0,0.0
4500006526,350,,,1238.94,1238.94,0.0,0.0
4500006526,360,,,530.97,398.23,0.0,0.0
4500006526,370,,,476.99,462.39,0.0,0.0
4500006527,10,,,0.0,0.0,0.0,0.0
4500006528,10,,,28209.98,28209.98,0.0,0.0
4500006528,20,,,4558.9,4558.92,0.0,0.0
4500006528,30,,,4951.98,4951.98,0.0,0.0
4500006529,10,,,56460.18,56460.18,0.0,0.0
4500006529,20,,,8849.56,8849.56,0.0,0.0
4500006530,10,,,3775.22,3775.22,0.0,0.0
4500006530,20,,,25168.14,25168.14,0.0,0.0
4500006530,30,,,84955.75,84955.75,0.0,0.0
4500006531,20,,,227509.73,227509.73,0.0,0.0
4500006531,30,,,16893.81,16893.81,0.0,0.0
4500006532,10,,,27630.53,27630.53,0.0,0.0
4500006532,20,,,98161.06,98161.06,0.0,0.0
4500006533,10,,,10534.51,10024.71,0.0,0.0
4500006533,20,,,15801.77,15037.17,0.0,0.0
4500006533,30,,,1274.34,1274.34,0.0,0.0
4500006534,10,,,663.72,663.72,0.0,0.0
4500006534,20,,,7398.23,7398.23,0.0,0.0
4500006535,10,,,8407.08,8407.08,0.0,0.0
4500006536,10,,,59097.35,59097.35,0.0,0.0
4500006537,10,,,6060.18,6060.18,0.0,0.0
4500006538,10,,,101946.9,101946.9,0.0,0.0
4500006539,10,,,6460.18,6460.18,0.0,0.0
4500006541,10,,,2973.45,2973.45,0.0,0.0
4500006542,10,,,65026.55,65026.55,0.0,0.0
4500006544,10,,,588.5,588.5,0.0,0.0
4500006545,10,,,5097.35,5097.34,0.0,0.0
4500006546,10,,,1592.92,1592.92,0.0,0.0
4500006547,10,,,586725.66,586725.66,0.0,0.0
4500006548,20,,,1725.66,1725.66,0.0,0.0
4500006548,30,,,1061.95,1061.95,0.0,0.0
4500006548,60,,,1672.57,1672.57,0.0,0.0
4500006548,70,,,1539.82,1539.82,0.0,0.0
4500006548,80,,,1672.57,1672.57,0.0,0.0
4500006548,90,,,1911.5,1911.5,0.0,0.0
4500006548,100,,,1539.82,1539.82,0.0,0.0
4500006548,110,,,297.35,297.35,0.0,0.0
4500006548,120,,,317.17,317.17,0.0,0.0
4500006548,130,,,356.81,356.81,0.0,0.0
4500006549,10,,,12460.19,12460.19,0.0,0.0
4500006551,10,5000014337,20230623,2750.0,2750.0,0.0,0.0
4500006551,20,5000014337,20230623,125.17,125.17,0.0,0.0
4500006551,30,5000014337,20230623,2750.0,2750.0,0.0,0.0
4500006551,40,5000014337,20230623,125.17,125.17,0.0,0.0
4500006552,10,,,7900.88,7900.88,0.0,0.0
4500006553,10,5000015385,20230630,378.95,378.95,0.0,0.0
4500006553,20,5000015385,20230630,438.48,438.48,0.0,0.0
4500006553,30,5000015385,20230630,217.64,217.67,0.0,0.0
4500006553,40,5000015385,20230630,100.0,100.0,0.0,0.0
4500006554,10,5000017314,20230714,18000.0,18000.0,0.0,0.0
4500006555,10,5000019280,20230726,4470.0,4470.0,0.0,0.0
4500006555,20,5000019280,20230726,203.46,203.46,0.0,0.0
4500006557,10,5000015387,20230630,90.0,90.0,0.0,0.0
4500006559,10,5000014909,20230628,3091.2,3091.2,0.0,0.0
4500006561,10,,,20.29,20.29,0.0,0.0
4500006562,10,5000014908,20230628,104.35,94.86,0.0,0.0
4500006562,20,5000014908,20230628,57.75,52.5,0.0,0.0
4500006563,10,,,20319.66,2788.94,0.0,0.0
4500006563,20,,,1992.12,1992.12,0.0,0.0
4500006564,10,5000014254,20230621,466800.0,413097.36,0.0,0.0
4500006565,10,,,1056.99,1056.99,0.0,0.0
4500006565,20,,,304.6,304.6,0.0,0.0
4500006565,30,,,284.8,252.04,0.0,0.0
4500006565,40,,,232.04,232.04,0.0,0.0
4500006565,50,,,1.95,1.95,0.0,0.0
4500006566,10,,,939.11,939.12,0.0,0.0
4500006566,20,,,7120.83,7120.8,0.0,0.0
4500006567,10,,,123.01,123.01,0.0,0.0
4500006567,20,,,123.01,123.01,0.0,0.0
4500006567,30,,,49.2,49.2,0.0,0.0
4500006567,40,,,25.2,25.2,0.0,0.0
4500006567,50,,,38.23,38.23,0.0,0.0
4500006568,10,,,3716.81,3716.81,0.0,0.0
4500006569,10,5000014851,20230627,0.0,1592.92,0.0,0.0
4500006569,20,5000014851,20230627,0.0,1592.92,0.0,0.0
4500006569,30,5000014851,20230627,0.0,1592.92,0.0,0.0
4500006570,10,,,4195.95,3713.24,0.0,0.0
4500006571,10,,,1003.54,1003.54,0.0,0.0
4500006571,20,,,3153.98,3153.98,0.0,0.0
4500006571,30,,,339.82,339.82,0.0,0.0
4500006571,40,,,292.04,292.04,0.0,0.0
4500006571,50,,,1720.35,1720.35,0.0,0.0
4500006571,60,,,318.58,318.58,0.0,0.0
4500006571,70,,,1890.27,1890.27,0.0,0.0
4500006571,80,,,10.62,10.62,0.0,0.0
4500006571,90,,,3685.84,3685.84,0.0,0.0
4500006571,100,,,6902.65,6902.65,0.0,0.0
4500006571,110,,,125.66,125.66,0.0,0.0
4500006571,120,,,240.0,212.39,0.0,0.0
4500006571,130,,,300.88,300.88,0.0,0.0
4500006571,140,,,632.74,632.74,0.0,0.0
4500006571,150,,,261.06,261.06,0.0,0.0
4500006571,160,,,398.23,398.23,0.0,0.0
4500006572,10,,,1769.91,1769.91,0.0,0.0
4500006573,10,,,1000.8,0.0,0.0,0.0
4500006574,10,,,3283.19,3283.19,0.0,0.0
4500006574,20,,,1991.15,1991.15,0.0,0.0
4500006574,30,,,353.98,353.98,0.0,0.0
4500006574,40,,,154.87,154.87,0.0,0.0
4500006574,50,,,132.74,132.74,0.0,0.0
4500006574,60,,,1061.95,1061.95,0.0,0.0
4500006574,70,,,530.97,530.97,0.0,0.0
4500006574,80,,,345.13,345.13,0.0,0.0
4500006575,10,,,109.92,0.0,0.0,0.0
4500006575,20,,,109.92,0.0,0.0,0.0
4500006576,10,,,3079.65,3072.0,0.0,0.0
4500006577,10,,,136672.57,136672.56,0.0,0.0
4500006577,20,,,3185.84,3185.84,0.0,0.0
4500006578,10,5000014289,20230621,1102927.43,1049830.08,0.0,0.0
4500006579,10,5000014301,20230621,930035.4,726329.2,0.0,0.0
4500006580,10,,,1621.91,1621.91,0.0,0.0
4500006581,10,5000019404,20230727,2650.0,2650.0,0.0,0.0
4500006581,20,5000019404,20230727,120.62,120.62,0.0,0.0
4500006582,10,5000014904,20230628,171.82,171.82,0.0,0.0
4500006584,10,5000014347,20230623,880.0,800.0,0.0,0.0
4500006585,10,5000014373,20230623,1920.0,1920.0,0.0,0.0
4500006585,20,5000014373,20230623,570.0,570.0,0.0,0.0
4500006586,10,5000014905,20230628,160.0,160.0,0.0,0.0
4500006587,10,5000014799,20230627,2750.0,2750.0,0.0,0.0
4500006587,20,5000014799,20230627,125.17,125.17,0.0,0.0
4500006588,10,5000014788,20230627,672.56,672.61,0.0,0.0
4500006588,20,5000014372,20230623,793.6,793.6,0.0,0.0
4500006589,10,5000015745,20230703,1100.0,1100.0,0.0,0.0
4500006589,20,5000015745,20230703,50.07,50.07,0.0,0.0
4500006590,10,5000015910,20230704,4470.0,4470.0,0.0,0.0
4500006590,20,5000015910,20230704,203.46,203.46,0.0,0.0
4500006591,10,5000016855,20230712,2125.0,2125.0,0.0,0.0
4500006591,20,5000016855,20230712,96.72,96.72,0.0,0.0
4500006592,10,5000016269,20230707,90.0,90.0,0.0,0.0
4500006593,10,5000014787,20230627,300.0,300.0,0.0,0.0
4500006593,20,5000014787,20230627,37.5,37.5,0.0,0.0
4500006593,30,5000014787,20230627,100.0,100.0,0.0,0.0
4500006593,40,5000014787,20230627,76.0,76.0,0.0,0.0
4500006593,50,5000014787,20230627,1200.0,1200.0,0.0,0.0
4500006593,60,5000014787,20230627,400.0,400.0,0.0,0.0
4500006593,70,5000014787,20230627,437.5,437.5,0.0,0.0
4500006593,80,5000016357,20230707,2700.0,2700.0,0.0,0.0
4500006593,90,5000014787,20230627,120.0,120.0,0.0,0.0
4500006593,100,5000014787,20230627,462.5,462.5,0.0,0.0
4500006593,110,5000014787,20230627,52.0,52.0,0.0,0.0
4500006593,120,5000014787,20230627,480.0,480.0,0.0,0.0
4500006593,130,5000014787,20230627,880.0,880.0,0.0,0.0
4500006595,10,5000017102,20230713,400.0,400.0,0.0,0.0
4500006595,20,5000017102,20230713,400.0,400.0,0.0,0.0
4500006596,10,5000017105,20230713,400.0,400.0,0.0,0.0
4500006596,20,5000017105,20230713,400.0,400.0,0.0,0.0
4500006596,30,5000017105,20230713,400.0,400.0,0.0,0.0
4500006596,40,5000017105,20230713,400.0,400.0,0.0,0.0
4500006596,50,5000017105,20230713,400.0,400.0,0.0,0.0
4500006596,60,5000017105,20230713,400.0,400.0,0.0,0.0
4500006597,10,5000015391,20230630,1920.0,1920.0,0.0,0.0
4500006597,20,,,2677.5,2677.5,0.0,0.0
4500006598,10,,,0.0,0.0,0.0,0.0
4500006599,10,5000014789,20230627,1200.0,1200.0,0.0,0.0
4500006599,20,5000014789,20230627,54.62,54.62,0.0,0.0
4500006599,30,5000014789,20230627,1200.0,1200.0,0.0,0.0
4500006599,40,5000014789,20230627,54.62,54.62,0.0,0.0
4500006599,50,5000014789,20230627,1200.0,1200.0,0.0,0.0
4500006599,60,5000014789,20230627,54.62,54.62,0.0,0.0
4500006600,10,5000014798,20230627,2750.0,2750.0,0.0,0.0
4500006600,20,5000014798,20230627,125.17,125.17,0.0,0.0
4500006601,10,5000016261,20230707,1011.5,1011.82,0.0,0.0
4500006602,10,5000016267,20230707,1000.0,1000.0,0.0,0.0
4500006602,20,5000016267,20230707,22.7,22.7,0.0,0.0
4500006603,10,,,0.0,0.0,0.0,0.0
4500006603,20,,,0.0,0.0,0.0,0.0
4500006604,10,5000022207,20230816,2000.0,138.0,0.0,0.0
4500006604,20,5000022208,20230816,7373.73,8172.93,0.0,0.0
4500006605,10,5000016272,20230707,150.0,150.0,0.0,0.0
4500006605,20,5000016272,20230707,150.0,150.0,0.0,0.0
4500006607,10,5000018508,20230721,545.45,545.45,0.0,0.0
4500006608,10,5000016271,20230707,350.0,350.0,0.0,0.0
4500006609,10,5000018433,20230720,145.0,145.0,0.0,0.0
4500006611,10,5000016336,20230707,100.0,100.0,0.0,0.0
4500006611,20,5000016336,20230707,100.0,100.0,0.0,0.0
4500006612,10,5000015903,20230704,1100.0,1100.0,0.0,0.0
4500006612,20,5000015903,20230704,50.07,50.07,0.0,0.0
4500006613,10,5000021794,20230811,4470.0,4470.0,0.0,0.0
4500006613,20,5000021794,20230811,203.46,203.46,0.0,0.0
4500006614,10,,,0.0,0.0,0.0,0.0
4500006616,10,5000016255,20230707,189.72,189.72,0.0,0.0
4500006617,10,5000018181,20230719,18900.0,18918.0,0.0,0.0
4500006618,10,5000014848,20230627,265.17,265.17,0.0,0.0
4500006619,10,5000021788,20230811,4470.0,4470.0,0.0,0.0
4500006619,20,5000021788,20230811,203.46,203.46,0.0,0.0
4500006620,10,5000015891,20230704,1100.0,1100.0,0.0,0.0
4500006620,20,5000015891,20230704,50.07,50.07,0.0,0.0
4500006621,10,5000014896,20230628,446.4,446.04,0.0,0.0
4500006622,10,5000014894,20230628,1400.0,1400.0,0.0,0.0
4500006623,10,5000015695,20230703,2750.0,2750.0,0.0,0.0
4500006623,20,5000015695,20230703,125.17,125.17,0.0,0.0
4500006624,10,5000014895,20230628,749.0,749.0,0.0,0.0
4500006625,10,5000015411,20230630,766.8,766.76,0.0,0.0
4500006625,20,5000015411,20230630,51.72,51.69,0.0,0.0
4500006626,10,5000016828,20230712,2650.0,2650.0,0.0,0.0
4500006626,20,5000016828,20230712,120.62,120.62,0.0,0.0
4500006627,10,5000015696,20230703,2750.0,2750.0,0.0,0.0
4500006627,20,5000015696,20230703,125.17,125.17,0.0,0.0
4500006628,10,5000014898,20230628,100.0,100.0,0.0,0.0
4500006628,20,5000014898,20230628,85.0,85.0,0.0,0.0
4500006628,30,5000014898,20230628,85.0,85.0,0.0,0.0
4500006628,40,5000014898,20230628,100.0,100.0,0.0,0.0
4500006628,50,5000014898,20230628,85.0,85.0,0.0,0.0
4500006628,60,5000014898,20230628,85.0,85.0,0.0,0.0
4500006628,70,5000014898,20230628,85.0,85.0,0.0,0.0
4500006628,80,5000014898,20230628,85.0,85.0,0.0,0.0
4500006628,90,5000014898,20230628,85.0,85.0,0.0,0.0
4500006629,10,5000015410,20230630,420.0,420.0,0.0,0.0
4500006629,20,5000015410,20230630,49.53,49.53,0.0,0.0
4500006629,30,5000015410,20230630,77.0,77.0,0.0,0.0
4500006629,40,5000015410,20230630,70.0,70.0,0.0,0.0
4500006631,10,,,58849.56,58849.56,0.0,0.0
4500006632,10,5000014396,20230624,182752.87,0.0,0.0,0.0
4500006633,10,5000014397,20230624,171431.51,0.0,0.0,0.0
4500006634,10,5000014398,20230624,180679.3,0.0,0.0,0.0
4500006635,10,5000014399,20230624,182752.87,0.0,0.0,0.0
4500006636,10,5000014400,20230624,182752.87,0.0,0.0,0.0
4500006637,10,5000014401,20230624,168592.95,0.0,0.0,0.0
4500006638,10,5000014402,20230624,182752.87,0.0,0.0,0.0
4500006639,10,5000014403,20230624,181810.07,0.0,0.0,0.0
4500006640,10,5000014404,20230624,181810.07,0.0,0.0,0.0
4500006641,10,5000014405,20230624,182752.87,0.0,0.0,0.0
4500006642,10,5000014406,20230624,168592.95,0.0,0.0,0.0
4500006643,10,5000014407,20230624,180679.3,0.0,0.0,0.0
4500006644,10,5000014408,20230624,180679.3,0.0,0.0,0.0
4500006645,10,5000015182,20230629,182752.87,0.0,0.0,0.0
4500006646,10,5000014410,20230624,182752.87,0.0,0.0,0.0
4500006647,10,5000014411,20230624,181810.07,0.0,0.0,0.0
4500006648,10,5000014412,20230624,181810.07,0.0,0.0,0.0
4500006649,10,5000014413,20230624,182752.87,0.0,0.0,0.0
4500006650,10,,,64190.27,62375.05,0.0,0.0
4500006651,10,,,45699.03,45699.02,0.0,0.0
4500006652,10,,,13893.81,13893.79,0.0,0.0
4500006652,20,,,13893.81,13893.81,0.0,0.0
4500006653,10,,,44269.91,44269.91,0.0,0.0
4500006654,10,,,19730.27,19730.27,0.0,0.0
4500006654,20,,,9965.22,9965.22,0.0,0.0
4500006655,10,5000014444,20230625,350888.5,350888.5,0.0,0.0
4500006656,10,,,142725.66,142725.66,0.0,0.0
4500006656,20,,,53044.25,53044.25,0.0,0.0
4500006656,30,,,50893.81,50893.81,0.0,0.0
4500006656,40,,,64053.1,64053.09,0.0,0.0
4500006656,50,,,75440.71,75440.71,0.0,0.0
4500006657,10,,,80070.8,80070.8,0.0,0.0
4500006657,20,,,31982.3,31982.3,0.0,0.0
4500006658,10,,,3753.98,3753.98,0.0,0.0
4500006658,20,,,285493.82,285493.8,0.0,0.0
4500006659,10,,,2666.37,2666.0,0.0,0.0
4500006659,20,,,2493.81,2494.0,0.0,0.0
4500006659,30,,,2579.65,2580.0,0.0,0.0
4500006659,40,,,2666.37,2666.0,0.0,0.0
4500006659,50,,,1290.27,1290.0,0.0,0.0
4500006659,60,,,3235.46,3235.32,0.0,0.0
4500006659,70,,,2322.12,2322.0,0.0,0.0
4500006659,80,,,1633.63,1634.0,0.0,0.0
4500006659,90,,,1633.63,1634.0,0.0,0.0
4500006659,100,,,1376.11,1376.0,0.0,0.0
4500006659,110,,,7309.73,7310.0,0.0,0.0
4500006659,130,,,79636.28,79636.0,0.0,0.0
4500006659,140,,,77012.39,77013.0,0.0,0.0
4500006660,10,,,4778.76,4778.76,0.0,0.0
4500006660,20,,,6371.68,6371.68,0.0,0.0
4500006660,30,,,2743.36,2743.36,0.0,0.0
4500006660,40,,,6194.69,6194.69,0.0,0.0
4500006660,50,,,31008.85,31008.85,0.0,0.0
4500006660,60,,,95575.21,95575.21,0.0,0.0
4500006660,70,,,112566.37,112566.37,0.0,0.0
4500006660,80,,,65486.73,65486.73,0.0,0.0
4500006660,90,,,4336.28,4336.28,0.0,0.0
4500006661,10,,,10825.98,0.0,0.0,0.0
4500006661,20,,,10967.75,0.0,0.0,0.0
4500006662,10,,,32683.79,32683.79,0.0,0.0
4500006662,20,,,10761.17,10761.17,0.0,0.0
4500006662,30,,,16699.12,16699.11,0.0,0.0
4500006662,40,,,10973.45,10973.45,0.0,0.0
4500006662,50,,,115044.25,115044.24,0.0,0.0
4500006662,60,,,64601.78,64601.78,0.0,0.0
4500006662,70,,,5478.32,5478.32,0.0,0.0
4500006662,80,,,20733.1,20733.1,0.0,0.0
4500006662,90,,,29582.76,29582.76,0.0,0.0
4500006662,100,,,39532.37,39532.37,0.0,0.0
4500006662,110,,,14917.88,14917.88,0.0,0.0
4500006662,120,,,66751.01,66751.01,0.0,0.0
4500006662,130,,,108520.67,108520.67,0.0,0.0
4500006662,140,,,101137.7,101137.7,0.0,0.0
4500006663,10,,,0.0,0.0,0.0,0.0
4500006664,10,,,0.0,0.0,0.0,0.0
4500006664,20,,,0.0,0.0,0.0,0.0
4500006664,30,,,0.0,0.0,0.0,0.0
4500006665,10,,,18424.77,18424.78,0.0,0.0
4500006666,10,,,1380.53,1380.53,0.0,0.0
4500006666,20,,,1247.79,1247.79,0.0,0.0
4500006666,30,,,1690.27,1690.27,0.0,0.0
4500006666,40,,,1690.27,1690.27,0.0,0.0
4500006666,50,,,1690.27,1690.27,0.0,0.0
4500006666,60,,,1690.27,1690.27,0.0,0.0
4500006666,70,,,1690.27,1690.27,0.0,0.0
4500006667,10,,,1247.79,1247.72,0.0,0.0
4500006667,20,,,1380.53,1380.53,0.0,0.0
4500006667,30,,,1247.79,1247.79,0.0,0.0
4500006667,40,,,1247.79,1247.79,0.0,0.0
4500006667,50,,,1690.27,1690.27,0.0,0.0
4500006667,60,,,1690.27,1690.27,0.0,0.0
4500006667,70,,,1690.27,1690.27,0.0,0.0
4500006667,80,,,1690.27,1690.27,0.0,0.0
4500006668,10,,,1247.79,1247.79,0.0,0.0
4500006668,20,,,1247.79,1247.79,0.0,0.0
4500006668,30,,,1247.79,1247.79,0.0,0.0
4500006668,40,,,1247.79,1247.79,0.0,0.0
4500006668,50,,,1247.79,1247.79,0.0,0.0
4500006668,60,,,1690.27,1690.27,0.0,0.0
4500006668,70,,,1690.27,1690.27,0.0,0.0
4500006668,80,,,1690.27,1690.27,0.0,0.0
4500006668,90,,,1690.27,1690.27,0.0,0.0
4500006669,10,,,1247.79,1247.79,0.0,0.0
4500006669,20,,,1380.53,1380.53,0.0,0.0
4500006669,30,,,1380.53,1380.53,0.0,0.0
4500006669,40,,,1247.79,1247.79,0.0,0.0
4500006669,50,,,1690.27,1690.27,0.0,0.0
4500006669,60,,,1690.27,1690.27,0.0,0.0
4500006669,70,,,1690.27,1690.27,0.0,0.0
4500006669,80,,,2424.78,2424.78,0.0,0.0
4500006670,10,,,100.88,100.88,0.0,0.0
4500006670,20,,,252.21,252.21,0.0,0.0
4500006671,10,,,1637.17,1637.17,0.0,0.0
4500006672,10,,,2230.09,2230.09,0.0,0.0
4500006673,10,,,265.49,265.49,0.0,0.0
4500006674,10,,,1071.72,1071.72,0.0,0.0
4500006675,10,,,54070.8,54070.8,0.0,0.0
4500006676,10,,,106548.67,104722.12,0.0,0.0
4500006676,20,,,8628.32,8628.32,0.0,0.0
4500006676,30,,,11946.9,11946.9,0.0,0.0
4500006677,10,,,5406.37,5406.37,0.0,0.0
4500006678,10,,,20530.97,20530.97,0.0,0.0
4500006679,10,,,1522.12,1522.12,0.0,0.0
4500006680,90,,,101373.45,101373.45,0.0,0.0
4500006681,10,,,1819.47,1819.47,0.0,0.0
4500006682,10,,,0.0,0.0,0.0,0.0
4500006683,10,,,158654.87,158654.86,0.0,0.0
4500006684,10,,,121017.7,116150.44,0.0,0.0
4500006684,20,,,291902.65,291902.65,0.0,0.0
4500006685,10,,,349469.04,349469.06,0.0,0.0
4500006686,10,,,0.0,0.0,0.0,0.0
4500006686,20,,,0.0,0.0,0.0,0.0
4500006686,30,,,0.0,0.0,0.0,0.0
4500006686,40,,,0.0,0.0,0.0,0.0
4500006686,50,,,0.0,0.0,0.0,0.0
4500006686,60,,,63.36,63.36,0.0,0.0
4500006686,70,,,0.0,0.0,0.0,0.0
4500006686,80,,,51.95,51.95,0.0,0.0
4500006687,10,,,1.95,1.95,0.0,0.0
4500006688,10,,,1327.44,1327.43,0.0,0.0
4500006688,20,,,1991.15,1991.15,0.0,0.0
4500006688,30,,,663.72,663.72,0.0,0.0
4500006688,40,,,3982.3,3982.3,0.0,0.0
4500006688,50,,,33185.84,33185.84,0.0,0.0
4500006688,60,,,3318.58,3318.58,0.0,0.0
4500006688,70,,,13274.34,13274.34,0.0,0.0
4500006688,80,,,663.72,663.72,0.0,0.0
4500006688,90,,,1327.44,1327.44,0.0,0.0
4500006688,100,,,2654.87,2654.87,0.0,0.0
4500006689,10,,,12054.86,12054.86,0.0,0.0
4500006690,10,,,5861.95,5805.28,0.0,0.0
4500006690,20,,,54867.26,54867.26,0.0,0.0
4500006692,10,,,5176.99,5176.99,0.0,0.0
4500006694,10,5000024292,20230829,364.0,364.0,0.0,0.0
4500006694,20,5000025357,20230906,52.0,52.0,0.0,0.0
4500006694,30,5000024292,20230829,841.5,841.5,0.0,0.0
4500006694,40,5000024292,20230829,750.0,750.0,0.0,0.0
4500006694,50,5000024292,20230829,4500.0,4500.0,0.0,0.0
4500006694,70,5000025357,20230906,40.0,40.0,0.0,0.0
4500006695,10,5000019265,20230726,6600.0,6600.0,0.0,0.0
4500006695,20,5000019265,20230726,1575.0,1575.0,0.0,0.0
4500006697,10,5000016246,20230707,927.24,927.24,0.0,0.0
4500006697,30,5000016246,20230707,3661.0,3661.0,0.0,0.0
4500006697,40,5000016246,20230707,2705.0,2705.0,0.0,0.0
4500006697,50,5000016246,20230707,1674.0,1674.0,0.0,0.0
4500006697,60,5000016246,20230707,3380.0,1820.0,0.0,0.0
4500006697,70,5000016246,20230707,225.4,225.4,0.0,0.0
4500006697,80,5000016246,20230707,22045.0,22045.0,0.0,0.0
4500006698,10,5000023784,20230825,43296.0,43371.0,0.0,0.0
4500006699,10,5000018179,20230719,10000.0,10000.0,0.0,0.0
4500006700,10,5000021733,20230811,557.71,557.71,0.0,0.0
4500006700,20,5000021733,20230811,3702.96,3702.96,0.0,0.0
4500006700,30,5000021733,20230811,1417.5,1417.5,0.0,0.0
4500006700,40,5000021733,20230811,360.0,360.0,0.0,0.0
4500006700,50,5000021733,20230811,364.52,364.52,0.0,0.0
4500006700,60,5000021733,20230811,6756.8,6756.8,0.0,0.0
4500006700,70,5000021733,20230811,319.38,319.38,0.0,0.0
4500006700,80,5000021733,20230811,20.64,20.64,0.0,0.0
4500006701,10,5000022769,20230821,3060.0,650.0,0.0,0.0
4500006701,20,5000023008,20230822,306.0,306.0,0.0,0.0
4500006701,30,5000023008,20230822,750.0,825.0,0.0,0.0
4500006701,40,5000023008,20230822,42.5,47.0,0.0,0.0
4500006702,10,5000025288,20230905,1250.0,1250.0,0.0,0.0
4500006702,20,5000025288,20230905,905.0,905.0,0.0,0.0
4500006702,30,5000025288,20230905,795.0,795.0,0.0,0.0
4500006703,10,5000024278,20230829,37440.0,37440.0,0.0,0.0
4500006703,20,5000024278,20230829,120.0,120.0,0.0,0.0
4500006707,10,5000022802,20230821,199.0,199.0,0.0,0.0
4500006707,20,5000020300,20230801,3479.92,3479.98,0.0,0.0
4500006707,30,5000020300,20230801,1742.7,1742.7,0.0,0.0
4500006707,40,5000020300,20230801,30.05,30.02,0.0,0.0
4500006707,50,5000020300,20230801,74.08,74.08,0.0,0.0
4500006707,60,5000020300,20230801,471.24,471.24,0.0,0.0
4500006707,70,5000022790,20230821,283.56,283.56,0.0,0.0
4500006707,80,5000020300,20230801,500.82,500.82,0.0,0.0
4500006707,90,5000022802,20230821,12040.0,12040.0,0.0,0.0
4500006709,10,5000021834,20230811,2090.4,2090.34,2299.37,-2299.37
4500006709,20,5000068759,20240821,217.0,225.62,238.7,-238.7
4500006709,30,5000068759,20240821,414.0,1472.88,814.83,-814.83
4500006709,40,5000024280,20230829,741.0,740.75,814.83,-814.83
4500006709,50,5000068759,20240821,50.0,50.0,55.0,-55.0
4500006710,10,5000016224,20230707,40.0,40.0,0.0,0.0
4500006710,20,5000016224,20230707,250.0,250.0,0.0,0.0
4500006710,30,5000016224,20230707,150.0,150.0,0.0,0.0
4500006710,40,5000016224,20230707,1560.0,1560.0,0.0,0.0
4500006710,50,5000016224,20230707,200.0,200.0,0.0,0.0
4500006710,60,5000016224,20230707,890.0,890.0,0.0,0.0
4500006711,10,5000023014,20230822,93.9,93.9,0.0,0.0
4500006711,20,5000023014,20230822,21578.4,21578.4,0.0,0.0
4500006711,30,5000022591,20230818,4182.03,4182.03,0.0,0.0
4500006714,10,5000020141,20230731,11352.0,11352.07,0.0,0.0
4500006714,20,5000020141,20230731,25752.0,25752.15,0.0,0.0
4500006714,30,5000020141,20230731,1913.64,1913.09,0.0,0.0
4500006714,40,5000020141,20230731,858.0,857.61,0.0,0.0
4500006714,50,5000020141,20230731,858.0,857.16,0.0,0.0
4500006715,10,5000020423,20230801,2541.0,2541.0,0.0,0.0
4500006715,20,5000020423,20230801,1905.75,1905.75,0.0,0.0
4500006715,30,5000020423,20230801,3339.64,3339.64,0.0,0.0
4500006718,10,5000019467,20230727,6300.0,6300.0,0.0,0.0
4500006718,20,5000019467,20230727,520.0,520.0,0.0,0.0
4500006718,30,5000019467,20230727,50.0,50.0,0.0,0.0
4500006719,10,,,0.0,0.0,2326.5,-2326.5
4500006719,20,,,0.0,0.0,160.0,0.0
4500006720,10,5000024070,20230828,21600.0,21600.0,0.0,0.0
4500006720,20,5000024070,20230828,200.0,200.0,0.0,0.0
4500006721,10,5000020555,20230802,7820.0,7820.0,0.0,0.0
4500006721,20,5000020555,20230802,450.0,450.0,0.0,0.0
4500006722,10,5000021737,20230811,1405.8,1405.8,0.0,0.0
4500006722,20,5000021737,20230811,741.0,570.6,0.0,0.0
4500006722,30,5000021737,20230811,1568.4,1568.4,0.0,0.0
4500006722,40,5000021737,20230811,60.0,60.0,0.0,0.0
4500006723,10,5000020517,20230802,2156.82,2156.82,0.0,0.0
4500006724,10,5000020517,20230802,2156.82,2156.82,0.0,0.0
4500006725,10,5000020517,20230802,2156.82,2156.82,0.0,0.0
4500006726,10,5000020517,20230802,3929.55,3929.55,0.0,0.0
4500006727,10,5000020517,20230802,3929.55,3929.55,0.0,0.0
4500006728,10,5000016831,20230712,4470.0,4470.0,0.0,0.0
4500006728,20,5000016831,20230712,217.03,217.03,0.0,0.0
4500006729,10,5000015902,20230704,1450.0,1450.0,0.0,0.0
4500006729,20,5000015902,20230704,70.4,70.4,0.0,0.0
4500006730,10,5000017861,20230718,2650.0,2650.0,0.0,0.0
4500006730,20,5000017861,20230718,128.66,128.66,0.0,0.0
4500006731,10,5000014527,20230626,237573.45,237573.45,0.0,0.0
4500006733,10,5000014534,20230626,139614.16,139614.16,0.0,0.0
4500006734,10,5000017860,20230718,2650.0,2650.0,0.0,0.0
4500006734,20,5000017860,20230718,128.66,128.66,0.0,0.0
4500006735,10,5000014550,20230626,139615.04,139615.04,0.0,0.0
4500006736,10,,,18020.35,18020.35,0.0,0.0
4500006738,10,5000015697,20230703,2750.0,2750.0,0.0,0.0
4500006738,20,5000015697,20230703,133.52,133.52,0.0,0.0
4500006738,30,5000015697,20230703,2750.0,2750.0,0.0,0.0
4500006738,40,5000015697,20230703,133.52,133.52,0.0,0.0
4500006739,10,,,575.22,575.22,0.0,0.0
4500006739,20,,,3185.84,3185.84,0.0,0.0
4500006740,10,5000015904,20230704,1450.0,1450.0,0.0,0.0
4500006740,20,5000015904,20230704,70.4,70.4,0.0,0.0
4500006741,10,,,478455.76,478455.76,0.0,0.0
4500006741,20,,,337296.0,337296.0,0.0,0.0
4500006742,10,,,8819.43,8819.47,0.0,0.0
4500006743,10,5000014574,20230626,199727.43,190877.88,0.0,0.0
4500006744,10,,,353.98,353.98,0.0,0.0
4500006744,20,,,88.5,88.5,0.0,0.0
4500006744,30,,,398.23,398.23,0.0,0.0
4500006744,40,,,115.04,115.04,0.0,0.0
4500006745,10,,,29911.5,29911.5,0.0,0.0
4500006745,20,,,118035.4,118035.4,0.0,0.0
4500006746,10,,,8070.8,0.0,0.0,0.0
4500006747,10,5000015698,20230703,2750.0,2750.0,0.0,0.0
4500006747,20,5000015698,20230703,133.52,133.52,0.0,0.0
4500006748,10,,,3010.62,3010.62,0.0,0.0
4500006748,20,,,16778.41,16778.41,0.0,0.0
4500006749,10,,,2429.2,2441.38,0.0,0.0
4500006749,20,,,539.82,542.53,0.0,0.0
4500006750,10,5000017816,20230718,2650.0,2650.0,0.0,0.0
4500006750,20,5000017816,20230718,128.66,128.66,0.0,0.0
4500006751,10,,,36.0,0.0,0.0,0.0
4500006751,20,,,125.0,0.0,0.0,0.0
4500006751,30,,,168.0,0.0,0.0,0.0
4500006751,40,,,132.93,0.0,0.0,0.0
4500006751,50,,,85.5,0.0,0.0,0.0
4500006751,60,,,114.0,0.0,0.0,0.0
4500006751,70,,,120.24,0.0,0.0,0.0
4500006751,80,,,54.9,0.0,0.0,0.0
4500006751,90,,,80.0,0.0,0.0,0.0
4500006751,100,,,108.15,0.0,0.0,0.0
4500006751,110,,,88.2,0.0,0.0,0.0
4500006752,10,,,8296.46,8296.46,0.0,0.0
4500006752,20,,,5530.97,5530.97,0.0,0.0
4500006753,10,,,42345.13,42345.13,0.0,0.0
4500006754,10,,,204424.78,204424.77,0.0,0.0
4500006754,20,,,24464.6,24464.6,0.0,0.0
4500006754,30,,,7345.13,7345.13,0.0,0.0
4500006755,10,,,2477.88,2477.88,0.0,0.0
4500006756,10,5000014683,20230626,206814.16,206814.16,0.0,0.0
4500006757,10,,,1426.55,1426.55,0.0,0.0
4500006757,20,,,411.5,411.5,0.0,0.0
4500006757,30,,,1536.28,1536.28,0.0,0.0
4500006757,40,,,1042.48,1042.48,0.0,0.0
4500006757,50,,,1261.95,1261.95,0.0,0.0
4500006757,60,,,2304.42,2304.42,0.0,0.0
4500006757,70,,,795.58,795.58,0.0,0.0
4500006757,80,,,877.88,877.88,0.0,0.0
4500006757,90,,,150.88,150.88,0.0,0.0
4500006757,100,,,205.75,205.75,0.0,0.0
4500006757,110,,,411.5,411.5,0.0,0.0
4500006757,120,,,411.5,411.5,0.0,0.0
4500006757,130,,,356.64,356.64,0.0,0.0
4500006757,140,,,252.39,252.39,0.0,0.0
4500006757,150,,,0.0,0.0,0.0,0.0
4500006757,160,,,411.5,411.5,0.0,0.0
4500006758,10,,,4973.45,4973.45,0.0,0.0
4500006758,20,,,8884.96,8884.96,0.0,0.0
4500006758,30,,,12858.41,12858.41,0.0,0.0
4500006758,40,,,7787.61,7787.61,0.0,0.0
4500006759,10,,,16460.18,16460.18,0.0,0.0
4500006759,20,,,1548.67,1548.67,0.0,0.0
4500006759,30,,,3982.3,3982.3,0.0,0.0
4500006759,40,,,10884.96,10884.95,0.0,0.0
4500006759,50,,,54159.29,54159.29,0.0,0.0
4500006759,60,,,30530.97,30530.97,0.0,0.0
4500006760,10,,,28176.99,28176.99,0.0,0.0
4500006760,20,,,14230.09,14230.09,0.0,0.0
4500006761,10,,,12159.29,12159.29,0.0,0.0
4500006762,10,,,14601.77,14601.77,0.0,0.0
4500006762,20,,,5309.73,5309.73,0.0,0.0
4500006763,10,,,20230.09,20230.09,0.0,0.0
4500006763,20,,,13507.96,13507.96,0.0,0.0
4500006764,10,,,9911.5,9911.5,0.0,0.0
4500006765,10,,,24283.19,24283.17,0.0,0.0
4500006766,10,,,1079.65,1079.61,0.0,0.0
4500006766,20,,,7557.52,7557.52,0.0,0.0
4500006766,30,,,1079.65,1079.65,0.0,0.0
4500006766,40,,,1079.65,1079.65,0.0,0.0
4500006766,50,,,1079.65,1079.65,0.0,0.0
4500006766,60,,,1079.65,1079.65,0.0,0.0
4500006766,70,,,1079.65,1079.65,0.0,0.0
4500006766,80,,,707.96,707.96,0.0,0.0
4500006766,90,,,1415.93,1415.93,0.0,0.0
4500006766,100,,,3681.42,3681.42,0.0,0.0
4500006766,110,,,1840.71,1840.71,0.0,0.0
4500006766,120,,,1840.71,1840.71,0.0,0.0
4500006766,130,,,1840.71,1840.71,0.0,0.0
4500006766,140,,,1840.71,1840.71,0.0,0.0
4500006766,150,,,1840.71,1840.71,0.0,0.0
4500006766,160,,,1840.71,1840.71,0.0,0.0
4500006767,10,,,568410.62,568410.62,0.0,0.0
4500006768,10,,,1982.3,1982.3,0.0,0.0
4500006769,10,,,5456741.95,5485779.82,0.0,0.0
4500006770,10,,,31.86,31.86,0.0,0.0
4500006770,20,,,44.25,44.25,0.0,0.0
4500006770,30,,,26.55,31.86,0.0,0.0
4500006771,10,,,163.36,163.36,0.0,0.0
4500006771,20,,,0.0,0.0,0.0,0.0
4500006772,10,,,2254.87,2254.87,0.0,0.0
4500006773,10,,,1142.58,1142.59,0.0,0.0
4500006774,10,,,113.27,113.27,0.0,0.0
4500006774,20,,,40.71,40.71,0.0,0.0
4500006774,30,,,97.35,97.35,0.0,0.0
4500006774,40,,,90.27,90.27,0.0,0.0
4500006774,50,,,0.0,0.0,0.0,0.0
4500006774,60,,,118.58,118.58,0.0,0.0
4500006774,70,,,92.04,109.73,0.0,0.0
4500006774,80,,,92.04,109.73,0.0,0.0
4500006774,90,,,22.3,22.3,0.0,0.0
4500006775,10,,,25221.24,25238.94,0.0,0.0
4500006775,20,,,21982.3,21982.3,0.0,0.0
4500006776,10,,,25663.72,25663.72,0.0,0.0
4500006777,10,,,82494.69,82494.69,0.0,0.0
4500006778,10,,,15961.06,15961.07,0.0,0.0
4500006778,20,,,14384.07,14384.07,0.0,0.0
4500006778,30,,,4077.88,4077.88,0.0,0.0
4500006778,40,,,888.5,888.5,0.0,0.0
4500006778,50,,,6806.02,6806.02,0.0,0.0
4500006778,70,,,3309.73,3309.73,0.0,0.0
4500006778,80,,,3557.52,3557.52,0.0,0.0
4500006778,90,,,3530.97,3530.97,0.0,0.0
4500006778,100,,,5119.47,5119.47,0.0,0.0
4500006778,110,,,486.73,486.73,0.0,0.0
4500006779,10,,,16991.15,16991.15,0.0,0.0
4500006779,20,,,5044.25,5044.25,0.0,0.0
4500006780,10,,,22920.35,22920.35,0.0,0.0
4500006780,20,,,22389.38,22389.38,0.0,0.0
4500006781,10,,,30353.98,30353.98,0.0,0.0
4500006782,10,,,8407.08,8407.08,0.0,0.0
4500006782,20,,,2230.09,2230.09,0.0,0.0
4500006784,10,,,1327.43,1327.73,0.0,0.0
4500006784,20,,,23362.83,23362.83,0.0,0.0
4500006785,10,,,238.94,238.94,0.0,0.0
4500006785,20,,,2823.01,2823.01,0.0,0.0
4500006785,30,,,707.96,707.96,0.0,0.0
4500006785,40,,,1106.19,1106.19,0.0,0.0
4500006785,50,,,1734.51,1734.51,0.0,0.0
4500006785,60,,,867.26,867.26,0.0,0.0
4500006785,70,,,1548.67,1548.67,0.0,0.0
4500006785,80,,,1150.44,1150.44,0.0,0.0
4500006785,90,,,530.97,530.97,0.0,0.0
4500006785,100,,,690.27,690.27,0.0,0.0
4500006785,110,,,122.12,122.12,0.0,0.0
4500006785,120,,,513.27,513.27,0.0,0.0
4500006785,130,,,7079.65,7079.65,0.0,0.0
4500006785,140,,,269.91,269.91,0.0,0.0
4500006785,150,,,778.76,778.76,0.0,0.0
4500006785,160,,,1681.42,1681.42,0.0,0.0
4500006785,170,,,88.5,88.5,0.0,0.0
4500006785,180,,,1044.25,1044.25,0.0,0.0
4500006785,190,,,176.99,176.99,0.0,0.0
4500006785,200,,,265.49,265.49,0.0,0.0
4500006785,210,,,309.73,309.73,0.0,0.0
4500006785,230,,,159.29,159.29,0.0,0.0
4500006785,240,,,1703.54,1703.54,0.0,0.0
4500006785,250,,,13.81,13.81,0.0,0.0
4500006785,260,,,7.08,7.08,0.0,0.0
4500006786,10,5000014903,20230628,880.0,880.0,0.0,0.0
4500006787,10,5000014902,20230628,5760.0,5760.0,0.0,0.0
4500006788,10,5000014901,20230628,444.0,444.0,0.0,0.0
4500006788,20,5000014901,20230628,64.0,64.0,0.0,0.0
4500006788,30,5000014901,20230628,56.0,56.0,0.0,0.0
4500006788,40,5000014901,20230628,244.0,244.0,0.0,0.0
4500006789,10,5000014900,20230628,3400.0,3400.0,0.0,0.0
4500006789,20,5000014900,20230628,890.0,890.0,0.0,0.0
4500006790,10,5000014899,20230628,14993.0,14993.0,0.0,0.0
4500006791,10,5000015700,20230703,2750.0,2750.0,0.0,0.0
4500006791,20,5000015700,20230703,133.52,133.52,0.0,0.0
4500006792,10,5000016252,20230707,2925.0,2925.0,0.0,0.0
4500006792,20,5000016252,20230707,1170.0,1170.0,0.0,0.0
4500006792,30,5000016252,20230707,9600.0,9600.0,0.0,0.0
4500006792,40,5000016252,20230707,740.0,740.0,0.0,0.0
4500006792,50,5000016252,20230707,2920.0,2920.0,0.0,0.0
4500006792,60,5000016252,20230707,3820.0,3820.0,0.0,0.0
4500006792,70,5000016252,20230707,3060.0,3060.0,0.0,0.0
4500006792,80,5000016252,20230707,3825.0,3825.0,0.0,0.0
4500006792,90,5000016252,20230707,795.0,795.0,0.0,0.0
4500006792,100,5000016252,20230707,1380.0,1380.0,0.0,0.0
4500006794,10,5000016834,20230712,4470.0,4470.0,0.0,0.0
4500006794,20,5000016834,20230712,217.03,217.03,0.0,0.0
4500006795,10,,,81.42,81.41,0.0,0.0
4500006796,10,,,40.71,40.71,0.0,0.0
4500006796,20,,,113.27,113.27,0.0,0.0
4500006797,10,,,665.49,668.81,0.0,0.0
4500006797,20,,,1548.67,1556.42,0.0,0.0
4500006797,30,,,536.28,538.97,0.0,0.0
4500006798,10,,,492.04,492.04,0.0,0.0
4500006798,20,,,556.0,492.04,0.0,0.0
4500006799,10,,,774.34,774.34,0.0,0.0
4500006801,10,,,5203.54,5203.54,0.0,0.0
4500006802,10,,,1497.35,1497.35,0.0,0.0
4500006802,20,,,1072.57,1072.57,0.0,0.0
4500006802,30,,,1086.73,1086.73,0.0,0.0
4500006802,40,,,2159.29,2159.29,0.0,0.0
4500006802,50,,,626.55,626.55,0.0,0.0
4500006803,10,,,3231.04,3231.04,0.0,0.0
4500006804,40,,,7079.65,7079.65,0.0,0.0
4500006805,10,,,1618.73,1618.73,0.0,0.0
4500006805,20,,,1615.52,1615.52,0.0,0.0
4500006805,30,,,1615.52,1615.52,0.0,0.0
4500006805,40,,,65.35,65.35,0.0,0.0
4500006805,50,,,27.52,27.52,0.0,0.0
4500006806,10,,,14619.47,14620.0,0.0,0.0
4500006807,10,,,665.49,665.49,0.0,0.0
4500006807,20,,,539.82,539.82,0.0,0.0
4500006807,30,,,1548.67,1548.67,0.0,0.0
4500006807,40,,,313.27,313.27,0.0,0.0
4500006808,10,,,40468.14,40468.0,0.0,0.0
4500006809,10,,,442.48,442.48,0.0,0.0
4500006809,20,,,424.78,424.78,0.0,0.0
4500006810,10,,,32522.12,32522.12,0.0,0.0
4500006812,10,,,11150.44,11150.44,0.0,0.0
4500006813,10,,,735.22,735.22,0.0,0.0
4500006813,20,,,0.0,0.0,0.0,0.0
4500006814,10,,,47893.81,47893.82,0.0,0.0
4500006814,20,,,105196.46,105196.46,0.0,0.0
4500006814,30,,,148587.61,148587.61,0.0,0.0
4500006815,10,,,2477.88,2477.88,0.0,0.0
4500006817,30,,,1838.05,1838.05,0.0,0.0
4500006817,40,,,5870.8,5870.8,0.0,0.0
4500006817,50,,,0.0,0.0,0.0,0.0
4500006817,60,,,0.0,0.0,0.0,0.0
4500006817,70,,,0.0,0.0,0.0,0.0
4500006817,80,,,30.97,30.97,0.0,0.0
4500006817,90,,,219.47,219.47,0.0,0.0
4500006817,100,,,3400.89,3400.89,0.0,0.0
4500006817,110,,,1097.35,1097.35,0.0,0.0
4500006817,120,,,68.58,68.58,0.0,0.0
4500006817,130,,,4553.1,4553.1,0.0,0.0
4500006817,140,,,2298.23,2298.23,0.0,0.0
4500006818,10,,,216.81,0.0,0.0,0.0
4500006819,10,5000015699,20230703,2750.0,2750.0,0.0,0.0
4500006819,20,5000015699,20230703,133.52,133.52,0.0,0.0
4500006820,10,,,1253.1,1253.1,0.0,0.0
4500006820,20,,,21592.92,21592.92,0.0,0.0
4500006821,10,5000015761,20230703,1450.0,1450.0,0.0,0.0
4500006821,20,5000015761,20230703,70.4,70.4,0.0,0.0
4500006822,10,5000015194,20230629,90.0,90.0,0.0,0.0
4500006822,20,5000015194,20230629,90.0,90.0,0.0,0.0
4500006822,30,5000015194,20230629,90.0,90.0,0.0,0.0
4500006822,40,5000015194,20230629,90.0,90.0,0.0,0.0
4500006823,10,5000015382,20230630,450.0,450.0,0.0,0.0
4500006824,10,5000015205,20230629,159.8,159.8,0.0,0.0
4500006824,20,5000015205,20230629,159.8,159.8,0.0,0.0
4500006824,30,5000015205,20230629,159.8,159.8,0.0,0.0
4500006825,10,5000015204,20230629,164.0,163.64,0.0,0.0
4500006826,10,5000014843,20230627,1456.0,1456.0,1601.6,-1601.6
4500006826,20,5000014843,20230627,45.0,45.0,49.5,-49.5
4500006827,10,5000015203,20230629,90.0,90.0,0.0,0.0
4500006827,20,5000015203,20230629,90.0,90.0,0.0,0.0
4500006828,10,5000017820,20230718,4470.0,4470.0,0.0,0.0
4500006828,20,5000017820,20230718,217.03,217.03,0.0,0.0
4500006829,10,5000015200,20230629,560.0,560.0,0.0,0.0
4500006830,10,5000015199,20230629,60.0,60.0,0.0,0.0
4500006830,20,5000015199,20230629,250.0,250.0,0.0,0.0
4500006831,10,5000016832,20230712,4470.0,4470.0,0.0,0.0
4500006831,20,5000016832,20230712,217.03,217.03,0.0,0.0
4500006832,10,5000015762,20230703,1450.0,1450.0,0.0,0.0
4500006832,20,5000015762,20230703,70.4,70.4,0.0,0.0
4500006833,10,5000016268,20230707,34.9,34.9,0.0,0.0
4500006833,20,5000016268,20230707,84.5,84.5,0.0,0.0
4500006833,30,5000016270,20230707,117.7,117.7,0.0,0.0
4500006833,40,5000016268,20230707,107.86,107.86,0.0,0.0
4500006835,10,5000015022,20230628,238.0,238.0,0.0,0.0
4500006835,20,5000015022,20230628,32.23,32.23,0.0,0.0
4500006835,30,5000015022,20230628,20.0,20.0,0.0,0.0
4500006836,10,5000015196,20230629,100.0,100.0,0.0,0.0
4500006837,10,,,1142.58,1142.58,0.0,0.0
4500006838,10,,,6159.29,6159.29,0.0,0.0
4500006839,10,5000018253,20230719,300.0,300.0,0.0,0.0
4500006839,20,5000018253,20230719,272.73,272.73,0.0,0.0
4500006840,10,,,1247.79,1247.79,0.0,0.0
4500006840,20,,,1247.79,1247.79,0.0,0.0
4500006840,30,,,1690.27,1690.27,0.0,0.0
4500006840,40,,,1690.27,1690.27,0.0,0.0
4500006840,50,,,1690.27,1690.27,0.0,0.0
4500006840,60,,,1690.27,1690.27,0.0,0.0
4500006840,70,,,1690.27,1690.27,0.0,0.0
4500006840,80,,,2424.78,2424.78,0.0,0.0
4500006841,10,,,1247.79,1247.79,0.0,0.0
4500006841,20,,,1380.53,1380.53,0.0,0.0
4500006841,30,,,1380.53,1380.53,0.0,0.0
4500006841,40,,,1380.53,1380.53,0.0,0.0
4500006841,50,,,1690.27,1690.27,0.0,0.0
4500006841,60,,,1690.27,1690.27,0.0,0.0
4500006841,70,,,1690.27,1690.27,0.0,0.0
4500006841,80,,,1690.27,1690.27,0.0,0.0
4500006842,10,,,12212.39,12212.39,0.0,0.0
4500006843,10,,,501.77,501.77,0.0,0.0
4500006844,10,,,462601.77,462601.77,0.0,0.0
4500006844,20,,,462601.77,462601.77,0.0,0.0
4500006845,10,,,115044.25,115044.25,0.0,0.0
4500006846,10,,,392.92,392.92,0.0,0.0
4500006846,20,,,350.44,350.44,0.0,0.0
4500006846,30,,,297.35,297.35,0.0,0.0
4500006846,40,,,163.2,132.74,0.0,0.0
4500006846,50,,,1725.66,1725.66,0.0,0.0
4500006846,60,,,644.25,644.29,0.0,0.0
4500006846,70,,,1388.5,1407.08,0.0,0.0
4500006846,80,,,5309.73,4955.75,0.0,0.0
4500006847,10,,,3539.82,3539.82,0.0,0.0
4500006848,10,,,5761.06,5699.12,0.0,0.0
4500006849,10,5000014886,20230627,0.0,1946.9,0.0,0.0
4500006849,20,5000014886,20230627,0.0,1946.9,0.0,0.0
4500006849,30,5000014886,20230627,0.0,1946.9,0.0,0.0
4500006849,40,5000014886,20230627,0.0,1946.9,0.0,0.0
4500006849,50,5000014886,20230627,0.0,1946.9,0.0,0.0
4500006849,60,5000014886,20230627,0.0,1946.9,0.0,0.0
4500006849,70,5000014886,20230627,0.0,1946.92,0.0,0.0
4500006849,80,5000014886,20230627,0.0,1150.44,0.0,0.0
4500006849,90,5000014886,20230627,0.0,1150.44,0.0,0.0
4500006849,100,5000014886,20230627,0.0,1150.44,0.0,0.0
4500006849,110,5000014886,20230627,0.0,1150.44,0.0,0.0
4500006849,120,5000014886,20230627,0.0,1150.44,0.0,0.0
4500006849,130,5000014886,20230627,0.0,1150.44,0.0,0.0
4500006849,140,5000014886,20230627,0.0,1150.46,0.0,0.0
4500006849,150,5000014886,20230627,0.0,867.26,0.0,0.0
4500006849,160,5000014886,20230627,0.0,867.25,0.0,0.0
4500006849,170,5000014886,20230627,0.0,1327.43,0.0,0.0
4500006849,180,5000014886,20230627,0.0,1061.95,0.0,0.0
4500006849,190,5000014886,20230627,0.0,1061.94,0.0,0.0
4500006849,200,5000014886,20230627,0.0,1592.92,0.0,0.0
4500006849,210,5000014886,20230627,0.0,3185.84,0.0,0.0
4500006849,220,5000014886,20230627,0.0,230.09,0.0,0.0
4500006849,230,5000014886,20230627,0.0,230.09,0.0,0.0
4500006849,240,5000014886,20230627,0.0,230.09,0.0,0.0
4500006849,250,5000014886,20230627,0.0,230.09,0.0,0.0
4500006849,260,5000014886,20230627,0.0,230.09,0.0,0.0
4500006849,270,5000014886,20230627,0.0,230.09,0.0,0.0
4500006849,280,5000014886,20230627,0.0,230.09,0.0,0.0
4500006849,290,5000014886,20230627,0.0,230.08,0.0,0.0
4500006849,300,5000014886,20230627,0.0,778.76,0.0,0.0
4500006849,310,5000014886,20230627,0.0,778.76,0.0,0.0
4500006849,320,5000014886,20230627,0.0,778.76,0.0,0.0
4500006849,330,5000014886,20230627,0.0,778.76,0.0,0.0
4500006849,340,5000014886,20230627,0.0,4247.79,0.0,0.0
4500006849,350,5000014886,20230627,0.0,4247.79,0.0,0.0
4500006849,360,5000014886,20230627,0.0,318.58,0.0,0.0
4500006849,370,5000014886,20230627,0.0,318.58,0.0,0.0
4500006849,380,5000014886,20230627,0.0,318.58,0.0,0.0
4500006849,390,5000014886,20230627,0.0,318.58,0.0,0.0
4500006849,400,5000014886,20230627,0.0,318.58,0.0,0.0
4500006849,410,5000014886,20230627,0.0,318.58,0.0,0.0
4500006849,420,5000014886,20230627,0.0,318.58,0.0,0.0
4500006849,430,5000014886,20230627,0.0,318.58,0.0,0.0
4500006849,440,5000014886,20230627,0.0,318.58,0.0,0.0
4500006849,450,5000014886,20230627,0.0,318.58,0.0,0.0
4500006849,460,5000014886,20230627,0.0,318.58,0.0,0.0
4500006849,470,5000014886,20230627,0.0,318.58,0.0,0.0
4500006849,480,5000014886,20230627,0.0,318.58,0.0,0.0
4500006849,490,5000014886,20230627,0.0,318.64,0.0,0.0
4500006849,500,5000014886,20230627,0.0,3716.81,0.0,0.0
4500006849,510,5000014886,20230627,0.0,3716.81,0.0,0.0
4500006849,520,5000014886,20230627,0.0,3716.82,0.0,0.0
4500006850,10,5000014872,20230627,128495.58,128495.58,0.0,0.0
4500006851,10,5000014875,20230627,120707.96,120707.96,0.0,0.0
4500006852,10,5000014878,20230627,144247.79,191150.44,0.0,0.0
4500006853,10,,,0.0,0.0,0.0,0.0
4500006853,20,,,0.0,0.0,0.0,0.0
4500006853,30,,,0.0,0.0,0.0,0.0
4500006854,10,5000014882,20230627,128495.58,128495.58,0.0,0.0
4500006855,10,,,1238.94,1238.94,0.0,0.0
4500006855,20,,,736.28,736.28,0.0,0.0
4500006855,30,,,920.35,920.35,0.0,0.0
4500006856,10,5000014888,20230627,128495.58,128495.58,0.0,0.0
4500006857,10,5000027048,20230920,200.0,200.0,0.0,0.0
4500006858,10,5000021734,20230811,120.0,120.0,0.0,0.0
4500006859,10,5000015384,20230630,651.0,651.0,0.0,0.0
4500006860,10,5000015185,20230629,2750.0,2750.0,0.0,0.0
4500006860,20,5000015185,20230629,133.52,133.52,0.0,0.0
4500006861,10,,,756.64,756.64,0.0,0.0
4500006862,10,,,17960.17,17960.18,0.0,0.0
4500006862,20,,,8371.68,8371.68,0.0,0.0
4500006862,30,,,15292.04,15292.04,0.0,0.0
4500006864,10,5000017313,20230714,18000.0,18000.0,0.0,0.0
4500006865,10,5000018323,20230720,18900.0,18918.0,0.0,0.0
4500006866,10,,,11681.42,0.0,0.0,0.0
4500006867,10,,,2260.0,2260.0,0.0,0.0
4500006978,10,,,0.0,0.0,0.0,0.0
4500007144,10,5000015760,20230703,1450.0,1450.0,0.0,0.0
4500007144,20,5000015760,20230703,70.4,70.4,0.0,0.0
4500007145,10,5000021791,20230811,4470.0,4470.0,0.0,0.0
4500007145,20,5000021791,20230811,217.03,217.03,0.0,0.0
4500007147,10,5000014962,20230628,261415.93,261415.93,0.0,0.0
4500007148,10,5000014967,20230628,128495.58,128495.58,0.0,0.0
4500007149,10,5000014969,20230628,206814.16,206814.16,0.0,0.0
4500007150,10,5000014971,20230628,191150.44,150780.53,0.0,0.0
4500007152,10,5000016145,20230706,2350.0,2350.0,0.0,0.0
4500007152,20,5000016145,20230706,114.1,114.1,0.0,0.0
4500007153,10,5000015186,20230629,2750.0,2750.0,0.0,0.0
4500007153,20,5000015186,20230629,133.52,133.52,0.0,0.0
4500007154,10,5000016249,20230707,2368.0,2453.24,0.0,0.0
4500007154,20,5000016249,20230707,1188.0,1188.0,0.0,0.0
4500007155,10,5000017817,20230718,2650.0,2650.0,0.0,0.0
4500007155,20,5000017817,20230718,128.66,128.66,0.0,0.0
4500007156,10,5000015759,20230703,1450.0,1450.0,0.0,0.0
4500007156,20,5000015759,20230703,70.4,70.4,0.0,0.0
4500007157,10,5000016219,20230707,190.8,190.8,0.0,0.0
4500007157,20,5000016219,20230707,19.0,19.0,0.0,0.0
4500007157,30,5000016219,20230707,100.0,100.0,0.0,0.0
4500007157,40,5000016219,20230707,264.0,264.0,0.0,0.0
4500007158,10,5000016218,20230707,85.0,85.0,0.0,0.0
4500007160,10,5000016217,20230707,126.36,126.36,0.0,0.0
4500007160,20,5000016217,20230707,52.5,52.5,0.0,0.0
4500007161,10,5000017862,20230718,2350.0,2350.0,0.0,0.0
4500007161,20,5000017862,20230718,114.1,114.1,0.0,0.0
4500007163,10,5000015758,20230703,1450.0,1450.0,0.0,0.0
4500007163,20,5000015758,20230703,70.4,70.4,0.0,0.0
4500007164,10,,,1818913.98,1819094.09,0.0,0.0
4500007165,10,,,129345.13,129345.13,0.0,0.0
4500007166,10,,,4960.97,4960.97,0.0,0.0
4500007166,20,,,6156.11,6156.11,0.0,0.0
4500007166,30,,,5074.34,5074.34,0.0,0.0
4500007166,40,,,3186.37,3186.37,0.0,0.0
4500007166,50,,,4689.29,4689.29,0.0,0.0
4500007166,60,,,6580.35,6580.35,0.0,0.0
4500007166,70,,,869.73,869.73,0.0,0.0
4500007166,80,,,407.79,407.79,0.0,0.0
4500007166,90,,,360.0,360.0,0.0,0.0
4500007167,10,,,19395.04,19395.04,0.0,0.0
4500007167,20,,,0.0,0.0,0.0,0.0
4500007167,30,,,198097.35,198097.35,0.0,0.0
4500007167,40,,,64883.54,64883.54,0.0,0.0
4500007169,10,,,317548.67,317548.67,0.0,0.0
4500007169,20,,,278345.13,278345.13,0.0,0.0
4500007169,30,,,40265.49,40265.49,0.0,0.0
4500007170,10,5000015058,20230628,410250.97,0.0,0.0,0.0
4500007171,10,5000015059,20230628,410250.97,0.0,0.0,0.0
4500007172,10,5000015060,20230628,410250.97,0.0,0.0,0.0
4500007173,10,5000015061,20230628,410250.97,0.0,0.0,0.0
4500007174,10,5000015062,20230628,410250.97,0.0,0.0,0.0
4500007175,10,,,5628.32,5628.32,0.0,0.0
4500007175,20,,,5309.73,5309.73,0.0,0.0
4500007176,10,5000015063,20230628,410250.97,0.0,0.0,0.0
4500007177,10,,,460.18,460.18,0.0,0.0
4500007178,10,,,93.45,93.45,0.0,0.0
4500007178,20,,,46.73,46.73,0.0,0.0
4500007178,30,,,221.24,221.24,0.0,0.0
4500007179,10,5000015100,20230628,540.8,478.58,0.0,0.0
4500007179,20,5000015100,20230628,3861.6,3417.35,0.0,0.0
4500007179,30,5000015100,20230628,669.5,592.48,0.0,0.0
4500007179,40,5000015100,20230628,2882.95,2551.28,0.0,0.0
4500007179,50,5000015100,20230628,6253.85,5534.38,0.0,0.0
4500007179,60,5000015100,20230628,2983.54,2983.54,0.0,0.0
4500007179,70,5000015100,20230628,6956.92,6156.57,0.0,0.0
4500007179,80,5000015100,20230628,4179.88,3699.01,0.0,0.0
4500007179,90,5000015100,20230628,1027.7,909.47,0.0,0.0
4500007179,100,5000015100,20230628,1027.7,909.47,0.0,0.0
4500007179,110,5000015100,20230628,3413.6,3020.88,0.0,0.0
4500007179,120,5000015100,20230628,211.5,187.17,0.0,0.0
4500007179,130,5000015100,20230628,1667.16,1475.36,0.0,0.0
4500007179,140,5000015100,20230628,1667.16,1475.36,0.0,0.0
4500007179,150,5000015100,20230628,2132.34,1887.03,0.0,0.0
4500007179,160,5000015100,20230628,2132.34,1887.03,0.0,0.0
4500007179,170,5000015100,20230628,605.87,536.17,0.0,0.0
4500007179,180,5000015100,20230628,884.0,782.3,0.0,0.0
4500007179,190,5000015100,20230628,884.0,782.3,0.0,0.0
4500007179,200,5000015100,20230628,1249.76,1105.98,0.0,0.0
4500007179,210,5000015100,20230628,1249.76,1105.98,0.0,0.0
4500007179,220,5000015100,20230628,892.8,790.09,0.0,0.0
4500007179,230,5000015100,20230628,268.08,237.24,0.0,0.0
4500007179,240,5000015100,20230628,540.8,478.58,0.0,0.0
4500007179,250,5000015100,20230628,539.4,477.35,0.0,0.0
4500007179,260,5000015100,20230628,13521.2,11965.66,0.0,0.0
4500007179,270,5000015100,20230628,1141.6,1010.27,0.0,0.0
4500007179,280,5000015100,20230628,8560.2,7575.4,0.0,0.0
4500007179,290,5000015100,20230628,68738.56,60830.58,0.0,0.0
4500007179,300,5000015100,20230628,684.36,605.63,0.0,0.0
4500007179,310,5000015100,20230628,9533.75,8436.95,0.0,0.0
4500007179,320,5000015100,20230628,1921.49,1700.43,0.0,0.0
4500007179,330,5000015100,20230628,833.07,737.23,0.0,0.0
4500007179,340,5000015100,20230628,619.07,547.85,0.0,0.0
4500007179,350,5000015100,20230628,1901.76,1682.97,0.0,0.0
4500007181,10,,,4247.79,4247.79,0.0,0.0
4500007182,10,,,19026.55,19026.55,0.0,0.0
4500007183,10,,,1247.79,1247.79,0.0,0.0
4500007183,20,,,1380.53,1380.53,0.0,0.0
4500007183,30,,,1380.53,1380.53,0.0,0.0
4500007183,40,,,1380.53,1380.53,0.0,0.0
4500007183,50,,,1380.53,1380.53,0.0,0.0
4500007183,60,,,1690.27,1690.27,0.0,0.0
4500007183,70,,,1690.27,1690.27,0.0,0.0
4500007183,80,,,2424.78,2424.78,0.0,0.0
4500007183,90,,,2424.78,2424.78,0.0,0.0
4500007184,10,,,1150.44,1150.44,0.0,0.0
4500007184,20,,,4690.27,4690.27,0.0,0.0
4500007185,10,,,9540.93,9540.93,0.0,0.0
4500007185,20,,,73.54,73.54,0.0,0.0
4500007185,30,,,73.54,73.54,0.0,0.0
4500007185,40,,,1380.0,1380.0,0.0,0.0
4500007185,50,,,827.96,827.96,0.0,0.0
4500007185,60,,,4844.25,4844.25,0.0,0.0
4500007185,70,,,253.27,253.27,0.0,0.0
4500007185,80,,,1656.0,1656.0,0.0,0.0
4500007185,90,,,1472.0,1472.0,0.0,0.0
4500007186,10,,,769.91,769.91,0.0,0.0
4500007186,20,,,336.28,336.28,0.0,0.0
4500007186,30,,,902.65,902.65,0.0,0.0
4500007186,40,,,1769.91,1769.91,0.0,0.0
4500007186,50,,,5946.91,5946.91,0.0,0.0
4500007186,60,,,134.51,134.51,0.0,0.0
4500007186,70,,,247.8,247.79,0.0,0.0
4500007186,80,,,407.08,407.08,0.0,0.0
4500007186,90,,,2867.26,2867.26,0.0,0.0
4500007186,100,,,672.57,672.57,0.0,0.0
4500007186,110,,,424.78,424.78,0.0,0.0
4500007186,120,,,176.99,176.99,0.0,0.0
4500007186,130,,,216.81,216.81,0.0,0.0
4500007186,140,,,407.08,407.08,0.0,0.0
4500007186,150,,,358.41,358.41,0.0,0.0
4500007186,160,,,123.89,123.89,0.0,0.0
4500007186,170,,,190.27,190.27,0.0,0.0
4500007186,180,,,336.28,336.28,0.0,0.0
4500007186,190,,,176.99,176.99,0.0,0.0
4500007186,210,,,238.94,238.94,0.0,0.0
4500007186,220,,,672.57,672.57,0.0,0.0
4500007186,230,,,2256.64,2256.64,0.0,0.0
4500007186,240,,,380.53,380.53,0.0,0.0
4500007186,250,,,143.36,143.36,0.0,0.0
4500007186,260,,,704.42,704.42,0.0,0.0
4500007186,270,,,530.97,530.97,0.0,0.0
4500007186,280,,,1699.12,1699.12,0.0,0.0
4500007186,290,,,371.68,371.68,0.0,0.0
4500007186,300,,,398.23,398.23,0.0,0.0
4500007186,310,,,424.78,424.78,0.0,0.0
4500007186,320,,,424.78,424.78,0.0,0.0
4500007187,10,,,847.43,847.43,0.0,0.0
4500007187,20,,,259.91,259.91,0.0,0.0
4500007187,30,,,331.86,331.86,0.0,0.0
4500007188,10,5000015703,20230703,4200.0,4200.0,0.0,0.0
4500007188,20,5000015703,20230703,4200.0,4200.0,0.0,0.0
4500007190,10,5000016226,20230707,370.0,370.0,0.0,0.0
4500007191,10,5000017220,20230713,370.0,370.0,0.0,0.0
4500007192,10,5000017216,20230713,370.0,370.0,0.0,0.0
4500007193,10,5000016227,20230707,370.0,370.0,0.0,0.0
4500007194,10,5000017210,20230713,370.0,370.0,0.0,0.0
4500007195,10,5000017863,20230718,2350.0,2350.0,0.0,0.0
4500007195,20,5000017863,20230718,114.1,114.1,0.0,0.0
4500007196,10,5000015757,20230703,1450.0,1450.0,0.0,0.0
4500007196,20,5000015757,20230703,70.4,70.4,0.0,0.0
4500007197,10,5000015706,20230703,635.25,635.25,0.0,0.0
4500007198,10,,,3180.31,3180.31,0.0,0.0
4500007199,10,,,4601.78,4601.78,0.0,0.0
4500007199,20,,,6371.68,6371.68,0.0,0.0
4500007200,10,5000015692,20230703,2750.0,2750.0,0.0,0.0
4500007200,20,5000015692,20230703,133.52,133.52,0.0,0.0
4500007202,10,5000015756,20230703,1450.0,1450.0,0.0,0.0
4500007202,20,5000015756,20230703,70.4,70.4,0.0,0.0
4500007204,10,5000015214,20230629,404513.27,404513.27,0.0,0.0
4500007205,10,,,174734.51,174734.51,0.0,0.0
4500007207,10,5000015755,20230703,1100.0,1100.0,0.0,0.0
4500007207,20,5000015755,20230703,53.41,53.41,0.0,0.0
4500007208,10,,,2920.35,2920.35,0.0,0.0
4500007208,20,,,3982.31,3982.3,0.0,0.0
4500007209,10,,,0.0,0.0,0.0,0.0
4500007209,20,,,1989437.17,1989437.17,0.0,0.0
4500007209,30,,,1136821.24,1136821.24,0.0,0.0
4500007209,40,,,3978874.34,3978874.34,0.0,0.0
4500007210,10,5000020520,20230802,4470.0,4470.0,0.0,0.0
4500007210,20,5000020520,20230802,217.03,217.03,0.0,0.0
4500007211,10,,,176.99,176.99,0.0,0.0
4500007211,20,,,4681.42,4681.41,0.0,0.0
4500007211,30,,,0.0,0.0,0.0,0.0
4500007211,40,,,70.8,70.8,0.0,0.0
4500007211,50,,,473.45,473.45,0.0,0.0
4500007211,60,,,1371.68,1371.68,0.0,0.0
4500007211,70,,,973.45,973.45,0.0,0.0
4500007211,80,,,563.72,563.72,0.0,0.0
4500007212,10,,,2513.27,2513.27,0.0,0.0
4500007212,20,,,200.88,200.88,0.0,0.0
4500007213,10,5000015419,20230630,372.0,372.0,0.0,0.0
4500007214,10,5000019496,20230727,2650.0,2650.0,0.0,0.0
4500007215,10,,,10707.96,10707.96,0.0,0.0
4500007216,10,5000015417,20230630,90.0,90.0,0.0,0.0
4500007216,20,5000015417,20230630,90.0,90.0,0.0,0.0
4500007216,30,5000015417,20230630,90.0,90.0,0.0,0.0
4500007217,10,5000015414,20230630,147.0,147.0,0.0,0.0
4500007217,20,5000015414,20230630,22.0,22.0,0.0,0.0
4500007217,30,5000015414,20230630,2388.0,2388.0,0.0,0.0
4500007217,40,5000015414,20230630,2985.0,2985.0,0.0,0.0
4500007218,10,5000015413,20230630,103.5,103.5,0.0,0.0
4500007219,10,5000015412,20230630,207.0,207.0,0.0,0.0
4500007220,10,,,22511.5,22511.51,0.0,0.0
4500007221,10,5000015693,20230703,2750.0,2750.0,0.0,0.0
4500007221,20,5000015693,20230703,133.52,133.52,0.0,0.0
4500007222,10,,,1818913.98,1819094.09,0.0,0.0
4500007223,10,5000016146,20230706,2650.0,2650.0,0.0,0.0
4500007223,20,5000016146,20230706,128.66,128.66,0.0,0.0
4500007224,10,,,11893.81,11893.81,0.0,0.0
4500007224,20,,,1017.7,1017.7,0.0,0.0
4500007224,30,,,1148.67,1148.67,0.0,0.0
4500007225,10,5000015702,20230703,1100.0,1100.0,0.0,0.0
4500007225,20,5000015702,20230703,53.41,53.41,0.0,0.0
4500007226,10,5000015754,20230703,1100.0,1100.0,0.0,0.0
4500007226,20,5000015754,20230703,53.41,53.41,0.0,0.0
4500007227,10,,,4823.01,4823.01,0.0,0.0
4500007227,20,,,13683.63,13683.63,0.0,0.0
4500007227,30,,,3413.72,3413.72,0.0,0.0
4500007227,40,,,7389.38,7389.38,0.0,0.0
4500007227,50,,,3179.2,3179.2,0.0,0.0
4500007229,10,5000016830,20230712,2350.0,2350.0,0.0,0.0
4500007229,20,5000016830,20230712,114.1,114.1,0.0,0.0
4500007230,10,5000015206,20230629,32.0,0.0,0.0,0.0
4500007231,10,5000016854,20230712,2125.0,2125.0,0.0,0.0
4500007231,20,5000016854,20230712,70.4,70.4,0.0,0.0
4500007232,10,5000015694,20230703,2750.0,2750.0,0.0,0.0
4500007232,20,5000015694,20230703,133.52,133.52,0.0,0.0
4500007233,10,5000019428,20230727,2350.0,2350.0,0.0,0.0
4500007233,20,5000019428,20230727,114.1,114.1,0.0,0.0
4500007234,10,,,8510.97,8510.97,0.0,0.0
4500007234,20,,,0.0,0.0,0.0,0.0
4500007234,30,,,3690.0,3690.0,0.0,0.0
4500007235,10,,,105849.56,105849.56,0.0,0.0
4500007235,20,,,217433.63,217433.63,0.0,0.0
4500007235,30,,,105849.56,105849.56,0.0,0.0
4500007235,40,,,217433.63,217433.63,0.0,0.0
4500007236,10,,,132.74,132.74,0.0,0.0
4500007236,20,,,33.19,33.19,0.0,0.0
4500007236,30,,,33.19,33.19,0.0,0.0
4500007236,40,,,132.74,132.74,0.0,0.0
4500007236,50,,,132.74,132.74,0.0,0.0
4500007236,60,,,132.74,132.74,0.0,0.0
4500007236,70,,,66.37,66.37,0.0,0.0
4500007236,80,,,33.19,33.19,0.0,0.0
4500007236,90,,,33.19,33.19,0.0,0.0
4500007236,100,,,21238.94,21238.94,0.0,0.0
4500007236,120,,,26.55,26.55,0.0,0.0
4500007237,10,,,191.15,191.15,0.0,0.0
4500007237,20,,,265.49,265.49,0.0,0.0
4500007237,30,,,414.16,414.16,0.0,0.0
4500007237,40,,,133.01,133.01,0.0,0.0
4500007238,10,,,134.51,134.51,0.0,0.0
4500007239,10,5000015222,20230629,601.77,601.77,0.0,0.0
4500007239,20,5000015222,20230629,867.26,867.26,0.0,0.0
4500007239,30,5000015222,20230629,3539.82,3539.82,0.0,0.0
4500007239,40,5000015222,20230629,407.08,407.08,0.0,0.0
4500007261,10,,,265.49,265.49,0.0,0.0
4500007262,10,,,73718.95,73718.95,0.0,0.0
4500007262,20,,,69468.99,69468.99,0.0,0.0
4500007263,10,,,12252.9,12252.9,0.0,0.0
4500007263,20,,,7511.31,7511.31,0.0,0.0
4500007264,10,,,7830.53,7830.53,0.0,0.0
4500007264,20,,,256.64,256.64,0.0,0.0
4500007266,10,5000015274,20230630,1600.0,1600.0,0.0,0.0
4500007267,10,,,2787.62,2787.62,0.0,0.0
4500007268,10,,,176.99,176.99,0.0,0.0
4500007269,10,,,7013.68,7013.68,0.0,0.0
4500007269,20,,,3755.65,3755.65,0.0,0.0
4500007270,10,,,1592.92,1592.92,0.0,0.0
4500007270,20,,,2964.6,2964.6,0.0,0.0
4500007271,10,,,1221.24,1221.24,0.0,0.0
4500007272,10,,,5324.55,5324.55,0.0,0.0
4500007272,20,,,3755.65,3755.65,0.0,0.0
4500007273,10,,,40265.49,40265.49,0.0,0.0
4500007274,10,,,761.06,761.06,0.0,0.0
4500007274,20,,,9203.54,9203.54,0.0,0.0
4500007275,10,5000015254,20230629,163556.64,163556.64,0.0,0.0
4500007276,10,,,6053.1,6053.1,0.0,0.0
4500007276,20,,,4646.02,4646.02,0.0,0.0
4500007276,30,,,5044.25,5044.25,0.0,0.0
4500007277,10,5000015257,20230629,191150.44,191150.44,0.0,0.0
4500007278,10,5000016591,20230710,50.0,50.0,0.0,0.0
4500007278,20,5000016591,20230710,100.0,100.0,0.0,0.0
4500007278,30,5000016591,20230710,100.0,100.0,0.0,0.0
4500007279,10,5000016220,20230707,620.0,620.0,0.0,0.0
4500007280,10,5000018505,20230721,750.0,750.0,0.0,0.0
4500007281,10,5000018253,20230719,545.45,545.45,0.0,0.0
4500007282,10,,,77256.64,77256.64,0.0,0.0
4500007282,20,,,0.0,0.0,0.0,0.0
4500007282,30,,,53049.56,53049.56,0.0,0.0
4500007282,40,,,6695.58,6695.58,0.0,0.0
4500007282,50,,,29615.04,29615.04,0.0,0.0
4500007282,60,,,8755.75,8755.75,0.0,0.0
4500007283,10,,,61946.9,60884.96,0.0,0.0
4500007284,10,,,1019973.45,1025073.32,0.0,0.0
4500007284,20,,,74070.8,74441.15,0.0,0.0
4500007284,30,,,130973.45,131628.32,0.0,0.0
4500007284,40,,,35654.87,35833.14,0.0,0.0
4500007284,50,,,31128.32,31284.42,0.0,0.0
4500007284,60,,,41415.93,41623.01,0.0,0.0
4500007284,70,,,0.0,0.0,0.0,0.0
4500007284,80,,,15796.46,15875.44,0.0,0.0
4500007284,90,,,95840.71,96319.91,0.0,0.0
4500007285,10,5000015307,20230630,191150.44,65309.73,0.0,0.0
4500007286,10,5000016225,20230707,150.0,150.0,0.0,0.0
4500007287,10,5000015308,20230630,347610.62,347610.62,0.0,0.0
4500007288,10,5000015309,20230630,191150.44,191150.44,0.0,0.0
4500007289,10,5000015310,20230630,191150.44,150780.53,0.0,0.0
4500007290,10,5000015311,20230630,300619.47,210796.46,0.0,0.0
4500007292,10,5000015313,20230630,191150.44,65309.73,0.0,0.0
4500007293,10,5000015315,20230630,191150.44,150780.53,0.0,0.0
4500007294,10,5000015319,20230630,206814.16,206814.16,0.0,0.0
4500007295,10,5000015677,20230703,880.0,880.0,0.0,0.0
4500007296,10,5000015321,20230630,120707.96,120707.96,0.0,0.0
4500007297,10,5000015323,20230630,191150.44,191150.44,0.0,0.0
4500007298,10,5000015325,20230630,76460.18,76460.18,0.0,0.0
4500007299,10,5000015678,20230703,880.0,880.0,0.0,0.0
4500007300,10,5000016174,20230706,1450.0,1450.0,0.0,0.0
4500007300,20,5000016174,20230706,70.4,70.4,0.0,0.0
4500007301,10,5000015332,20230630,113000.0,100000.0,0.0,0.0
4500007302,10,5000015721,20230703,2750.0,2750.0,0.0,0.0
4500007302,20,5000015721,20230703,133.52,133.52,0.0,0.0
4500007303,10,5000015335,20230630,15115.5,15115.5,0.0,0.0
4500007304,10,5000016232,20230707,3540.0,3540.0,0.0,0.0
4500007305,10,5000016231,20230707,126.0,126.0,0.0,0.0
4500007306,10,5000015337,20230630,100000.0,100000.0,0.0,0.0
4500007307,10,5000015342,20230630,10619.47,10619.48,0.0,0.0
4500007308,10,5000016228,20230707,159.09,159.09,0.0,0.0
4500007309,10,5000016229,20230707,159.09,159.09,0.0,0.0
4500007310,10,,,1740.0,1740.0,0.0,0.0
4500007310,20,,,4032.0,4032.0,0.0,0.0
4500007310,30,,,5760.0,5760.0,0.0,0.0
4500007311,10,,,2654.87,2654.87,0.0,0.0
4500007312,10,5000016223,20230707,80.0,80.85,0.0,0.0
4500007313,10,5000015373,20230630,300619.47,161484.96,0.0,0.0
4500007314,10,5000015374,20230630,100000.0,100000.0,0.0,0.0
4500007315,10,,,796.46,796.46,0.0,0.0
4500007316,10,,,336345.13,338026.86,0.0,0.0
4500007316,20,,,35088.5,35264.51,0.0,0.0
4500007316,30,,,48765.49,49009.79,0.0,0.0
4500007317,10,,,210557.52,211610.31,0.0,0.0
4500007318,10,,,1679.2,2076.11,0.0,0.0
4500007319,10,,,24212.39,24938.76,0.0,0.0
4500007320,10,5000015676,20230703,18502.0,18502.0,0.0,0.0
4500007321,10,5000015388,20230630,100000.0,100000.0,0.0,0.0
4500007322,10,5000015679,20230703,207.0,207.0,0.0,0.0
4500007323,10,5000015392,20230630,112389.38,110619.47,0.0,0.0
4500007324,10,5000015395,20230630,112389.38,110619.47,0.0,0.0
4500007325,10,5000015398,20230630,112389.38,110619.47,0.0,0.0
4500007326,10,5000015722,20230703,2750.0,2750.0,0.0,0.0
4500007326,20,5000015722,20230703,133.52,133.52,0.0,0.0
4500007327,10,5000016173,20230706,1350.0,1350.0,0.0,0.0
4500007327,20,5000016173,20230706,65.54,65.54,0.0,0.0
4500007328,10,5000019498,20230727,2350.0,2350.0,0.0,0.0
4500007328,20,5000019498,20230727,114.1,114.1,0.0,0.0
4500007329,10,5000016829,20230712,2650.0,2650.0,0.0,0.0
4500007329,20,5000016829,20230712,128.66,128.66,0.0,0.0
4500007330,10,5000015666,20230703,4470.0,4470.0,0.0,0.0
4500007330,20,5000015666,20230703,217.03,217.03,0.0,0.0
4500007331,10,,,0.0,0.0,0.0,0.0
4500007332,10,,,169646.02,169646.01,0.0,0.0
4500007332,20,,,96363.72,96363.72,0.0,0.0
4500007332,30,,,105132.74,105132.74,0.0,0.0
4500007332,40,,,176415.94,176415.94,0.0,0.0
4500007332,50,,,106088.5,106088.5,0.0,0.0
4500007332,60,,,169646.02,169646.01,0.0,0.0
4500007333,10,5000015502,20230630,319469.03,319469.03,0.0,0.0
4500007334,10,5000015503,20230630,319469.03,319469.03,0.0,0.0
4500007335,10,5000015504,20230630,196637.17,157699.12,0.0,0.0
4500007336,10,5000015505,20230630,202831.86,202831.86,0.0,0.0
4500007337,10,5000015506,20230630,235840.71,235840.71,0.0,0.0
4500007338,10,5000015507,20230630,252200.0,223185.84,0.0,0.0
4500007339,10,5000015508,20230630,266500.0,284070.8,0.0,0.0
4500007340,10,5000015509,20230630,202831.86,202831.86,0.0,0.0
4500007341,10,,,3805.31,3805.31,0.0,0.0
4500007342,10,5000015512,20230630,202831.86,202831.86,0.0,0.0
4500007343,10,5000015513,20230630,235840.71,235840.71,0.0,0.0
4500007344,10,,,127.43,127.43,0.0,0.0
4500007345,10,,,27610.62,27610.62,0.0,0.0
4500007346,10,,,6194.69,6194.69,0.0,0.0
4500007348,10,,,0.0,0.0,0.0,0.0
4500007349,10,,,0.0,0.0,0.0,0.0
4500007350,10,,,10.41,10.41,0.0,0.0
4500007351,10,,,0.0,0.0,0.0,0.0
4500007352,10,,,0.0,0.0,0.0,0.0
4500007354,10,,,0.0,0.0,0.0,0.0
4500007355,10,,,0.0,0.0,0.0,0.0
4500007356,10,,,1382.65,1382.65,0.0,0.0
4500007356,20,,,527.7,527.7,0.0,0.0
4500007356,30,,,331.86,331.86,0.0,0.0
4500007357,10,,,637.17,630.0,0.0,0.0
4500007358,10,,,3539.82,3539.82,0.0,0.0
4500007358,20,,,11061.95,11061.95,0.0,0.0
4500007358,30,,,6194.69,6194.69,0.0,0.0
4500007359,10,,,1876.11,1876.11,0.0,0.0
4500007360,10,,,3185.84,3185.84,0.0,0.0
4500007361,30,,,112526.96,112526.96,0.0,0.0
4500007361,40,,,145386.09,145386.09,0.0,0.0
4500007361,50,,,208603.78,208603.78,0.0,0.0
4500007361,60,,,127876.65,127876.65,0.0,0.0
4500007361,70,,,203392.18,203392.18,0.0,0.0
4500007362,10,,,222462.05,222462.05,0.0,0.0
4500007362,20,,,144084.3,144084.3,0.0,0.0
4500007362,30,,,92285.4,92285.4,0.0,0.0
4500007362,40,,,20086.35,20086.35,0.0,0.0
4500007362,50,,,113537.43,113537.43,0.0,0.0
4500007363,10,,,126554.25,126554.25,0.0,0.0
4500007363,20,,,226231.2,226231.2,0.0,0.0
4500007363,30,,,252903.74,252903.74,0.0,0.0
4500007363,40,,,110519.22,110519.22,0.0,0.0
4500007363,50,,,40700.0,40700.0,0.0,0.0
4500007364,10,,,107437.59,107437.59,0.0,0.0
4500007364,20,,,175542.85,175542.85,0.0,0.0
4500007364,30,,,222944.08,222944.08,0.0,0.0
4500007364,40,,,179051.74,179051.74,0.0,0.0
4500007364,50,,,92934.84,92934.84,0.0,0.0
4500007365,10,,,247.79,247.79,0.0,0.0
4500007365,20,,,1221.24,1221.24,0.0,0.0
4500007366,10,,,129472.57,129472.57,0.0,0.0
4500007366,20,,,226407.08,226407.08,0.0,0.0
4500007366,30,,,24764.6,24764.6,0.0,0.0
4500007367,10,,,28318.58,28318.58,0.0,0.0
4500007368,10,,,1632.0,0.0,0.0,0.0
4500007368,20,,,480.0,0.0,0.0,0.0
4500007369,10,,,663.72,663.72,0.0,0.0
4500007370,10,,,42.04,42.04,0.0,0.0
4500007370,20,,,35.4,35.4,0.0,0.0
4500007371,10,,,88.5,88.5,0.0,0.0
4500007373,10,,,40104.42,40104.42,0.0,0.0
4500007374,10,,,884.96,884.96,0.0,0.0
4500007375,10,,,36106.19,36106.19,0.0,0.0
4500007376,10,,,51.08,0.0,0.0,0.0
4500007376,20,,,20.02,0.0,0.0,0.0
4500007376,30,,,19.33,0.0,0.0,0.0
4500007376,40,,,26.92,0.0,0.0,0.0
4500007376,50,,,32.44,0.0,0.0,0.0
4500007376,60,,,385.86,0.0,0.0,0.0
4500007376,70,,,10.35,0.0,0.0,0.0
4500007376,80,,,9.66,0.0,0.0,0.0
4500007376,90,,,11.04,0.0,0.0,0.0
4500007376,100,,,9.66,0.0,0.0,0.0
4500007376,110,,,9.66,0.0,0.0,0.0
4500007376,120,,,25.54,0.0,0.0,0.0
4500007376,130,,,24.16,0.0,0.0,0.0
4500007376,140,,,95.26,0.0,0.0,0.0
4500007376,150,,,9.66,0.0,0.0,0.0
4500007376,160,,,4.83,0.0,0.0,0.0
4500007376,170,,,8.28,0.0,0.0,0.0
4500007376,180,,,0.04,0.0,0.0,0.0
4500007376,190,,,66.96,0.0,0.0,0.0
4500007376,200,,,11.73,0.0,0.0,0.0
4500007376,210,,,98.02,0.0,0.0,0.0
4500007376,220,,,51.42,0.0,0.0,0.0
4500007376,230,,,50.39,0.0,0.0,0.0
4500007376,240,,,2.07,0.0,0.0,0.0
4500007376,250,,,15.19,0.0,0.0,0.0
4500007376,260,,,28.99,0.0,0.0,0.0
4500007376,270,,,7.59,0.0,0.0,0.0
4500007376,280,,,9.66,0.0,0.0,0.0
4500007376,290,,,37.27,0.0,0.0,0.0
4500007376,300,,,15.19,0.0,0.0,0.0
4500007376,310,,,122.18,0.0,0.0,0.0
4500007376,320,,,0.0,0.0,0.0,0.0
4500007376,330,,,22.09,0.0,0.0,0.0
4500007376,340,,,6.21,0.0,0.0,0.0
4500007376,350,,,55.91,0.0,0.0,0.0
4500007376,360,,,55.91,0.0,0.0,0.0
4500007376,370,,,37.96,0.0,0.0,0.0
4500007376,380,,,37.96,0.0,0.0,0.0
4500007376,390,,,13.12,0.0,0.0,0.0
4500007376,400,,,13.12,0.0,0.0,0.0
4500007376,410,,,78.69,0.0,0.0,0.0
4500007376,420,,,78.69,0.0,0.0,0.0
4500007376,430,,,31.06,0.0,0.0,0.0
4500007376,440,,,30.37,0.0,0.0,0.0
4500007376,450,,,147.72,0.0,0.0,0.0
4500007376,460,,,184.3,0.0,0.0,0.0
4500007376,470,,,37.96,0.0,0.0,0.0
4500007376,480,,,60.05,0.0,0.0,0.0
4500007376,490,,,18.41,0.0,0.0,0.0
4500007376,500,,,26.92,0.0,0.0,0.0
4500007376,510,,,118.73,0.0,0.0,0.0
4500007376,520,,,5.52,0.0,0.0,0.0
4500007376,530,,,8.28,0.0,0.0,0.0
4500007376,540,,,84.9,0.0,0.0,0.0
4500007376,550,,,80.76,0.0,0.0,0.0
4500007376,560,,,95.95,0.0,0.0,0.0
4500007376,570,,,95.95,0.0,0.0,0.0
4500007376,580,,,8.28,0.0,0.0,0.0
4500007376,590,,,174.64,0.0,0.0,0.0
4500007376,600,,,52.46,0.0,0.0,0.0
4500007376,610,,,6.21,0.0,0.0,0.0
4500007376,620,,,50.39,0.0,0.0,0.0
4500007376,630,,,18.64,0.0,0.0,0.0
4500007376,640,,,73.86,0.0,0.0,0.0
4500007376,650,,,20.71,0.0,0.0,0.0
4500007376,660,,,115.96,0.0,0.0,0.0
4500007376,670,,,90.42,0.0,0.0,0.0
4500007376,680,,,17.26,0.0,0.0,0.0
4500007376,690,,,17.26,0.0,0.0,0.0
4500007376,700,,,24.85,0.0,0.0,0.0
4500007376,710,,,24.85,0.0,0.0,0.0
4500007376,720,,,67.65,0.0,0.0,0.0
4500007376,730,,,67.65,0.0,0.0,0.0
4500007376,740,,,55.22,0.0,0.0,0.0
4500007376,750,,,55.22,0.0,0.0,0.0
4500007376,760,,,15.88,0.0,0.0,0.0
4500007376,770,,,22.09,0.0,0.0,0.0
4500007376,780,,,47.63,0.0,0.0,0.0
4500007376,790,,,71.1,0.0,0.0,0.0
4500007376,800,,,6.9,5.86,0.0,0.0
4500007376,810,,,45.56,0.0,0.0,0.0
4500007376,820,,,25.54,0.0,0.0,0.0
4500007376,830,,,55.22,0.0,0.0,0.0
4500007376,840,,,404.5,0.0,0.0,0.0
4500007376,850,,,404.5,0.0,0.0,0.0
4500007376,860,,,385.86,0.0,0.0,0.0
4500007376,870,,,381.03,0.0,0.0,0.0
4500007376,880,,,237.45,0.0,0.0,0.0
4500007376,890,,,22.09,0.0,0.0,0.0
4500007376,900,,,21.4,0.0,0.0,0.0
4500007376,910,,,4.83,0.0,0.0,0.0
4500007376,920,,,0.69,0.0,0.0,0.0
4500007376,930,,,24.85,0.0,0.0,0.0
4500007376,940,,,36.58,0.0,0.0,0.0
4500007376,950,,,27.61,0.0,0.0,0.0
4500007376,960,,,31.06,0.0,0.0,0.0
4500007376,970,,,31.06,0.0,0.0,0.0
4500007376,980,,,35.2,0.0,0.0,0.0
4500007376,990,,,33.82,0.0,0.0,0.0
4500007376,1000,,,35.89,0.0,0.0,0.0
4500007376,1010,,,2.07,0.0,0.0,0.0
4500007376,1020,,,2.07,0.0,0.0,0.0
4500007376,1030,,,5.52,0.0,0.0,0.0
4500007376,1040,,,26.92,0.0,0.0,0.0
4500007376,1050,,,24.85,0.0,0.0,0.0
4500007376,1060,,,3.45,0.0,0.0,0.0
4500007376,1070,,,3.45,0.0,0.0,0.0
4500007376,1080,,,0.35,0.0,0.0,0.0
4500007376,1090,,,1.38,0.0,0.0,0.0
4500007376,1100,,,1.38,0.0,0.0,0.0
4500007376,1110,,,8.28,0.0,0.0,0.0
4500007376,1120,,,16.57,0.0,0.0,0.0
4500007376,1130,,,2.76,0.0,0.0,0.0
4500007376,1140,,,4.83,0.0,0.0,0.0
4500007376,1150,,,4.14,0.0,0.0,0.0
4500007376,1160,,,27.61,0.0,0.0,0.0
4500007376,1170,,,28.3,0.0,0.0,0.0
4500007376,1180,,,26.92,0.0,0.0,0.0
4500007376,1190,,,37.96,0.0,0.0,0.0
4500007376,1200,,,11.73,0.0,0.0,0.0
4500007376,1210,,,2.76,0.0,0.0,0.0
4500007376,1220,,,3.45,0.0,0.0,0.0
4500007376,1230,,,6.9,0.0,0.0,0.0
4500007376,1240,,,33.24,0.0,0.0,0.0
4500007376,1250,,,20.02,0.0,0.0,0.0
4500007376,1260,,,0.69,0.0,0.0,0.0
4500007376,1270,,,44.18,0.0,0.0,0.0
4500007376,1280,,,44.18,0.0,0.0,0.0
4500007376,1290,,,44.87,0.0,0.0,0.0
4500007376,1300,,,8.28,0.0,0.0,0.0
4500007376,1310,,,57.29,0.0,0.0,0.0
4500007376,1320,,,37.96,0.0,0.0,0.0
4500007376,1330,,,28.3,0.0,0.0,0.0
4500007376,1340,,,4.14,0.0,0.0,0.0
4500007376,1350,,,60.05,0.0,0.0,0.0
4500007376,1360,,,3.22,0.0,0.0,0.0
4500007376,1370,,,93.88,0.0,0.0,0.0
4500007376,1380,,,0.69,0.0,0.0,0.0
4500007376,1390,,,19.33,0.0,0.0,0.0
4500007376,1400,,,25.54,0.0,0.0,0.0
4500007376,1410,,,26.23,0.0,0.0,0.0
4500007376,1420,,,10.35,0.0,0.0,0.0
4500007376,1430,,,13.81,0.0,0.0,0.0
4500007376,1440,,,14.5,0.0,0.0,0.0
4500007376,1450,,,20.02,0.0,0.0,0.0
4500007376,1460,,,20.71,0.0,0.0,0.0
4500007376,1470,,,15.19,0.0,0.0,0.0
4500007376,1480,,,55.91,0.0,0.0,0.0
4500007376,1490,,,18.64,0.0,0.0,0.0
4500007376,1500,,,191.89,0.0,0.0,0.0
4500007376,1510,,,2.76,0.0,0.0,0.0
4500007376,1520,,,26.23,0.0,0.0,0.0
4500007376,1530,,,34.51,0.0,0.0,0.0
4500007376,1540,,,34.51,0.0,0.0,0.0
4500007376,1550,,,12.42,0.0,0.0,0.0
4500007376,1560,,,26.23,0.0,0.0,0.0
4500007376,1570,,,66.27,0.0,0.0,0.0
4500007376,1580,,,4.14,0.0,0.0,0.0
4500007376,1590,,,1.38,0.0,0.0,0.0
4500007376,1600,,,2.76,0.0,0.0,0.0
4500007376,1610,,,1.38,0.0,0.0,0.0
4500007376,1620,,,1.38,0.0,0.0,0.0
4500007376,1630,,,12.42,0.0,0.0,0.0
4500007376,1640,,,2.76,0.0,0.0,0.0
4500007376,1650,,,3.45,0.0,0.0,0.0
4500007376,1660,,,3.45,0.0,0.0,0.0
4500007376,1670,,,1.38,0.0,0.0,0.0
4500007376,1680,,,62.12,0.0,0.0,0.0
4500007376,1690,,,4.14,0.0,0.0,0.0
4500007376,1700,,,1.38,0.0,0.0,0.0
4500007376,1710,,,1.38,0.0,0.0,0.0
4500007376,1720,,,0.69,0.0,0.0,0.0
4500007376,1730,,,2.07,0.0,0.0,0.0
4500007376,1740,,,3.45,0.0,0.0,0.0
4500007376,1750,,,566.02,0.0,0.0,0.0
4500007376,1760,,,0.0,0.0,0.0,0.0
4500007377,10,,,17025.54,73552.05,0.0,0.0
4500007377,20,,,147776.0,678085.45,0.0,0.0
4500007377,30,,,40176.42,176492.81,0.0,0.0
4500007378,10,,,1946.9,1946.9,0.0,0.0
4500007379,10,,,55752.21,63716.81,0.0,0.0
4500007379,20,,,33900.0,38495.58,0.0,0.0
4500007380,10,,,0.0,0.0,0.0,0.0
4500007380,20,,,0.0,0.0,0.0,0.0
4500007380,30,,,7.96,7.96,0.0,0.0
4500007380,40,,,10.18,10.18,0.0,0.0
4500007381,10,,,55221.24,55221.24,0.0,0.0
4500007382,10,,,35398.23,35398.23,0.0,0.0
4500007383,10,5000015635,20230630,3008.85,3008.85,0.0,0.0
4500007384,10,,,0.0,0.0,0.0,0.0
4500007384,20,,,0.0,0.0,0.0,0.0
4500007385,10,,,85292.04,85292.04,0.0,0.0
4500007385,20,,,189044.25,189044.25,0.0,0.0
4500007386,10,,,9289.91,9292.04,0.0,0.0
4500007387,10,,,185840.71,182654.86,0.0,0.0
4500007387,20,,,8628.32,8628.32,0.0,0.0
4500007387,30,,,8628.32,8628.32,0.0,0.0
4500007387,40,,,17256.64,17256.64,0.0,0.0
4500007387,50,,,14070.8,14070.8,0.0,0.0
4500007387,60,,,23893.81,23893.81,0.0,0.0
4500007387,70,,,11946.9,11946.9,0.0,0.0
4500007388,10,,,5684106.19,5684106.19,0.0,0.0
4500007390,10,5000028625,20231006,208.0,208.0,0.0,0.0
4500007391,10,5000020517,20230802,3929.55,3929.55,0.0,0.0
4500007392,10,5000020125,20230731,88985.0,88985.0,0.0,0.0
4500007392,20,5000020125,20230731,6010.0,6010.25,0.0,0.0
4500007393,10,5000018428,20230720,49950.0,49950.0,0.0,0.0
4500007394,10,5000015704,20230703,2700.0,2700.0,0.0,0.0
4500007395,10,5000018248,20230719,192.0,192.0,0.0,0.0
4500007396,10,5000017219,20230713,398.2,398.2,0.0,0.0
4500007397,10,5000020424,20230801,635.25,635.25,0.0,0.0
4500007398,10,5000016254,20230707,663.0,663.0,0.0,0.0
4500007399,10,,,5982.3,5982.3,0.0,0.0
4500007400,10,,,16910.62,16910.62,0.0,0.0
4500007400,20,,,40225.22,40225.22,0.0,0.0
4500007400,30,,,15634.07,15634.07,0.0,0.0
4500007401,10,,,0.0,0.0,0.0,0.0
4500007402,10,,,42.48,42.48,0.0,0.0
4500007402,20,,,46.02,46.02,0.0,0.0
4500007403,10,,,1500.0,0.0,0.0,0.0
4500007404,10,,,1.38,0.0,0.0,0.0
4500007404,20,,,379.12,0.0,0.0,0.0
4500007404,30,,,352.04,0.0,0.0,0.0
4500007404,50,,,51.77,0.0,0.0,0.0
4500007404,60,,,61.43,0.0,0.0,0.0
4500007406,10,5000017215,20230713,255.2,255.2,0.0,0.0
4500007407,10,,,95575.22,95575.22,0.0,0.0
4500007407,20,,,13982.3,13982.32,0.0,0.0
4500007407,30,,,31858.41,31858.41,0.0,0.0
4500007407,40,,,77825.17,77825.17,0.0,0.0
4500007407,50,,,6548.67,6548.67,0.0,0.0
4500007407,60,,,126902.65,126902.65,0.0,0.0
4500007407,70,,,126902.66,126902.66,0.0,0.0
4500007407,80,,,14867.26,14867.26,0.0,0.0
4500007409,10,,,63.36,63.36,0.0,0.0
4500007410,10,,,56256.64,56256.64,0.0,0.0
4500007410,20,,,50309.73,50309.73,0.0,0.0
4500007411,10,5000016266,20230707,90.0,0.0,0.0,0.0
4500007412,10,,,18141.59,18141.59,0.0,0.0
4500007413,10,5000017222,20230713,507.66,507.66,0.0,0.0
4500007414,10,5000017214,20230713,396.02,396.02,0.0,0.0
4500007415,10,,,69.03,69.03,0.0,0.0
4500007416,10,5000017218,20230713,398.2,398.2,0.0,0.0
4500007417,10,5000017221,20230713,79.55,79.55,0.0,0.0
4500007418,10,5000017217,20230713,382.8,382.8,0.0,0.0
4500007419,10,,,115.04,115.04,0.0,0.0
4500007419,20,,,1393.81,1393.81,0.0,0.0
4500007419,30,,,61.95,61.95,0.0,0.0
4500007420,10,,,4203.54,4203.54,0.0,0.0
4500007421,10,,,89203.54,89203.54,0.0,0.0
4500007422,10,,,17313.27,17313.27,0.0,0.0
4500007422,20,,,13755.75,13755.75,0.0,0.0
4500007422,30,,,5535.4,5535.4,0.0,0.0
4500007422,40,,,0.0,0.0,0.0,0.0
4500007423,10,,,15132.74,15132.74,0.0,0.0
4500007424,10,,,205088.5,206113.94,0.0,0.0
4500007424,20,,,220690.27,221793.72,0.0,0.0
4500007425,10,5000015905,20230704,2650.0,2650.0,0.0,0.0
4500007425,20,5000015905,20230704,128.66,128.66,0.0,0.0
4500007426,10,,,1232.12,1232.12,0.0,0.0
4500007426,20,,,577.7,577.7,0.0,0.0
4500007426,30,,,510.0,510.0,0.0,0.0
4500007427,10,,,1380.53,1380.45,0.0,0.0
4500007427,20,,,1380.53,1380.53,0.0,0.0
4500007427,30,,,1380.53,1380.53,0.0,0.0
4500007427,40,,,1690.27,1690.27,0.0,0.0
4500007427,50,,,1690.27,1690.27,0.0,0.0
4500007427,60,,,1690.27,1690.27,0.0,0.0
4500007427,70,,,1690.27,1690.27,0.0,0.0
4500007427,80,,,2424.78,2424.78,0.0,0.0
4500007428,10,,,1380.53,1380.53,0.0,0.0
4500007428,20,,,1380.53,1380.53,0.0,0.0
4500007428,30,,,1380.53,1380.53,0.0,0.0
4500007428,40,,,1380.53,1380.53,0.0,0.0
4500007428,50,,,1380.53,1380.53,0.0,0.0
4500007428,60,,,1380.53,1380.53,0.0,0.0
4500007428,70,,,1380.53,1380.53,0.0,0.0
4500007428,80,,,1380.53,1380.53,0.0,0.0
4500007428,90,,,1380.53,1380.53,0.0,0.0
4500007428,100,,,1380.53,1380.53,0.0,0.0
4500007429,10,,,1247.79,1247.79,0.0,0.0
4500007429,20,,,1247.79,1247.79,0.0,0.0
4500007429,30,,,1380.53,1380.53,0.0,0.0
4500007429,40,,,1380.53,1380.53,0.0,0.0
4500007429,50,,,1380.53,1380.53,0.0,0.0
4500007429,60,,,1690.27,1690.27,0.0,0.0
4500007429,70,,,1690.27,1690.27,0.0,0.0
4500007429,80,,,2424.78,2424.78,0.0,0.0
4500007429,90,,,2424.78,2424.78,0.0,0.0
4500007430,10,,,1247.79,1247.75,0.0,0.0
4500007430,20,,,1247.79,1247.79,0.0,0.0
4500007430,30,,,1380.53,1380.53,0.0,0.0
4500007430,40,,,1380.53,1380.53,0.0,0.0
4500007430,50,,,1380.53,1380.53,0.0,0.0
4500007430,60,,,1380.53,1380.53,0.0,0.0
4500007430,70,,,1380.53,1380.53,0.0,0.0
4500007430,80,,,1690.27,1690.27,0.0,0.0
4500007431,10,,,1247.79,1247.79,0.0,0.0
4500007431,20,,,1380.53,1380.53,0.0,0.0
4500007431,30,,,1380.53,1380.53,0.0,0.0
4500007431,40,,,1380.53,1380.53,0.0,0.0
4500007431,50,,,2424.78,2424.78,0.0,0.0
4500007431,60,,,2424.78,2424.78,0.0,0.0
4500007431,70,,,2424.78,2424.78,0.0,0.0
4500007431,80,,,2424.78,2424.78,0.0,0.0
4500007432,10,5000018510,20230721,150.0,150.0,0.0,0.0
4500007432,20,5000018510,20230721,318.18,318.18,0.0,0.0
4500007432,30,5000018510,20230721,350.0,350.0,0.0,0.0
4500007433,10,5000016215,20230707,938.9,867.2,0.0,0.0
4500007434,10,,,0.0,0.0,0.0,0.0
4500007434,20,,,4115.04,4115.04,0.0,0.0
4500007435,10,,,230.09,230.09,0.0,0.0
4500007435,20,,,185.84,185.84,0.0,0.0
4500007436,10,5000018238,20230719,785.4,785.4,0.0,0.0
4500007436,20,5000018238,20230719,785.4,785.4,0.0,0.0
4500007436,30,5000018238,20230719,785.4,785.4,0.0,0.0
4500007436,40,5000018238,20230719,35.0,35.0,0.0,0.0
4500007437,10,,,489225.66,489225.66,0.0,0.0
4500007437,20,,,489225.66,489225.66,0.0,0.0
4500007438,10,,,973.45,973.45,0.0,0.0
4500007438,20,,,973.45,973.45,0.0,0.0
4500007439,10,,,10024.78,10024.78,0.0,0.0
4500007439,20,,,38938.05,38938.05,0.0,0.0
4500007439,30,,,21238.94,21238.94,0.0,0.0
4500007439,40,,,29203.54,29203.54,0.0,0.0
4500007439,50,,,33982.3,33982.3,0.0,0.0
4500007440,10,,,89203.54,89203.54,0.0,0.0
4500007441,10,,,139787.61,139787.63,0.0,0.0
4500007442,10,5000015803,20230703,587256.64,589770.72,0.0,0.0
4500007442,20,5000015803,20230703,7215.5,8146.13,0.0,0.0
4500007442,30,5000015803,20230703,7215.5,8146.13,0.0,0.0
4500007442,40,5000015803,20230703,7215.5,8146.13,0.0,0.0
4500007442,50,5000015803,20230703,7215.5,8146.13,0.0,0.0
4500007442,60,5000015803,20230703,7215.5,8146.13,0.0,0.0
4500007442,70,5000015803,20230703,7215.5,8146.13,0.0,0.0
4500007442,80,5000015803,20230703,7215.5,8146.13,0.0,0.0
4500007443,10,,,137592.92,137592.91,0.0,0.0
4500007444,10,,,6637.17,6637.17,0.0,0.0
4500007445,10,,,0.0,0.0,0.0,0.0
4500007445,20,,,2884.96,2884.95,0.0,0.0
4500007445,30,,,3097.35,3097.35,0.0,0.0
4500007445,40,,,0.0,0.0,0.0,0.0
4500007445,50,,,0.0,0.0,0.0,0.0
4500007445,60,,,0.0,0.0,0.0,0.0
4500007445,70,,,601.77,601.77,0.0,0.0
4500007445,80,,,407.08,407.08,0.0,0.0
4500007445,90,,,389.38,389.38,0.0,0.0
4500007445,100,,,4247.79,3716.81,0.0,0.0
4500007445,110,,,2389.38,2389.38,0.0,0.0
4500007446,10,,,3484.51,3484.51,0.0,0.0
4500007446,20,,,1393.81,1393.81,0.0,0.0
4500007446,30,,,2389.38,2389.38,0.0,0.0
4500007447,10,,,2756.64,2756.64,0.0,0.0
4500007447,20,,,1672.57,1672.57,0.0,0.0
4500007447,30,,,5957.52,5957.52,0.0,0.0
4500007447,40,,,40353.98,40353.98,0.0,0.0
4500007447,50,,,6371.68,6371.68,0.0,0.0
4500007447,60,,,21217.7,21217.7,0.0,0.0
4500007447,70,,,5044.25,5044.25,0.0,0.0
4500007447,80,,,6902.65,6902.65,0.0,0.0
4500007447,90,,,6371.68,6371.68,0.0,0.0
4500007447,100,,,1284.96,1284.96,0.0,0.0
4500007448,10,5000016251,20230707,880.0,880.0,0.0,0.0
4500007449,10,5000021792,20230811,3900.0,3900.0,0.0,0.0
4500007449,20,5000021792,20230811,183.43,183.43,0.0,0.0
4500007449,30,5000021792,20230811,3900.0,3900.0,0.0,0.0
4500007449,40,5000021792,20230811,183.43,183.43,0.0,0.0
4500007450,10,5000016688,20230711,66.0,66.0,0.0,0.0
4500007450,20,5000016688,20230711,39.8,39.8,0.0,0.0
4500007451,10,,,0.0,0.0,0.0,0.0
4500007451,20,,,0.0,0.0,0.0,0.0
4500007451,30,,,0.0,0.0,0.0,0.0
4500007451,40,,,0.0,0.0,0.0,0.0
4500007451,50,,,0.0,0.0,0.0,0.0
4500007451,60,,,0.0,0.0,0.0,0.0
4500007452,10,,,7000884.96,7089380.55,0.0,0.0
4500007453,10,,,0.0,0.0,0.0,0.0
4500007453,20,,,1486.73,1486.73,0.0,0.0
4500007454,10,,,5246.02,5246.02,0.0,0.0
4500007454,20,,,31569.29,31569.29,0.0,0.0
4500007454,30,,,7579.12,7579.12,0.0,0.0
4500007455,10,,,128318.58,128318.56,0.0,0.0
4500007455,20,,,362831.85,362831.87,0.0,0.0
4500007455,30,,,129557.52,129557.52,0.0,0.0
4500007456,10,,,0.0,0.0,0.0,0.0
4500007457,10,5000016234,20230707,220.5,220.5,0.0,0.0
4500007458,10,5000016233,20230707,330.75,330.75,0.0,0.0
4500007459,10,5000018265,20230719,2750.0,2750.0,0.0,0.0
4500007459,20,5000018265,20230719,129.34,129.34,0.0,0.0
4500007459,30,5000018265,20230719,2750.0,2750.0,0.0,0.0
4500007459,40,5000018265,20230719,129.34,129.34,0.0,0.0
4500007460,10,,,20353.98,20353.98,0.0,0.0
4500007460,20,,,17699.12,17699.12,0.0,0.0
4500007460,30,,,18805.31,18805.31,0.0,0.0
4500007460,40,,,2300.88,2300.88,0.0,0.0
4500007461,10,,,28176.99,28176.99,0.0,0.0
4500007462,10,,,7964.6,7964.6,0.0,0.0
4500007462,20,,,10619.47,10619.47,0.0,0.0
4500007462,30,,,2787.61,2787.61,0.0,0.0
4500007462,40,,,3716.81,3716.81,0.0,0.0
4500007463,10,5000016262,20230707,5.3,0.0,0.0,0.0
4500007463,20,5000016262,20230707,1.05,0.0,0.0,0.0
4500007463,30,5000016262,20230707,70.5,0.0,0.0,0.0
4500007464,10,,,3783.19,3783.19,0.0,0.0
4500007465,10,,,3637827.96,3638188.18,0.0,0.0
4500007466,10,5000016242,20230707,968.0,968.0,0.0,0.0
4500007467,10,5000016243,20230707,968.0,968.0,0.0,0.0
4500007468,10,,,136.99,136.99,0.0,0.0
4500007469,10,5000016241,20230707,968.0,968.0,0.0,0.0
4500007470,10,5000016257,20230707,390.0,390.0,0.0,0.0
4500007471,10,,,0.0,0.0,0.0,0.0
4500007472,10,5000056062,20240522,67591.94,69926.48,0.0,0.0
4500007473,10,5000016253,20230707,90.0,90.0,0.0,0.0
4500007473,20,5000016253,20230707,90.0,90.0,0.0,0.0
4500007475,10,,,403.54,403.71,0.0,0.0
4500007476,10,,,12146535.4,12300075.25,0.0,0.0
4500007477,10,,,8856119.47,8932619.49,0.0,0.0
4500007478,10,,,3500442.48,3544690.27,0.0,0.0
4500007479,10,5000016250,20230707,250.0,250.0,0.0,0.0
4500007479,20,5000016250,20230707,250.0,250.0,0.0,0.0
4500007479,30,5000016250,20230707,170.0,170.0,0.0,0.0
4500007479,40,5000016250,20230707,95.0,95.0,0.0,0.0
4500007479,50,5000016250,20230707,110.0,110.0,0.0,0.0
4500007480,10,,,0.0,0.0,0.0,0.0
4500007482,10,,,1681.42,1681.42,0.0,0.0
4500007483,10,,,2123.89,2035.4,0.0,0.0
4500007483,20,,,663.72,442.48,0.0,0.0
4500007483,40,,,358.41,244.25,0.0,0.0
4500007483,50,,,1398.23,1327.43,0.0,0.0
4500007483,60,,,3504.42,3044.25,0.0,0.0
4500007486,10,,,35415.93,35415.93,0.0,0.0
4500007486,20,,,106972.57,106972.58,0.0,0.0
4500007486,30,,,27238.94,27238.94,0.0,0.0
4500007487,10,,,0.0,0.0,0.0,0.0
4500007487,20,,,0.0,0.0,0.0,0.0
4500007488,10,,,735.22,735.22,0.0,0.0
4500007489,10,,,1079.65,1079.65,0.0,0.0
4500007490,10,,,10256.64,10256.64,0.0,0.0
4500007490,20,,,12389.38,12389.38,0.0,0.0
4500007490,30,,,3716.81,3716.81,0.0,0.0
4500007491,30,,,867.26,867.26,0.0,0.0
4500007491,50,,,353.98,353.98,0.0,0.0
4500007492,10,,,796.46,796.46,0.0,0.0
4500007492,20,,,530.97,530.97,0.0,0.0
4500007492,30,,,1327.43,1327.43,0.0,0.0
4500007492,40,,,530.97,530.97,0.0,0.0
4500007492,50,,,530.97,530.97,0.0,0.0
4500007492,60,,,1061.95,1061.95,0.0,0.0
4500007493,10,,,144900.0,144900.0,0.0,0.0
4500007494,10,,,371.15,371.15,0.0,0.0
4500007494,20,,,3589.38,3589.34,0.0,0.0
4500007494,30,,,515.04,515.04,0.0,0.0
4500007494,40,,,283.19,283.19,0.0,0.0
4500007495,10,,,1327.43,1327.43,0.0,0.0
4500007496,10,,,9734.51,9734.51,0.0,0.0
4500007497,10,5000015974,20230705,23.0,23.0,0.0,0.0
4500007498,10,5000016067,20230630,55151.98,55151.98,0.0,0.0
4500007499,10,5000016587,20230710,1350.0,1350.0,0.0,0.0
4500007499,20,5000016587,20230710,63.5,63.5,0.0,0.0
4500007499,30,5000016587,20230710,1350.0,1350.0,0.0,0.0
4500007499,40,5000016587,20230710,63.5,63.5,0.0,0.0
4500007500,10,,,50.44,50.44,0.0,0.0
4500007501,10,,,9151.33,9151.32,0.0,0.0
4500007501,20,,,4067.26,4067.26,0.0,0.0
4500007501,30,,,9066.37,9066.37,0.0,0.0
4500007501,40,,,51857.52,51857.52,0.0,0.0
4500007501,50,,,52874.34,52874.34,0.0,0.0
4500007501,60,,,166757.52,166757.52,0.0,0.0
4500007501,70,,,22752.21,22752.21,0.0,0.0
4500007502,10,5000017200,20230713,18900.0,18918.0,0.0,0.0
4500007503,10,5000017237,20230713,1277.2,1277.2,0.0,0.0
4500007503,20,5000017237,20230713,375.0,375.0,0.0,0.0
4500007504,10,,,345.13,345.13,0.0,0.0
4500007505,10,,,0.0,0.0,0.0,0.0
4500007506,10,5000016065,20230630,52579.72,52579.72,0.0,0.0
4500007507,10,5000016066,20230630,55818.55,55818.55,0.0,0.0
4500007507,20,5000016066,20230630,56980.61,56980.61,0.0,0.0
4500007507,30,5000016066,20230630,62882.42,62882.42,0.0,0.0
4500007507,40,5000016066,20230630,60709.03,60709.03,0.0,0.0
4500007507,50,5000016066,20230630,58889.44,58889.44,0.0,0.0
4500007507,60,5000016066,20230630,58596.52,58596.52,0.0,0.0
4500007507,70,5000016066,20230630,68934.4,68934.4,0.0,0.0
4500007507,80,5000016066,20230630,62218.07,62218.07,0.0,0.0
4500007508,10,5000016068,20230630,55876.53,55876.53,0.0,0.0
4500007508,20,5000016068,20230630,48810.91,48810.91,0.0,0.0
4500007508,30,5000016068,20230630,59081.61,59081.61,0.0,0.0
4500007508,40,5000016068,20230630,62014.43,62014.43,0.0,0.0
4500007508,50,5000016068,20230630,52837.92,52837.92,0.0,0.0
4500007508,60,5000016068,20230630,59010.46,59010.46,0.0,0.0
4500007508,70,5000016068,20230630,56361.03,56361.03,0.0,0.0
4500007508,80,5000016068,20230630,49968.31,49968.31,0.0,0.0
4500007508,90,5000016068,20230630,48778.36,48778.36,0.0,0.0
4500007509,10,,,745.89,0.0,0.0,0.0
4500007509,20,,,0.0,0.0,0.0,0.0
4500007510,10,5000016038,20230705,464.0,400.0,0.0,0.0
4500007511,10,,,3846.9,3846.9,0.0,0.0
4500007511,20,,,3846.9,3846.9,0.0,0.0
4500007511,30,,,7247.79,7247.79,0.0,0.0
4500007511,40,,,7247.79,7247.79,0.0,0.0
4500007511,50,,,892.04,892.04,0.0,0.0
4500007511,60,,,836.28,836.28,0.0,0.0
4500007511,70,,,836.28,836.28,0.0,0.0
4500007511,80,,,0.0,0.0,0.0,0.0
4500007511,90,,,0.0,0.0,0.0,0.0
4500007511,100,,,3763.27,3763.27,0.0,0.0
4500007511,110,,,7247.79,7247.79,0.0,0.0
4500007511,120,,,3763.27,3763.27,0.0,0.0
4500007511,130,,,0.0,0.0,0.0,0.0
4500007511,140,,,780.53,780.53,0.0,0.0
4500007511,150,,,3484.51,3484.51,0.0,0.0
4500007511,160,,,0.0,0.0,0.0,0.0
4500007511,170,,,0.0,0.0,0.0,0.0
4500007511,180,,,20907.08,20907.08,0.0,0.0
4500007511,190,,,7805.31,7805.31,0.0,0.0
4500007511,200,,,1533.19,1533.19,0.0,0.0
4500007511,210,,,1533.19,1533.19,0.0,0.0
4500007511,220,,,1533.19,1533.19,0.0,0.0
4500007511,230,,,1533.19,1533.19,0.0,0.0
4500007511,240,,,11429.2,11429.2,0.0,0.0
4500007511,250,,,12126.11,12126.11,0.0,0.0
4500007511,260,,,2090.71,2090.71,0.0,0.0
4500007511,270,,,2090.71,2090.71,0.0,0.0
4500007511,280,,,557.52,557.52,0.0,0.0
4500007512,10,5000016586,20230710,1100.0,1100.0,0.0,0.0
4500007512,20,5000016586,20230710,51.74,51.74,0.0,0.0
4500007513,10,5000018515,20230721,2125.0,2125.0,0.0,0.0
4500007513,20,5000018515,20230721,99.95,99.95,0.0,0.0
4500007513,30,5000018515,20230721,2125.0,2125.0,0.0,0.0
4500007513,40,5000018515,20230721,99.95,99.95,0.0,0.0
4500007514,10,5000016245,20230707,1375.0,1375.0,0.0,0.0
4500007515,10,5000018509,20230721,150.0,150.0,0.0,0.0
4500007516,10,5000017864,20230718,2650.0,2650.0,0.0,0.0
4500007516,20,5000017864,20230718,124.64,124.64,0.0,0.0
4500007516,30,5000019396,20230727,2650.0,2650.0,0.0,0.0
4500007516,40,,,0.0,0.0,0.0,0.0
4500007517,10,5000016244,20230707,100.0,100.0,0.0,0.0
4500007517,20,5000016244,20230707,90.0,90.0,0.0,0.0
4500007517,30,5000016244,20230707,90.0,90.0,0.0,0.0
4500007517,40,5000016244,20230707,90.0,90.0,0.0,0.0
4500007518,10,5000019428,20230727,2350.0,2350.0,0.0,0.0
4500007518,20,5000017858,20230718,2350.0,2350.0,0.0,0.0
4500007518,30,5000019428,20230727,221.06,221.06,0.0,0.0
4500007521,10,,,8370.51,8370.51,0.0,0.0
4500007522,10,5000021494,20230809,936.0,936.0,0.0,0.0
4500007523,10,,,3982.3,3982.3,0.0,0.0
4500007523,20,,,6690.27,6690.27,0.0,0.0
4500007523,30,,,7079.65,7079.65,0.0,0.0
4500007523,40,,,2654.87,2654.87,0.0,0.0
4500007523,50,,,2876.11,2876.11,0.0,0.0
4500007523,60,,,16566.37,16566.37,0.0,0.0
4500007523,70,,,6017.7,6017.7,0.0,0.0
4500007523,80,,,4778.76,4778.76,0.0,0.0
4500007524,10,,,144900.0,144900.0,0.0,0.0
4500007525,10,5000019469,20230727,457.5,457.5,0.0,0.0
4500007526,10,,,0.0,0.0,5828.19,-5828.19
4500007527,10,,,28530.97,28673.63,0.0,0.0
4500007527,20,,,18477.88,18570.27,0.0,0.0
4500007528,10,,,5840.71,5840.71,0.0,0.0
4500007528,20,,,5044.25,5044.25,0.0,0.0
4500007528,30,,,530.97,530.97,0.0,0.0
4500007528,40,,,2123.89,2123.89,0.0,0.0
4500007529,10,,,976.99,976.99,0.0,0.0
4500007529,20,,,8849.56,8849.56,0.0,0.0
4500007529,30,,,2654.87,2654.87,0.0,0.0
4500007530,10,,,2787.62,2787.62,0.0,0.0
4500007530,20,,,3539.82,3539.82,0.0,0.0
4500007530,30,,,1693.81,1840.71,0.0,0.0
4500007530,40,,,1840.71,1504.42,0.0,0.0
4500007530,50,,,2831.86,2831.86,0.0,0.0
4500007530,60,,,265.49,265.49,0.0,0.0
4500007531,10,,,4690.27,4690.27,0.0,0.0
4500007531,20,,,221.24,221.24,0.0,0.0
4500007532,10,,,6194.69,6194.69,0.0,0.0
4500007532,20,,,8407.08,8407.08,0.0,0.0
4500007532,30,,,5805.31,5689.2,0.0,0.0
4500007533,10,,,1247.79,1247.79,0.0,0.0
4500007533,20,,,1380.53,1380.53,0.0,0.0
4500007533,30,,,1247.79,1247.79,0.0,0.0
4500007533,40,,,1380.53,1380.53,0.0,0.0
4500007533,50,,,1247.79,1247.79,0.0,0.0
4500007533,60,,,1380.53,1380.53,0.0,0.0
4500007533,70,,,1380.53,1380.53,0.0,0.0
4500007533,80,,,1380.53,1380.53,0.0,0.0
4500007533,90,,,2424.78,2424.78,0.0,0.0
4500007534,10,,,1247.79,1247.79,0.0,0.0
4500007534,20,,,1380.53,1380.53,0.0,0.0
4500007534,30,,,1380.53,1380.53,0.0,0.0
4500007534,40,,,1247.79,1247.79,0.0,0.0
4500007534,50,,,1247.79,1247.79,0.0,0.0
4500007534,60,,,1690.27,1690.27,0.0,0.0
4500007534,70,,,1690.27,1690.27,0.0,0.0
4500007534,80,,,1690.27,1690.27,0.0,0.0
4500007535,10,,,8407.08,8407.08,0.0,0.0
4500007535,20,,,11206.19,11206.19,0.0,0.0
4500007535,30,,,2787.61,2787.61,0.0,0.0
4500007536,10,5000056176,20240523,67591.94,70544.66,0.0,0.0
4500007537,10,,,663.72,663.72,0.0,0.0
4500007537,20,,,4646.02,4646.02,0.0,0.0
4500007537,30,,,13274.34,13274.34,0.0,0.0
4500007538,10,,,261238.93,261238.93,0.0,0.0
4500007538,20,,,67380.53,67380.53,0.0,0.0
4500007538,30,,,56283.19,56433.01,0.0,0.0
4500007538,40,,,13212.39,8455.93,0.0,0.0
4500007538,50,,,14300.88,9295.57,0.0,0.0
4500007538,60,,,15419.47,15419.47,0.0,0.0
4500007539,10,,,15929.2,15929.2,0.0,0.0
4500007540,10,,,402.65,402.65,0.0,0.0
4500007540,20,,,128.32,128.32,0.0,0.0
4500007541,10,,,975.66,975.66,0.0,0.0
4500007541,20,,,975.66,975.66,0.0,0.0
4500007544,10,5000016240,20230707,2380.0,2380.0,0.0,0.0
4500007545,10,5000016239,20230707,3260.0,3260.0,0.0,0.0
4500007546,10,5000018245,20230719,2205.0,2205.0,0.0,0.0
4500007546,20,5000018245,20230719,6.0,6.0,0.0,0.0
4500007547,10,5000018430,20230720,475.0,475.0,0.0,0.0
4500007547,20,5000018430,20230720,170.5,170.5,0.0,0.0
4500007548,10,5000018262,20230719,3618.8,3618.8,0.0,0.0
4500007549,10,5000016097,20230630,52761.03,52761.03,0.0,0.0
4500007549,20,5000016097,20230630,59448.3,59448.3,0.0,0.0
4500007550,10,5000016099,20230630,71968.18,71968.18,0.0,0.0
4500007552,10,,,0.0,0.0,0.0,0.0
4500007552,20,,,0.0,0.0,0.0,0.0
4500007552,30,,,0.0,0.0,0.0,0.0
4500007552,40,,,0.0,0.0,0.0,0.0
4500007553,10,,,0.0,0.0,0.0,0.0
4500007554,10,,,991.15,991.15,0.0,0.0
4500007554,20,,,637.17,637.17,0.0,0.0
4500007554,30,,,123.89,123.89,0.0,0.0
4500007554,40,,,17.7,17.7,0.0,0.0
4500007555,10,,,198.8,0.0,0.0,0.0
4500007555,20,,,33.13,0.0,0.0,0.0
4500007555,30,,,6.21,0.0,0.0,0.0
4500007555,40,,,18.64,0.0,0.0,0.0
4500007555,50,,,62.12,0.0,0.0,0.0
4500007555,60,,,506.19,0.0,0.0,0.0
4500007555,70,,,1.38,0.0,0.0,0.0
4500007555,80,,,1.38,0.0,0.0,0.0
4500007555,90,,,0.0,0.0,0.0,0.0
4500007556,10,,,16441.59,16441.59,0.0,0.0
4500007556,30,,,411823.01,411823.01,0.0,0.0
4500007556,40,,,593028.32,593028.32,0.0,0.0
4500007556,50,,,119801.77,119801.77,0.0,0.0
4500007557,10,,,322123.89,322123.88,0.0,0.0
4500007558,10,,,27498.23,27498.23,0.0,0.0
4500007559,10,,,345132.74,345132.74,0.0,0.0
4500007560,10,,,45840.71,45840.71,0.0,0.0
4500007560,20,,,4070.8,4070.8,0.0,0.0
4500007561,10,,,30353.98,30353.98,0.0,0.0
4500007561,20,,,29557.52,29557.52,0.0,0.0
4500007562,20,,,17522.12,17522.11,0.0,0.0
4500007563,10,,,3185.84,3185.84,0.0,0.0
4500007564,10,,,158654.87,158654.86,0.0,0.0
4500007565,10,,,256548.68,232300.88,0.0,0.0
4500007565,20,,,389203.54,389203.54,0.0,0.0
4500007565,30,,,4389.38,4389.38,0.0,0.0
4500007566,10,,,126991.15,126061.96,0.0,0.0
4500007566,20,,,67433.63,67035.39,0.0,0.0
4500007567,10,,,139787.61,139787.61,0.0,0.0
4500007568,10,,,53097.35,53097.35,0.0,0.0
4500007569,10,5000018237,20230719,1001.64,1001.64,0.0,0.0
4500007569,20,5000019631,20230728,61.79,61.79,0.0,0.0
4500007569,30,5000019631,20230728,50.77,50.77,0.0,0.0
4500007569,40,5000019631,20230728,666.47,666.47,0.0,0.0
4500007569,50,5000019631,20230728,483.94,483.94,0.0,0.0
4500007570,10,,,6570.8,6570.8,0.0,0.0
4500007571,140,5000023206,20230823,50.0,577.1,0.0,0.0
4500007571,150,5000023206,20230823,50.0,577.1,0.0,0.0
4500007571,160,5000023412,20230824,50.0,549.4,0.0,0.0
4500007571,240,5000023264,20230823,150.0,362.85,0.0,0.0
4500007571,250,5000025662,20230908,150.0,362.85,0.0,0.0
4500007571,280,5000023206,20230823,50.0,577.1,0.0,0.0
4500007571,290,5000022212,20230816,255.3,247.2,0.0,0.0
4500007571,300,5000022212,20230816,255.3,247.2,0.0,0.0
4500007571,310,5000022212,20230816,255.3,247.2,0.0,0.0
4500007571,320,5000022212,20230816,255.3,247.2,0.0,0.0
4500007571,330,5000025664,20230908,22.4,284.46,0.0,0.0
4500007571,340,5000025664,20230908,28.5,348.1,0.0,0.0
4500007571,350,5000025664,20230908,26.6,385.1,0.0,0.0
4500007571,360,5000025664,20230908,25.3,313.31,0.0,0.0
4500007571,370,5000023206,20230823,10.0,26.04,0.0,0.0
4500007572,10,,,91494.16,91494.16,0.0,0.0
4500007573,10,5000016238,20230707,150.0,150.0,0.0,0.0
4500007574,10,,,178455.4,178455.4,0.0,0.0
4500007575,10,,,0.0,0.0,0.0,0.0
4500007576,10,,,39956.5,39956.5,0.0,0.0
4500007576,20,,,39956.5,39956.5,0.0,0.0
4500007576,30,,,0.0,0.0,0.0,0.0
4500007576,40,,,7072.96,7072.96,0.0,0.0
4500007577,10,,,22319.89,22319.89,0.0,0.0
4500007577,20,,,24519.61,24519.61,0.0,0.0
4500007578,10,,,1725.66,1725.66,0.0,0.0
4500007578,20,,,1601.77,1601.77,0.0,0.0
4500007579,10,,,12776.55,12776.55,0.0,0.0
4500007579,20,,,553.1,553.1,0.0,0.0
4500007579,30,,,829.65,829.65,0.0,0.0
4500007579,40,,,6637.17,6637.17,0.0,0.0
4500007580,10,,,0.0,0.0,0.0,0.0
4500007581,10,,,27.88,27.88,0.0,0.0
4500007581,20,,,31.86,31.86,0.0,0.0
4500007581,30,,,25.66,25.66,0.0,0.0
4500007582,10,,,438.76,438.76,0.0,0.0
4500007582,20,,,1057.66,1057.66,0.0,0.0
4500007583,10,,,622.3,622.3,0.0,0.0
4500007589,10,5000023017,20230822,10.0,325.68,0.0,0.0
4500007590,10,5000023018,20230822,10.0,327.13,0.0,0.0
4500007591,10,5000023019,20230822,10.0,342.61,0.0,0.0
4500007593,10,5000022163,20230815,2.0,957.4,0.0,0.0
4500007594,10,5000022164,20230815,2.0,957.4,0.0,0.0
4500007596,10,5000023020,20230822,5.0,342.61,0.0,0.0
4500007597,10,5000022162,20230815,2.0,1626.2,0.0,0.0
4500007598,10,5000022165,20230815,2.0,957.4,0.0,0.0
4500007616,10,5000023024,20230822,2.0,2048.4,0.0,0.0
4500007617,10,5000022167,20230815,10.0,11986.0,0.0,0.0
4500007619,10,5000022161,20230815,0.3,637.32,0.0,0.0
4500007621,10,,,610.62,610.62,0.0,0.0
4500007621,20,,,2787.61,2787.61,0.0,0.0
4500007621,30,,,8238.94,8238.94,0.0,0.0
4500007621,40,,,4646.02,4646.02,0.0,0.0
4500007621,50,,,1194.69,1194.69,0.0,0.0
4500007621,60,,,2123.89,2123.89,0.0,0.0
4500007621,70,,,3504.42,3504.42,0.0,0.0
4500007621,80,,,21.24,21.24,0.0,0.0
4500007622,10,,,1747.79,1747.79,0.0,0.0
4500007622,20,,,1778.58,1778.58,0.0,0.0
4500007622,30,,,0.0,0.0,0.0,0.0
4500007623,10,5000016588,20230710,1350.0,1350.0,0.0,0.0
4500007623,20,5000016588,20230710,1350.0,1350.0,0.0,0.0
4500007623,30,5000016588,20230710,127.0,127.0,0.0,0.0
4500007624,10,5000017821,20230718,4470.0,4470.0,0.0,0.0
4500007624,20,5000019278,20230726,4470.0,4470.0,0.0,0.0
4500007624,30,5000019278,20230726,420.48,420.48,0.0,0.0
4500007625,10,,,15637.17,15637.17,0.0,0.0
4500007626,10,,,14246.68,14246.68,0.0,0.0
4500007626,20,,,9497.79,9497.79,0.0,0.0
4500007626,30,,,33242.26,33242.26,0.0,0.0
4500007626,40,,,66484.51,66484.51,0.0,0.0
4500007627,10,5000016237,20230707,90.0,90.0,0.0,0.0
4500007627,20,5000016237,20230707,90.0,90.0,0.0,0.0
4500007628,20,,,0.0,0.0,0.0,0.0
4500007629,10,5000016235,20230707,4158.77,4158.77,0.0,0.0
4500007630,10,,,716.81,716.81,0.0,0.0
4500007631,10,,,4247.79,4159.29,0.0,0.0
4500007631,30,,,19752.22,16283.19,0.0,0.0
4500007631,40,,,10929.2,10929.2,0.0,0.0
4500007631,50,,,2190.27,1990.8,0.0,0.0
4500007631,60,,,6730.09,6730.09,0.0,0.0
4500007631,70,,,3911.5,3911.5,0.0,0.0
4500007631,80,,,12610.62,12610.62,0.0,0.0
4500007631,90,,,1385.84,1385.84,0.0,0.0
4500007631,100,,,1194.69,910.15,0.0,0.0
4500007631,110,,,2190.27,2190.27,0.0,0.0
4500007631,120,,,1858.41,1858.41,0.0,0.0
4500007631,130,,,683.36,649.19,0.0,0.0
4500007631,140,,,1314.16,1314.16,0.0,0.0
4500007631,150,,,5304.42,5304.42,0.0,0.0
4500007631,160,,,1194.69,1185.5,0.0,0.0
4500007631,170,,,2876.11,2833.03,0.0,0.0
4500007631,180,,,517.7,424.51,0.0,0.0
4500007631,190,,,547.96,547.96,0.0,0.0
4500007631,200,,,4380.53,4380.53,0.0,0.0
4500007631,210,,,1061.95,1044.0,0.0,0.0
4500007631,220,,,1253.98,1240.37,0.0,0.0
4500007631,230,,,5415.93,5313.67,0.0,0.0
4500007631,240,,,6804.42,6804.42,0.0,0.0
4500007631,250,,,849.56,835.75,0.0,0.0
4500007631,260,,,902.65,902.66,0.0,0.0
4500007631,270,,,6669.02,6585.91,0.0,0.0
4500007631,280,,,6382.65,6212.39,0.0,0.0
4500007631,290,,,45929.2,45929.2,0.0,0.0
4500007631,300,,,14796.46,14796.46,0.0,0.0
4500007631,310,,,5522.12,5522.12,0.0,0.0
4500007631,330,,,4424.78,4424.78,0.0,0.0
4500007631,340,,,2654.87,2208.78,0.0,0.0
4500007631,350,,,991.15,991.15,0.0,0.0
4500007631,360,,,637.17,468.0,0.0,0.0
4500007631,370,,,563.72,546.0,0.0,0.0
4500007632,40,,,14336.28,14336.28,0.0,0.0
4500007632,70,,,1128.32,1128.32,0.0,0.0
4500007632,100,,,84092.92,82651.34,0.0,0.0
4500007632,110,,,3451.33,3451.33,0.0,0.0
4500007632,150,,,4513.27,4513.27,0.0,0.0
4500007633,10,,,1316.81,1316.81,0.0,0.0
4500007633,20,,,16138.41,16138.41,0.0,0.0
4500007633,30,,,15411.51,15411.5,0.0,0.0
4500007633,40,,,4237.17,4237.17,0.0,0.0
4500007633,50,,,977.35,977.35,0.0,0.0
4500007633,60,,,8605.31,8605.31,0.0,0.0
4500007633,70,,,3475.22,3475.22,0.0,0.0
4500007633,80,,,2312.39,2312.39,0.0,0.0
4500007633,90,,,3581.42,3581.42,0.0,0.0
4500007633,100,,,4922.57,4922.57,0.0,0.0
4500007633,110,,,292.04,292.04,0.0,0.0
4500007634,10,,,18407.08,18407.08,0.0,0.0
4500007634,20,,,56353.98,56353.98,0.0,0.0
4500007634,30,,,42690.27,42690.27,0.0,0.0
4500007634,40,,,35575.22,35575.22,0.0,0.0
4500007634,50,,,5283.19,5283.19,0.0,0.0
4500007635,10,,,2477.88,2477.88,0.0,0.0
4500007635,20,,,2477.88,2477.88,0.0,0.0
4500007635,30,,,0.0,0.0,0.0,0.0
4500007635,40,,,2477.88,2477.88,0.0,0.0
4500007635,50,,,2477.88,2477.88,0.0,0.0
4500007635,60,,,10221.24,10221.24,0.0,0.0
4500007635,70,,,15044.25,15044.25,0.0,0.0
4500007636,50,,,227509.73,227509.73,0.0,0.0
4500007637,10,,,24070.8,24070.8,0.0,0.0
4500007637,20,,,99557.52,99557.52,0.0,0.0
4500007637,30,,,1703.54,1703.55,0.0,0.0
4500007638,10,,,10323.45,10323.45,0.0,0.0
4500007638,20,,,380658.4,380658.4,0.0,0.0
4500007639,10,,,87610.62,87610.62,0.0,0.0
4500007639,20,,,59469.03,59469.03,0.0,0.0
4500007639,30,,,18584.07,18584.07,0.0,0.0
4500007640,10,,,67256.64,66814.16,0.0,0.0
4500007640,20,,,637.17,637.17,0.0,0.0
4500007640,30,,,1991.15,1977.88,0.0,0.0
4500007641,10,,,929.2,929.2,0.0,0.0
4500007641,20,,,14292.04,14292.04,0.0,0.0
4500007642,10,,,13168.14,13168.14,0.0,0.0
4500007642,20,,,619.47,619.47,0.0,0.0
4500007642,40,,,4778.76,4778.76,0.0,0.0
4500007642,50,,,5442.48,5442.48,0.0,0.0
4500007642,60,,,36283.19,36283.19,0.0,0.0
4500007642,70,,,33578.76,33578.76,0.0,0.0
4500007642,80,,,18318.58,18318.58,0.0,0.0
4500007643,10,,,230.09,230.09,0.0,0.0
4500007644,10,,,14601.77,14601.77,0.0,0.0
4500007645,10,,,59097.35,59097.35,0.0,0.0
4500007646,10,,,6060.18,6060.18,0.0,0.0
4500007648,10,,,20318.58,20318.58,0.0,0.0
4500007649,10,,,5946.9,5946.9,0.0,0.0
4500007650,10,,,7964.6,7964.6,0.0,0.0
4500007650,20,,,1592.92,1592.92,0.0,0.0
4500007650,30,,,5371.68,5371.68,0.0,0.0
4500007650,60,,,5486.73,5486.73,0.0,0.0
4500007650,70,,,10619.47,10619.47,0.0,0.0
4500007650,80,,,57345.13,57345.14,0.0,0.0
4500007650,90,,,63787.61,63787.61,0.0,0.0
4500007650,100,,,39292.04,39292.04,0.0,0.0
4500007651,10,,,24469.03,23620.76,0.0,0.0
4500007651,20,,,24469.03,23620.76,0.0,0.0
4500007652,10,,,16725.66,16725.66,0.0,0.0
4500007653,10,,,30810.19,30810.19,0.0,0.0
4500007653,20,,,6917.89,6917.89,0.0,0.0
4500007653,30,,,13539.82,13539.82,0.0,0.0
4500007653,40,,,14265.49,14265.49,0.0,0.0
4500007653,50,,,86283.19,86283.19,0.0,0.0
4500007653,60,,,47159.29,47159.29,0.0,0.0
4500007653,70,,,2739.16,2739.16,0.0,0.0
4500007653,80,,,10366.55,10366.55,0.0,0.0
4500007653,90,,,20543.58,20543.58,0.0,0.0
4500007653,100,,,52212.57,52212.57,0.0,0.0
4500007653,110,,,37294.69,37294.69,0.0,0.0
4500007653,120,,,63506.17,63506.17,0.0,0.0
4500007653,130,,,73324.78,73324.78,0.0,0.0
4500007653,140,,,42140.71,42140.71,0.0,0.0
4500007654,10,,,141338.05,141338.03,0.0,0.0
4500007654,20,,,50477.88,50477.88,0.0,0.0
4500007654,30,,,25646.02,25646.02,0.0,0.0
4500007655,10,,,43256.64,43256.64,0.0,0.0
4500007655,20,,,68269.91,68269.91,0.0,0.0
4500007656,10,,,10088.5,10088.5,0.0,0.0
4500007656,20,,,836.28,836.28,0.0,0.0
4500007657,10,,,1115.04,1115.04,0.0,0.0
4500007657,20,,,4564.96,4344.15,0.0,0.0
4500007657,30,,,15801.77,15037.17,0.0,0.0
4500007657,40,,,1592.92,1592.92,0.0,0.0
4500007658,10,,,142725.66,142725.66,0.0,0.0
4500007658,20,,,53044.25,53044.25,0.0,0.0
4500007658,30,,,72947.79,72947.79,0.0,0.0
4500007658,40,,,64053.1,64053.11,0.0,0.0
4500007658,50,,,103730.97,103730.97,0.0,0.0
4500007659,10,,,59051.33,59051.33,0.0,0.0
4500007659,20,,,114944.51,114944.51,0.0,0.0
4500007660,10,,,8840.71,8840.71,0.0,0.0
4500007661,10,5000016207,20230706,0.0,9832.74,0.0,0.0
4500007661,20,5000016207,20230706,0.0,11799.12,0.0,0.0
4500007661,30,5000016207,20230706,0.0,13766.37,0.0,0.0
4500007662,10,,,144900.0,144900.0,0.0,0.0
4500007663,10,,,3051.33,3051.33,0.0,0.0
4500007663,20,,,4699.12,4699.12,0.0,0.0
4500007663,30,,,4699.12,4699.12,0.0,0.0
4500007663,40,,,6371.68,6371.68,0.0,0.0
4500007663,50,,,4141.59,4141.59,0.0,0.0
4500007663,60,,,3472.57,3472.57,0.0,0.0
4500007663,70,,,2771.68,2771.68,0.0,0.0
4500007663,80,,,1306.19,1306.19,0.0,0.0
4500007664,10,,,7544.25,7544.25,0.0,0.0
4500007664,20,,,7544.25,7544.25,0.0,0.0
4500007664,30,,,12902.65,12902.66,0.0,0.0
4500007664,40,,,9053.1,9053.1,0.0,0.0
4500007664,50,,,8230.09,8230.09,0.0,0.0
4500007664,60,,,6584.07,6584.07,0.0,0.0
4500007664,70,,,9876.11,9876.11,0.0,0.0
4500007664,80,,,8230.09,8230.09,0.0,0.0
4500007664,90,,,3182.3,3182.3,0.0,0.0
4500007665,10,,,7773.46,7773.46,0.0,0.0
4500007665,20,,,2131.26,2131.26,0.0,0.0
4500007665,30,,,4256.92,4256.62,0.0,0.0
4500007665,40,,,0.0,0.0,0.0,0.0
4500007665,50,,,5329.27,5329.27,0.0,0.0
4500007666,10,5000020851,20230804,443.6,443.65,0.0,0.0
4500007666,20,5000016259,20230707,65.0,66.55,0.0,0.0
4500007666,30,5000016259,20230707,16.0,16.0,0.0,0.0
4500007667,10,5000016705,20230711,936.0,936.0,0.0,0.0
4500007667,20,5000016705,20230711,45.0,45.0,0.0,0.0
4500007668,10,5000016452,20230710,1800.0,1800.0,0.0,0.0
4500007668,20,5000016452,20230710,3500.0,3500.0,0.0,0.0
4500007669,10,5000016451,20230710,6300.0,6300.0,0.0,0.0
4500007669,20,5000016451,20230710,350.0,350.0,0.0,0.0
4500007669,30,5000016451,20230710,360.0,360.0,0.0,0.0
4500007670,10,5000016450,20230710,250.0,250.0,0.0,0.0
4500007670,20,5000016450,20230710,290.0,290.0,0.0,0.0
4500007670,30,5000016450,20230710,300.0,300.0,0.0,0.0
4500007670,40,5000016450,20230710,1140.0,1140.0,0.0,0.0
4500007671,10,5000016449,20230710,3200.0,3200.0,0.0,0.0
4500007671,20,5000016449,20230710,114.0,114.0,0.0,0.0
4500007671,30,5000016449,20230710,500.0,500.0,0.0,0.0
4500007671,40,5000016449,20230710,140.0,140.0,0.0,0.0
4500007671,50,5000016449,20230710,135.0,135.0,0.0,0.0
4500007672,10,5000017203,20230713,182.0,182.0,0.0,0.0
4500007673,10,5000017202,20230713,182.0,182.0,0.0,0.0
4500007674,10,5000016704,20230711,2400.0,2400.0,0.0,0.0
4500007674,20,5000016704,20230711,60.0,60.0,0.0,0.0
4500007675,10,,,5663.72,5663.71,0.0,0.0
4500007675,20,,,3185.84,3185.83,0.0,0.0
4500007676,10,,,5309.73,5309.73,0.0,0.0
4500007678,10,,,184353.98,184353.98,0.0,0.0
4500007679,10,,,1017699.12,1017699.12,0.0,0.0
4500007680,10,5000016703,20230711,15950.0,15950.0,0.0,0.0
4500007681,10,,,238.94,238.94,0.0,0.0
4500007682,10,5000016303,20230707,9349.14,9349.14,0.0,0.0
4500007682,20,5000016303,20230707,6888.84,6888.84,0.0,0.0
4500007684,10,,,6371.68,6371.68,0.0,0.0
4500007685,10,,,12065.27,12065.27,0.0,0.0
4500007686,20,5000025200,20230905,50.0,67.19,0.0,0.0
4500007687,10,5000016706,20230711,66.35,66.35,0.0,0.0
4500007687,20,5000016706,20230711,66.35,66.35,0.0,0.0
4500007687,30,5000016706,20230711,48.17,48.17,0.0,0.0
4500007687,40,5000016706,20230711,48.17,48.17,0.0,0.0
4500007687,50,5000016706,20230711,27.26,27.26,0.0,0.0
4500007687,60,5000016706,20230711,27.26,27.26,0.0,0.0
4500007688,10,,,137592.92,137592.91,0.0,0.0
4500007689,10,,,0.0,0.0,0.0,0.0
4500007690,10,5000016326,20230707,1152.3,1152.41,0.0,0.0
4500007691,10,,,2819.47,2819.47,0.0,0.0
4500007691,20,,,1026.55,1026.55,0.0,0.0
4500007691,30,,,460.18,460.18,0.0,0.0
4500007691,40,,,5752.21,5752.21,0.0,0.0
4500007691,50,,,442.48,442.48,0.0,0.0
4500007691,60,,,2676.99,2676.99,0.0,0.0
4500007691,70,,,424.78,424.78,0.0,0.0
4500007691,80,,,716.81,716.81,0.0,0.0
4500007691,90,,,1115.04,1115.04,0.0,0.0
4500007692,10,5000016707,20230711,50.0,50.0,0.0,0.0
4500007693,10,,,400.0,400.0,0.0,0.0
4500007693,20,,,420.0,420.0,0.0,0.0
4500007695,10,5000017208,20230713,309.6,297.22,0.0,0.0
4500007695,20,5000017208,20230713,832.8,799.49,0.0,0.0
4500007695,30,5000017208,20230713,151.6,145.54,0.0,0.0
4500007695,40,5000017208,20230713,582.0,558.72,0.0,0.0
4500007695,50,5000017208,20230713,462.0,443.52,0.0,0.0
4500007695,60,5000017208,20230713,621.0,596.16,0.0,0.0
4500007695,70,5000017208,20230713,360.0,336.0,0.0,0.0
4500007695,80,5000017208,20230713,2024.8,1943.81,0.0,0.0
4500007695,90,5000017208,20230713,582.8,559.49,0.0,0.0
4500007695,100,5000017208,20230713,1732.8,1663.49,0.0,0.0
4500007695,110,5000017208,20230713,327.2,314.11,0.0,0.0
4500007695,120,5000017208,20230713,131.2,125.95,0.0,0.0
4500007695,130,5000017208,20230713,352.0,337.92,0.0,0.0
4500007695,140,5000017208,20230713,279.5,268.32,0.0,0.0
4500007695,150,5000017208,20230713,282.0,270.72,0.0,0.0
4500007695,160,5000017208,20230713,1781.6,1710.34,0.0,0.0
4500007695,170,5000017208,20230713,809.48,777.11,0.0,0.0
4500007695,180,5000017208,20230713,59.4,57.05,0.0,0.0
4500007695,190,5000017208,20230713,65.6,62.98,0.0,0.0
4500007696,10,5000017209,20230713,195.2,187.2,0.0,0.0
4500007696,20,5000017209,20230713,132.0,126.87,0.0,0.0
4500007696,30,5000017209,20230713,174.0,167.04,0.0,0.0
4500007696,40,5000017209,20230713,140.8,135.17,0.0,0.0
4500007696,50,5000017209,20230713,158.8,152.41,0.0,0.0
4500007696,60,5000017209,20230713,15.5,14.96,0.0,0.0
4500007696,70,5000017209,20230713,600.8,576.92,0.0,0.0
4500007696,80,5000017209,20230713,92.0,88.76,0.0,0.0
4500007696,90,5000017209,20230713,332.0,319.2,0.0,0.0
4500007696,100,5000017209,20230713,402.0,383.04,0.0,0.0
4500007696,110,5000017209,20230713,398.96,383.02,0.0,0.0
4500007696,120,5000017209,20230713,166.24,159.59,0.0,0.0
4500007696,130,5000017209,20230713,18.0,17.28,0.0,0.0
4500007696,140,5000017209,20230713,348.0,334.08,0.0,0.0
4500007697,10,5000017207,20230713,75.0,75.0,0.0,0.0
4500007697,20,5000017207,20230713,73.0,72.73,0.0,0.0
4500007697,30,5000017207,20230713,425.0,425.0,0.0,0.0
4500007698,10,5000017206,20230713,62.0,62.34,0.0,0.0
4500007699,10,5000017256,20230701,4196.8,4196.74,0.0,0.0
4500007699,20,5000017256,20230701,2175.6,2175.51,0.0,0.0
4500007699,30,5000017256,20230701,5487.6,5487.6,0.0,0.0
4500007699,40,5000017256,20230701,8555.6,8555.6,0.0,0.0
4500007699,50,5000017256,20230701,6271.6,6271.6,0.0,0.0
4500007699,60,5000017256,20230701,3374.4,3374.56,0.0,0.0
4500007699,70,5000017256,20230701,4732.8,4732.73,0.0,0.0
4500007699,80,5000017256,20230701,47.66,47.66,0.0,0.0
4500007699,90,5000017256,20230701,47.66,47.67,0.0,0.0
4500007699,100,5000017256,20230701,47.66,47.67,0.0,0.0
4500007699,110,5000017256,20230701,47.66,47.67,0.0,0.0
4500007699,120,5000017256,20230701,47.66,47.66,0.0,0.0
4500007699,130,5000017256,20230701,47.66,47.66,0.0,0.0
4500007699,140,5000017256,20230701,47.66,47.66,0.0,0.0
4500007700,10,5000017205,20230713,260.0,259.75,0.0,0.0
4500007701,10,5000017204,20230713,578.2,578.2,0.0,0.0
4500007703,10,,,0.0,0.0,0.0,0.0
4500007703,20,,,0.0,0.0,0.0,0.0
4500007704,10,5000016386,20230707,256025.0,717.5,0.0,0.0
4500007704,20,5000016386,20230707,11755.2,11755.2,0.0,0.0
4500007704,30,5000016386,20230707,1092.0,1092.0,0.0,0.0
4500007704,40,5000016386,20230707,47.14,47.14,0.0,0.0
4500007704,50,5000016386,20230707,30.0,30.0,0.0,0.0
4500007704,60,5000016386,20230707,12.0,12.0,0.0,0.0
4500007704,70,5000016386,20230707,8.0,114.4,0.0,0.0
4500007704,80,5000016386,20230707,8.0,114.4,0.0,0.0
4500007704,90,5000016386,20230707,8.0,114.4,0.0,0.0
4500007705,10,5000016702,20230711,16269.0,16269.0,0.0,0.0
4500007705,20,5000016702,20230711,45.55,45.55,0.0,0.0
4500007706,10,5000016701,20230711,310.5,310.5,0.0,0.0
4500007706,20,5000016701,20230711,182.0,181.73,0.0,0.0
4500007706,30,5000016701,20230711,550.7,550.67,0.0,0.0
4500007706,40,5000016701,20230711,670.0,665.0,0.0,0.0
4500007706,50,5000016701,20230711,106.9,106.57,0.0,0.0
4500007706,60,5000016701,20230711,25.44,25.44,0.0,0.0
4500007706,70,5000016701,20230711,496.0,495.0,0.0,0.0
4500007706,80,5000016701,20230711,150.0,150.0,0.0,0.0
4500007706,90,5000016701,20230711,496.0,496.0,0.0,0.0
4500007706,100,5000016701,20230711,195.4,195.4,0.0,0.0
4500007706,110,5000016701,20230711,400.0,400.0,0.0,0.0
4500007706,120,5000016701,20230711,35.24,35.24,0.0,0.0
4500007706,130,5000016701,20230711,502.5,502.5,0.0,0.0
4500007706,140,,,0.0,0.0,0.0,0.0
4500007707,10,5000016699,20230711,670.0,665.0,0.0,0.0
4500007708,10,,,0.0,0.0,0.0,0.0
4500007708,20,,,0.0,0.0,0.0,0.0
4500007708,30,,,0.0,0.0,0.0,0.0
4500007708,40,,,0.0,0.0,0.0,0.0
4500007708,50,,,0.0,0.0,0.0,0.0
4500007708,60,,,0.0,0.0,0.0,0.0
4500007708,70,,,0.0,0.0,0.0,0.0
4500007708,80,,,0.0,0.0,0.0,0.0
4500007708,90,,,0.0,0.0,0.0,0.0
4500007708,100,,,0.0,0.0,0.0,0.0
4500007709,10,5000016385,20230707,22142.4,22142.4,0.0,0.0
4500007709,20,5000016385,20230707,18452.0,18452.0,0.0,0.0
4500007710,10,5000016383,20230707,958.1,958.1,0.0,0.0
4500007711,10,5000019271,20230726,650.0,650.0,0.0,0.0
4500007711,20,5000019271,20230726,250.0,250.0,0.0,0.0
4500007711,30,5000019271,20230726,200.0,200.0,0.0,0.0
4500007712,10,,,56397.35,56397.35,0.0,0.0
4500007713,10,,,50752.21,50752.21,0.0,0.0
